priority_rank,asset_id,department,asset_type,risk_probability,risk_score,rule_based_score,ai_priority_score,priority_category
1,ML-00182,ENGINEERING,Point & Crossing,0.8975724819863394,89.75724819863395,84.9275,87.83,CRITICAL
2,ML-01471,ENGINEERING,Bridge,0.919560430641715,91.9560430641715,78.7495,86.67,CRITICAL
3,ML-02607,TRD,OHE,0.8384882049210125,83.84882049210125,89.7095,86.19,CRITICAL
4,ML-03312,S&T,Point Machine,0.9110131846448428,91.10131846448428,77.582,85.69,CRITICAL
5,ML-01584,ENGINEERING,Point & Crossing,0.884005512767008,88.4005512767008,81.2055,85.52,CRITICAL
6,ML-01339,TRD,Section Insulator,0.9357509419118695,93.57509419118695,73.1465,85.4,CRITICAL
7,ML-04212,ENGINEERING,Bridge,0.8909894670660436,89.09894670660437,78.259,84.76,HIGH
8,ML-00564,S&T,Point Machine,0.8776667334925418,87.76667334925418,79.602,84.5,HIGH
9,ML-00621,TRD,Transformer,0.9510064735810908,95.10064735810909,68.3905,84.42,HIGH
10,ML-00088,S&T,Point Machine,0.8354206931660301,83.542069316603,84.7865,84.04,HIGH
11,ML-00468,ENGINEERING,Point & Crossing,0.8816233655109526,88.16233655109525,77.23349999999999,83.79,HIGH
12,ML-01400,S&T,Axle Counter,0.8626895863112864,86.26895863112864,79.009,83.36,HIGH
13,ML-04794,S&T,Point Machine,0.8400277898357251,84.00277898357251,80.832,82.73,HIGH
14,ML-01781,ENGINEERING,Point & Crossing,0.853449398780302,85.3449398780302,78.1585,82.47,HIGH
15,ML-04258,S&T,Axle Counter,0.8429927942513351,84.2992794251335,79.4785,82.37,HIGH
16,ML-04782,ENGINEERING,Bridge,0.8304098957848707,83.04098957848707,80.533,82.04,HIGH
17,ML-00881,TRD,OHE,0.821956902072619,82.19569020726189,80.941,81.69,HIGH
18,ML-02986,S&T,Signal,0.9031201558162794,90.31201558162793,68.0325,81.4,HIGH
19,ML-02696,TRD,OHE,0.8363802851753331,83.63802851753331,77.4255,81.15,HIGH
20,ML-02795,ENGINEERING,Bridge,0.8287509615206097,82.87509615206096,78.32350000000001,81.05,HIGH
21,ML-00112,ENGINEERING,Point & Crossing,0.9075354451510378,90.75354451510378,66.003,80.85,HIGH
22,ML-02441,ENGINEERING,Point & Crossing,0.8743805927925472,87.43805927925472,70.631,80.72,HIGH
23,ML-00995,ENGINEERING,Point & Crossing,0.8238997103921203,82.38997103921203,78.107,80.68,HIGH
24,ML-02121,S&T,Axle Counter,0.851584987107994,85.1584987107994,73.782,80.61,HIGH
25,ML-03329,ENGINEERING,Bridge,0.8660034979318332,86.60034979318331,71.5895,80.6,HIGH
26,ML-03198,S&T,Point Machine,0.8184267856254991,81.8426785625499,78.064,80.33,HIGH
27,ML-00730,ENGINEERING,Bridge,0.8613290084995306,86.13290084995306,71.54599999999999,80.3,HIGH
28,ML-02179,S&T,Signal,0.8349871268920042,83.49871268920042,75.3235,80.23,HIGH
29,ML-03365,TRD,Section Insulator,0.8917990733940685,89.17990733940685,66.724,80.2,HIGH
30,ML-00899,S&T,Axle Counter,0.8413775795750444,84.13775795750445,74.182,80.16,HIGH
31,ML-04948,ENGINEERING,Bridge,0.8632496525223914,86.32496525223914,70.852,80.14,HIGH
32,ML-00012,TRD,OHE,0.7674221431834205,76.74221431834205,84.889,80.0,HIGH
33,ML-00714,TRD,Transformer,0.8097909036910202,80.97909036910202,78.416,79.95,HIGH
34,ML-04489,TRD,Section Insulator,0.8159971304928811,81.59971304928811,76.84,79.7,HIGH
35,ML-00708,ENGINEERING,Point & Crossing,0.9035943055403933,90.35943055403933,63.4245,79.59,HIGH
36,ML-01362,TRD,OHE,0.8421192195229529,84.21192195229528,72.4505,79.51,HIGH
37,ML-03609,S&T,Point Machine,0.8236036487095748,82.36036487095748,74.75216666666667,79.32,HIGH
38,ML-03087,TRD,OHE,0.8039304552735408,80.39304552735408,77.3825,79.19,HIGH
39,ML-02589,TRD,Section Insulator,0.8022712278428124,80.22712278428124,76.9575,78.92,HIGH
40,ML-02703,TRD,OHE,0.8081193061776569,80.8119306177657,75.524,78.7,HIGH
41,ML-02262,S&T,Axle Counter,0.8106824691904713,81.06824691904713,75.13966666666667,78.7,HIGH
42,ML-02509,ENGINEERING,Track,0.8248400621822453,82.48400621822452,72.75450000000001,78.59,HIGH
43,ML-01342,TRD,Section Insulator,0.8480538949850236,84.80538949850236,68.84649999999999,78.42,HIGH
44,ML-00379,S&T,Point Machine,0.8168513621896332,81.68513621896332,73.451,78.39,HIGH
45,ML-00634,ENGINEERING,Track,0.7817248726011268,78.17248726011267,78.62049999999999,78.35,HIGH
46,ML-00860,TRD,OHE,0.8757411356358807,87.57411356358807,64.055,78.17,HIGH
47,ML-04582,ENGINEERING,Bridge,0.8756487008209226,87.56487008209226,64.05600000000001,78.16,HIGH
48,ML-02710,ENGINEERING,Track,0.8488154065645572,84.88154065645573,67.99166666666666,78.13,HIGH
49,ML-01578,TRD,OHE,0.8766843822642574,87.66843822642574,63.176,77.87,HIGH
50,ML-04523,ENGINEERING,Point & Crossing,0.8138290353654658,81.38290353654658,72.3325,77.76,HIGH
51,ML-00807,S&T,Signal,0.7832152634019408,78.32152634019408,76.6305,77.65,HIGH
52,ML-01514,S&T,Point Machine,0.7967875370552966,79.67875370552966,74.40933333333334,77.57,HIGH
53,ML-03460,TRD,Section Insulator,0.815212033104042,81.5212033104042,71.6225,77.56,HIGH
54,ML-04689,S&T,Signal,0.8287391920965053,82.87391920965052,69.57249999999999,77.55,HIGH
55,ML-00293,TRD,Section Insulator,0.817828741023892,81.7828741023892,70.9065,77.43,HIGH
56,ML-03553,TRD,Section Insulator,0.838056793942449,83.8056793942449,67.74950000000001,77.38,HIGH
57,ML-04391,ENGINEERING,Bridge,0.8505883847765584,85.05883847765584,65.8,77.36,HIGH
58,ML-03550,ENGINEERING,Track,0.8166088078716379,81.66088078716379,70.7515,77.3,HIGH
59,ML-01986,S&T,Point Machine,0.8399364229680498,83.99364229680498,66.912,77.16,HIGH
60,ML-02738,S&T,Signal,0.7732048989054239,77.32048989054239,76.906,77.15,HIGH
61,ML-01078,TRD,OHE,0.8507796741431847,85.07796741431846,64.988,77.04,HIGH
62,ML-01268,TRD,OHE,0.8354035227449427,83.54035227449427,67.1515,76.98,HIGH
63,ML-02126,ENGINEERING,Point & Crossing,0.7897069166685311,78.97069166685311,73.929,76.95,HIGH
64,ML-00781,TRD,Section Insulator,0.792383028832573,79.2383028832573,73.5,76.94,HIGH
65,ML-00711,S&T,Signal,0.7851085899210873,78.51085899210874,74.38499999999999,76.86,HIGH
66,ML-02780,TRD,Section Insulator,0.786666062240943,78.66660622409431,74.02449999999999,76.81,HIGH
67,ML-00024,ENGINEERING,Bridge,0.855249347419673,85.5249347419673,62.536,76.33,HIGH
68,ML-01648,TRD,Section Insulator,0.847876697595037,84.7876697595037,63.119499999999995,76.12,HIGH
69,ML-04696,ENGINEERING,Track,0.8122193205510652,81.22193205510652,68.41149999999999,76.1,HIGH
70,ML-00314,S&T,Axle Counter,0.8664907054621587,86.64907054621587,60.18183333333334,76.06,HIGH
71,ML-01109,TRD,Section Insulator,0.7632029742958687,76.32029742958687,75.575,76.02,HIGH
72,ML-04386,ENGINEERING,Track,0.838257264890204,83.8257264890204,64.247,75.99,HIGH
73,ML-02324,S&T,Point Machine,0.8424818489983521,84.24818489983521,63.538000000000004,75.96,HIGH
74,ML-00953,ENGINEERING,Point & Crossing,0.6907004603366602,69.07004603366602,86.225,75.93,HIGH
75,ML-03061,S&T,Axle Counter,0.8476311070689042,84.76311070689042,62.1605,75.72,HIGH
76,ML-03590,ENGINEERING,Track,0.8298167167357203,82.98167167357204,64.757,75.69,HIGH
77,ML-04639,TRD,OHE,0.736969770136762,73.6969770136762,78.588,75.65,HIGH
78,ML-00895,ENGINEERING,Bridge,0.8032668445804174,80.32668445804174,68.6285,75.65,HIGH
79,ML-02265,ENGINEERING,Bridge,0.879770696517757,87.9770696517757,57.0085,75.59,HIGH
80,ML-02074,S&T,Point Machine,0.7826521062702513,78.26521062702513,71.53200000000001,75.57,HIGH
81,ML-04912,TRD,Section Insulator,0.7825308534566038,78.25308534566038,71.496,75.55,HIGH
82,ML-03754,TRD,OHE,0.8175149190988686,81.75149190988687,66.012,75.46,HIGH
83,ML-01425,S&T,Axle Counter,0.790232098899277,79.0232098899277,69.762,75.32,HIGH
84,ML-02061,TRD,Section Insulator,0.7939622296379235,79.39622296379235,69.17150000000001,75.31,HIGH
85,ML-04146,TRD,Section Insulator,0.769806740541197,76.9806740541197,72.766,75.29,HIGH
86,ML-02149,ENGINEERING,Point & Crossing,0.8323988130064255,83.23988130064255,63.315000000000005,75.27,HIGH
87,ML-04843,TRD,Section Insulator,0.7989220223203395,79.89220223203395,68.313,75.26,HIGH
88,ML-04878,TRD,Section Insulator,0.8142364795950092,81.42364795950093,65.88433333333333,75.21,HIGH
89,ML-02230,S&T,Signal,0.8445601278810834,84.45601278810834,61.1555,75.14,HIGH
90,ML-01551,ENGINEERING,Bridge,0.8176015472084661,81.76015472084661,65.0675,75.08,HIGH
91,ML-02218,ENGINEERING,Point & Crossing,0.8195884650926808,81.95884650926808,64.59649999999999,75.01,HIGH
92,ML-00047,TRD,OHE,0.7948094757059555,79.48094757059555,68.304,75.01,HIGH
93,ML-01271,S&T,Signal,0.8235391085570162,82.35391085570161,63.732499999999995,74.91,HIGH
94,ML-04519,TRD,OHE,0.8240189976618291,82.40189976618291,63.529,74.85,HIGH
95,ML-02647,TRD,Transformer,0.8229234592611155,82.29234592611155,63.469500000000004,74.76,HIGH
96,ML-00211,TRD,Transformer,0.7852292059166232,78.52292059166231,69.1,74.75,HIGH
97,ML-04314,S&T,Signal,0.8389923897605671,83.89923897605671,60.484500000000004,74.53,HIGH
98,ML-04442,S&T,Axle Counter,0.7489692390097515,74.89692390097515,73.7855,74.45,HIGH
99,ML-03769,S&T,Point Machine,0.8573259497708166,85.73259497708166,57.468500000000006,74.43,HIGH
100,ML-01072,TRD,OHE,0.7093154935140664,70.93154935140664,79.321,74.29,HIGH
101,ML-03562,TRD,Transformer,0.7738167545582624,77.38167545582624,69.59899999999999,74.27,HIGH
102,ML-02462,TRD,Section Insulator,0.7634744643823339,76.34744643823339,71.07,74.24,HIGH
103,ML-04952,S&T,Signal,0.8308770221486853,83.08770221486853,60.8085,74.18,HIGH
104,ML-03873,TRD,Transformer,0.7553981680018286,75.53981680018286,72.0145,74.13,HIGH
105,ML-01556,ENGINEERING,Track,0.7389696102805076,73.89696102805075,74.1925,74.02,HIGH
106,ML-00235,TRD,Section Insulator,0.785900076671671,78.5900076671671,67.1055,74.0,HIGH
107,ML-04810,S&T,Axle Counter,0.8540284299280165,85.40284299280165,56.808,73.96,HIGH
108,ML-02668,S&T,Point Machine,0.7509586913956001,75.09586913956001,72.2655,73.96,HIGH
109,ML-04494,ENGINEERING,Bridge,0.8344130293890497,83.44130293890497,59.579,73.9,HIGH
110,ML-00599,ENGINEERING,Point & Crossing,0.8067834172457704,80.67834172457704,63.681,73.88,HIGH
111,ML-00888,ENGINEERING,Point & Crossing,0.7527441008616473,75.27441008616474,71.7815,73.88,HIGH
112,ML-03993,TRD,Transformer,0.8039922199730752,80.39922199730752,63.996,73.84,HIGH
113,ML-03463,S&T,Axle Counter,0.7702875297351138,77.02875297351139,68.9925,73.81,HIGH
114,ML-01201,ENGINEERING,Point & Crossing,0.814335686441207,81.4335686441207,62.3315,73.79,HIGH
115,ML-03679,S&T,Signal,0.8031279984032867,80.31279984032868,63.8615,73.73,HIGH
116,ML-02461,TRD,Transformer,0.8195115713289133,81.95115713289132,61.3125,73.7,HIGH
117,ML-00545,TRD,Section Insulator,0.739925226290725,73.9925226290725,73.2045,73.68,HIGH
118,ML-02804,ENGINEERING,Track,0.7750794959625829,77.50794959625829,67.7875,73.62,HIGH
119,ML-04552,ENGINEERING,Bridge,0.8002694319121834,80.02694319121834,63.9775,73.61,HIGH
120,ML-03642,ENGINEERING,Bridge,0.7650925532447208,76.50925532447208,69.099,73.55,HIGH
121,ML-03367,TRD,OHE,0.7915286673684321,79.15286673684321,65.1255,73.54,HIGH
122,ML-00181,S&T,Point Machine,0.8309267804397191,83.09267804397192,59.133500000000005,73.51,HIGH
123,ML-04147,ENGINEERING,Point & Crossing,0.8255516990483653,82.55516990483653,59.857,73.48,HIGH
124,ML-01824,ENGINEERING,Track,0.8195374042454966,81.95374042454966,60.772000000000006,73.48,HIGH
125,ML-02859,ENGINEERING,Bridge,0.7650778922690415,76.50778922690415,68.84049999999999,73.44,HIGH
126,ML-03090,TRD,OHE,0.7848735685830707,78.48735685830707,65.8545,73.43,HIGH
127,ML-01928,ENGINEERING,Track,0.7796482037336301,77.96482037336301,66.4025,73.34,HIGH
128,ML-04454,TRD,Section Insulator,0.8029831631148876,80.29831631148876,62.871,73.33,HIGH
129,ML-00138,ENGINEERING,Track,0.8004972852309006,80.04972852309005,63.1245,73.28,HIGH
130,ML-02209,ENGINEERING,Point & Crossing,0.7442960107449603,74.42960107449603,71.3485,73.2,HIGH
131,ML-01076,TRD,OHE,0.7878106280796342,78.78106280796342,64.7975,73.19,HIGH
132,ML-00338,ENGINEERING,Point & Crossing,0.7885099808616546,78.85099808616546,64.666,73.18,HIGH
133,ML-02222,TRD,OHE,0.883196907125625,88.3196907125625,50.435,73.17,HIGH
134,ML-00866,ENGINEERING,Point & Crossing,0.7757164044946223,77.57164044946224,66.322,73.07,HIGH
135,ML-02096,TRD,Transformer,0.7589603346534203,75.89603346534203,68.7635,73.04,HIGH
136,ML-01617,TRD,Transformer,0.8229416328898469,82.29416328898469,58.89633333333333,72.94,HIGH
137,ML-03363,TRD,Section Insulator,0.7627222935959422,76.27222935959422,67.9135,72.93,HIGH
138,ML-04929,ENGINEERING,Bridge,0.8224953888870762,82.24953888870762,58.854,72.89,HIGH
139,ML-03969,S&T,Signal,0.8301656628393124,83.01656628393124,57.6855,72.88,HIGH
140,ML-00317,ENGINEERING,Point & Crossing,0.8082225848667721,80.82225848667721,60.696,72.77,HIGH
141,ML-03371,TRD,Section Insulator,0.7860014100986403,78.60014100986403,63.989,72.76,HIGH
142,ML-04588,S&T,Axle Counter,0.7216763633835803,72.16763633835804,73.4335,72.67,HIGH
143,ML-03555,ENGINEERING,Point & Crossing,0.7776825326008702,77.76825326008702,64.861,72.61,HIGH
144,ML-04753,S&T,Axle Counter,0.727495646723138,72.74956467231381,72.2855,72.56,HIGH
145,ML-04743,ENGINEERING,Point & Crossing,0.8234367268066617,82.34367268066617,57.7475,72.51,HIGH
146,ML-00132,TRD,Transformer,0.7670666708385169,76.70666708385168,65.97749999999999,72.42,HIGH
147,ML-01303,S&T,Signal,0.8191107034388899,81.911070343889,58.1195,72.39,HIGH
148,ML-02845,S&T,Axle Counter,0.7784658673373126,77.84658673373126,64.13550000000001,72.36,HIGH
149,ML-02019,ENGINEERING,Bridge,0.7596944986295995,75.96944986295995,66.904,72.34,HIGH
150,ML-00057,ENGINEERING,Track,0.8145255810049078,81.45255810049078,58.6605,72.34,HIGH
151,ML-04295,TRD,OHE,0.7811498981459389,78.1149898145939,63.567499999999995,72.3,HIGH
152,ML-02444,S&T,Point Machine,0.7980753394049102,79.80753394049101,60.958,72.27,HIGH
153,ML-00091,ENGINEERING,Track,0.754543202547421,75.4543202547421,67.447,72.25,HIGH
154,ML-01098,TRD,Section Insulator,0.7352544881684131,73.5254488168413,70.24350000000001,72.21,HIGH
155,ML-04677,TRD,Section Insulator,0.8030117426075791,80.30117426075792,60.04066666666667,72.2,HIGH
156,ML-02570,S&T,Point Machine,0.7017470168138235,70.17470168138234,75.05850000000001,72.13,HIGH
157,ML-04531,ENGINEERING,Point & Crossing,0.7589638469209145,75.89638469209144,66.43549999999999,72.11,HIGH
158,ML-00909,S&T,Signal,0.8006512633689573,80.06512633689573,60.084,72.07,HIGH
159,ML-02609,ENGINEERING,Point & Crossing,0.8357518712259104,83.57518712259105,54.6945,72.02,HIGH
160,ML-00946,TRD,Transformer,0.7174647861224797,71.74647861224797,72.4045,72.01,HIGH
161,ML-01728,S&T,Axle Counter,0.7240687922064873,72.40687922064873,71.2695,71.95,HIGH
162,ML-01630,TRD,Section Insulator,0.841561134140574,84.1561134140574,53.446,71.87,HIGH
163,ML-00261,ENGINEERING,Track,0.7655950369400928,76.55950369400928,64.686,71.81,HIGH
164,ML-00628,ENGINEERING,Point & Crossing,0.7358424205895409,73.58424205895409,69.075,71.78,HIGH
165,ML-02711,TRD,OHE,0.7737283846858887,77.37283846858887,63.2535,71.73,HIGH
166,ML-02983,S&T,Point Machine,0.806924289862835,80.6924289862835,58.259,71.72,HIGH
167,ML-04752,TRD,Transformer,0.8696158202633836,86.96158202633836,48.823,71.71,HIGH
168,ML-03729,ENGINEERING,Bridge,0.7896003964617212,78.96003964617212,60.847,71.71,HIGH
169,ML-01995,S&T,Signal,0.7310270733392827,73.10270733392828,69.52799999999999,71.67,HIGH
170,ML-03514,ENGINEERING,Track,0.7402262571277741,74.02262571277741,68.0925,71.65,HIGH
171,ML-03669,TRD,OHE,0.756323965149049,75.6323965149049,65.686,71.65,HIGH
172,ML-02268,S&T,Point Machine,0.7330027833324653,73.30027833324652,69.1575,71.64,HIGH
173,ML-01636,TRD,Section Insulator,0.7319490202997982,73.19490202997983,69.2495,71.62,HIGH
174,ML-04069,TRD,OHE,0.7613751600197319,76.1375160019732,64.723,71.57,HIGH
175,ML-04173,TRD,Section Insulator,0.7738784797174848,77.38784797174849,62.716833333333334,71.52,HIGH
176,ML-02373,TRD,OHE,0.7390714336915998,73.90714336915998,67.9,71.5,HIGH
177,ML-03184,ENGINEERING,Bridge,0.75475445672905,75.475445672905,65.4805,71.48,HIGH
178,ML-00553,TRD,Section Insulator,0.8591626140025899,85.91626140025899,49.734500000000004,71.44,HIGH
179,ML-02712,TRD,Transformer,0.720616611246077,72.0616611246077,70.24000000000001,71.33,HIGH
180,ML-03871,TRD,Transformer,0.6264274124030353,62.642741240303536,83.6175,71.03,HIGH
181,ML-04143,TRD,Transformer,0.7746240127069598,77.46240127069598,61.203,70.96,HIGH
182,ML-04922,TRD,OHE,0.7804717413427081,78.04717413427082,60.11,70.87,HIGH
183,ML-04857,ENGINEERING,Track,0.7955537054098683,79.55537054098683,57.8335,70.87,HIGH
184,ML-02698,ENGINEERING,Point & Crossing,0.8258408055744978,82.58408055744978,53.20733333333334,70.83,HIGH
185,ML-03078,ENGINEERING,Track,0.7402512500446718,74.02512500446718,66.027,70.83,HIGH
186,ML-01624,TRD,OHE,0.7082728127766933,70.82728127766933,70.8,70.82,HIGH
187,ML-03406,S&T,Point Machine,0.7826431402106837,78.26431402106837,59.6415,70.82,HIGH
188,ML-03777,TRD,Section Insulator,0.8291923998523204,82.91923998523204,52.543000000000006,70.77,HIGH
189,ML-01678,S&T,Point Machine,0.7900047248989225,79.00047248989225,58.2715,70.71,HIGH
190,ML-03422,TRD,Section Insulator,0.750402936147269,75.0402936147269,64.1765,70.69,HIGH
191,ML-04553,TRD,Section Insulator,0.8134195693574684,81.34195693574684,54.569,70.63,HIGH
192,ML-04459,ENGINEERING,Point & Crossing,0.7159968249470045,71.59968249470045,68.991,70.56,HIGH
193,ML-04699,TRD,Section Insulator,0.7115264523346214,71.15264523346214,69.6705,70.56,HIGH
194,ML-02833,ENGINEERING,Track,0.7901952165398618,79.01952165398617,57.8445,70.55,HIGH
195,ML-03781,ENGINEERING,Point & Crossing,0.7848775707908479,78.48775707908479,58.6245,70.54,HIGH
196,ML-03387,TRD,OHE,0.7876855291968523,78.76855291968523,58.122499999999995,70.51,HIGH
197,ML-02427,TRD,OHE,0.7555759194383636,75.55759194383636,62.906,70.5,HIGH
198,ML-02036,ENGINEERING,Track,0.7322441829949865,73.22441829949865,66.2655,70.44,HIGH
199,ML-02523,S&T,Axle Counter,0.6573042832815851,65.73042832815851,77.47,70.43,HIGH
200,ML-02217,ENGINEERING,Point & Crossing,0.7117156371168217,71.17156371168217,69.3125,70.43,HIGH
201,ML-02007,S&T,Point Machine,0.7849747845049161,78.49747845049161,58.2735,70.41,HIGH
202,ML-04583,ENGINEERING,Track,0.790686062842856,79.06860628428561,57.346000000000004,70.38,HIGH
203,ML-02870,TRD,OHE,0.6885543712207329,68.8554371220733,72.64150000000001,70.37,HIGH
204,ML-00641,ENGINEERING,Bridge,0.7379334869735767,73.79334869735767,65.2025,70.36,HIGH
205,ML-02657,ENGINEERING,Track,0.7230403383752065,72.30403383752065,67.16550000000001,70.25,HIGH
206,ML-00092,S&T,Axle Counter,0.7091275042504079,70.9127504250408,68.905,70.11,HIGH
207,ML-01822,S&T,Signal,0.7528724145063777,75.28724145063777,62.2755,70.08,HIGH
208,ML-04772,TRD,Transformer,0.7486472922042275,74.86472922042276,62.794000000000004,70.04,HIGH
209,ML-04290,TRD,Transformer,0.8294519127424563,82.94519127424563,50.5505,69.99,MEDIUM
210,ML-01826,S&T,Signal,0.6788468881038259,67.88468881038258,73.1075,69.97,MEDIUM
211,ML-00360,ENGINEERING,Track,0.6504481996923228,65.04481996923228,77.3125,69.95,MEDIUM
212,ML-00210,S&T,Point Machine,0.7278156335306981,72.78156335306981,65.656,69.93,MEDIUM
213,ML-03518,TRD,Transformer,0.7749425071525795,77.49425071525795,58.4825,69.89,MEDIUM
214,ML-01554,S&T,Signal,0.6725678847191151,67.2567884719115,73.7825,69.87,MEDIUM
215,ML-02143,ENGINEERING,Track,0.7092182204146651,70.92182204146651,68.26050000000001,69.86,MEDIUM
216,ML-04625,TRD,Transformer,0.6998948142146462,69.98948142146462,69.3775,69.74,MEDIUM
217,ML-00797,ENGINEERING,Point & Crossing,0.7700223724811286,77.00223724811286,58.7465,69.7,MEDIUM
218,ML-04893,S&T,Axle Counter,0.6308110110755341,63.08110110755341,79.6035,69.69,MEDIUM
219,ML-01220,TRD,OHE,0.7842427116278705,78.42427116278705,56.562,69.68,MEDIUM
220,ML-02976,ENGINEERING,Bridge,0.6544024549664793,65.44024549664793,75.9975,69.66,MEDIUM
221,ML-00600,S&T,Signal,0.7487808226770416,74.87808226770416,61.763999999999996,69.63,MEDIUM
222,ML-02005,ENGINEERING,Track,0.692846788694953,69.2846788694953,69.997,69.57,MEDIUM
223,ML-01227,S&T,Signal,0.7208764691373993,72.08764691373993,65.7515,69.55,MEDIUM
224,ML-03923,ENGINEERING,Bridge,0.7433117693502023,74.33117693502022,62.197,69.48,MEDIUM
225,ML-04346,S&T,Signal,0.7110828648791094,71.10828648791095,67.03550000000001,69.48,MEDIUM
226,ML-00097,ENGINEERING,Track,0.7532630944591722,75.32630944591722,60.537,69.41,MEDIUM
227,ML-01361,ENGINEERING,Point & Crossing,0.7206872438051704,72.06872438051704,65.3405,69.38,MEDIUM
228,ML-01771,TRD,OHE,0.7321263600623638,73.21263600623638,63.5235,69.34,MEDIUM
229,ML-02640,TRD,Transformer,0.7954294579374394,79.54294579374394,54.033,69.34,MEDIUM
230,ML-01815,ENGINEERING,Point & Crossing,0.7264027552738704,72.64027552738705,64.3735,69.33,MEDIUM
231,ML-04935,TRD,Transformer,0.760377369736618,76.0377369736618,59.239999999999995,69.32,MEDIUM
232,ML-02034,TRD,OHE,0.645944096818109,64.5944096818109,76.364,69.3,MEDIUM
233,ML-03317,ENGINEERING,Track,0.7109956716113824,71.09956716113824,66.58099999999999,69.29,MEDIUM
234,ML-01975,ENGINEERING,Track,0.727465931039616,72.7465931039616,64.0855,69.28,MEDIUM
235,ML-00192,TRD,Transformer,0.7100727130978626,71.00727130978626,66.524,69.21,MEDIUM
236,ML-00105,TRD,Section Insulator,0.7362688750869899,73.62688750869899,62.5155,69.18,MEDIUM
237,ML-01229,S&T,Axle Counter,0.6206549198197512,62.06549198197512,79.7415,69.14,MEDIUM
238,ML-04161,TRD,OHE,0.7833575812779782,78.33575812779782,55.193999999999996,69.08,MEDIUM
239,ML-02720,S&T,Axle Counter,0.7930015699192297,79.30015699192296,53.669,69.05,MEDIUM
240,ML-02100,TRD,Section Insulator,0.7828695381014845,78.28695381014845,54.893499999999996,68.93,MEDIUM
241,ML-04674,S&T,Signal,0.7483860343428218,74.83860343428218,59.918,68.87,MEDIUM
242,ML-00636,TRD,Transformer,0.6895404122959224,68.95404122959225,68.676,68.84,MEDIUM
243,ML-03952,ENGINEERING,Bridge,0.661017899896009,66.1017899896009,72.9405,68.84,MEDIUM
244,ML-04282,ENGINEERING,Track,0.6308472600327705,63.08472600327705,77.452,68.83,MEDIUM
245,ML-02629,ENGINEERING,Bridge,0.747554594960807,74.7554594960807,59.935,68.83,MEDIUM
246,ML-02478,S&T,Signal,0.6503320363771381,65.03320363771381,74.5255,68.83,MEDIUM
247,ML-02567,ENGINEERING,Point & Crossing,0.7551990077598796,75.51990077598796,58.758,68.82,MEDIUM
248,ML-04813,ENGINEERING,Bridge,0.8079109862238737,80.79109862238737,50.8155,68.8,MEDIUM
249,ML-04864,ENGINEERING,Bridge,0.7669075295494853,76.69075295494852,56.925,68.78,MEDIUM
250,ML-02119,ENGINEERING,Point & Crossing,0.7694879757426295,76.94879757426295,56.51083333333334,68.77,MEDIUM
251,ML-01817,S&T,Signal,0.7885380270841835,78.85380270841836,53.518499999999996,68.72,MEDIUM
252,ML-00748,TRD,Section Insulator,0.6957253843737461,69.5725384373746,67.2975,68.66,MEDIUM
253,ML-02371,S&T,Point Machine,0.7456619376989829,74.56619376989829,59.7815,68.65,MEDIUM
254,ML-00579,S&T,Signal,0.697988619730484,69.7988619730484,66.8345,68.61,MEDIUM
255,ML-04959,ENGINEERING,Point & Crossing,0.7578886398416951,75.78886398416951,57.746,68.57,MEDIUM
256,ML-03925,S&T,Signal,0.7657936588746905,76.57936588746905,56.530499999999996,68.56,MEDIUM
257,ML-04844,TRD,OHE,0.7066488919404855,70.66488919404856,65.382,68.55,MEDIUM
258,ML-00332,S&T,Axle Counter,0.8003087593749869,80.03087593749869,51.268,68.53,MEDIUM
259,ML-01383,TRD,Section Insulator,0.6905696459949539,69.05696459949539,67.676,68.5,MEDIUM
260,ML-01759,TRD,Section Insulator,0.6828415943701538,68.28415943701538,68.7755,68.48,MEDIUM
261,ML-04440,TRD,Section Insulator,0.700730054209127,70.07300542091271,66.03200000000001,68.46,MEDIUM
262,ML-04151,S&T,Signal,0.8056285874117262,80.56285874117262,50.2205,68.43,MEDIUM
263,ML-00623,S&T,Signal,0.817356130615084,81.7356130615084,48.454,68.42,MEDIUM
264,ML-00901,TRD,Transformer,0.7001823860771985,70.01823860771985,66.02350000000001,68.42,MEDIUM
265,ML-00152,TRD,Transformer,0.8132582464437818,81.32582464437817,49.028,68.41,MEDIUM
266,ML-01640,TRD,OHE,0.6190067956430724,61.90067956430724,78.066,68.37,MEDIUM
267,ML-00086,ENGINEERING,Bridge,0.709922786076064,70.9922786076064,64.42150000000001,68.36,MEDIUM
268,ML-04849,ENGINEERING,Track,0.7584284236058764,75.84284236058764,57.041,68.32,MEDIUM
269,ML-01364,ENGINEERING,Bridge,0.684876308994951,68.4876308994951,67.9355,68.27,MEDIUM
270,ML-04759,TRD,Transformer,0.8071384176799067,80.71384176799067,49.611000000000004,68.27,MEDIUM
271,ML-02191,ENGINEERING,Track,0.7921335016940648,79.21335016940648,51.839,68.26,MEDIUM
272,ML-00159,TRD,Section Insulator,0.7548056196724515,75.48056196724515,57.230000000000004,68.18,MEDIUM
273,ML-04830,TRD,OHE,0.7281692356575664,72.81692356575664,61.194,68.17,MEDIUM
274,ML-02511,ENGINEERING,Track,0.709873856646703,70.9873856646703,63.679,68.06,MEDIUM
275,ML-01065,ENGINEERING,Track,0.7852624155419267,78.52624155419267,52.3455,68.05,MEDIUM
276,ML-00144,TRD,OHE,0.7844205831093349,78.44205831093349,52.471500000000006,68.05,MEDIUM
277,ML-01087,ENGINEERING,Bridge,0.6984352800992398,69.84352800992399,65.3255,68.04,MEDIUM
278,ML-00872,ENGINEERING,Track,0.7361563634481995,73.61563634481995,59.4895,67.97,MEDIUM
279,ML-00531,S&T,Axle Counter,0.7442927608403148,74.42927608403149,58.199999999999996,67.94,MEDIUM
280,ML-00917,ENGINEERING,Track,0.74702777518446,74.702777518446,57.689,67.9,MEDIUM
281,ML-00918,TRD,Section Insulator,0.7736400279891111,77.36400279891112,53.694,67.9,MEDIUM
282,ML-04982,ENGINEERING,Point & Crossing,0.7950177938117455,79.50177938117456,50.4955,67.9,MEDIUM
283,ML-03015,S&T,Axle Counter,0.776395196934676,77.63951969346759,52.947,67.76,MEDIUM
284,ML-01457,ENGINEERING,Track,0.6998491529160665,69.98491529160665,64.221,67.68,MEDIUM
285,ML-00993,ENGINEERING,Bridge,0.7555863433526523,75.55863433526522,55.822,67.66,MEDIUM
286,ML-02620,TRD,Section Insulator,0.7848942402746101,78.48942402746101,51.264,67.6,MEDIUM
287,ML-03709,S&T,Signal,0.6830814519104866,68.30814519104867,66.53200000000001,67.6,MEDIUM
288,ML-03238,ENGINEERING,Track,0.7056135766885525,70.56135766885525,63.049,67.56,MEDIUM
289,ML-04181,TRD,Section Insulator,0.6928065742665698,69.28065742665697,64.8865,67.52,MEDIUM
290,ML-02670,TRD,Section Insulator,0.6423796026136821,64.23796026136822,72.3955,67.5,MEDIUM
291,ML-00616,S&T,Axle Counter,0.720546118201139,72.0546118201139,60.569,67.46,MEDIUM
292,ML-02204,ENGINEERING,Track,0.7503342401868862,75.03342401868862,56.0775,67.45,MEDIUM
293,ML-03356,TRD,Section Insulator,0.7522258875193623,75.22258875193623,55.6465,67.39,MEDIUM
294,ML-04119,TRD,OHE,0.6357562671015154,63.575626710151546,72.968,67.33,MEDIUM
295,ML-00976,TRD,Transformer,0.6455269269800372,64.55269269800372,71.2745,67.24,MEDIUM
296,ML-02684,S&T,Signal,0.6762103891174833,67.62103891174833,66.506,67.18,MEDIUM
297,ML-02494,TRD,Section Insulator,0.7410164287504623,74.10164287504622,56.809,67.18,MEDIUM
298,ML-04535,S&T,Signal,0.5812896995179515,58.12896995179515,80.69649999999999,67.16,MEDIUM
299,ML-02442,S&T,Axle Counter,0.6602209466190716,66.02209466190716,68.7985,67.13,MEDIUM
300,ML-01371,ENGINEERING,Track,0.692716120601113,69.2716120601113,63.833999999999996,67.1,MEDIUM
301,ML-01031,ENGINEERING,Point & Crossing,0.5999293404462318,59.99293404462318,77.745,67.09,MEDIUM
302,ML-02979,S&T,Signal,0.620942306051575,62.0942306051575,74.566,67.08,MEDIUM
303,ML-00193,TRD,Transformer,0.7485925704953266,74.85925704953266,55.3995,67.08,MEDIUM
304,ML-00744,ENGINEERING,Point & Crossing,0.549879216660916,54.9879216660916,85.09,67.03,MEDIUM
305,ML-04616,ENGINEERING,Track,0.6303964123463972,63.03964123463972,72.9515,67.0,MEDIUM
306,ML-00638,TRD,Section Insulator,0.7316912495631462,73.16912495631462,57.745000000000005,67.0,MEDIUM
307,ML-01305,TRD,Section Insulator,0.704364703699108,70.4364703699108,61.674,66.93,MEDIUM
308,ML-02271,S&T,Axle Counter,0.7223925150613898,72.23925150613898,58.9605,66.93,MEDIUM
309,ML-00410,S&T,Point Machine,0.7330026310779383,73.30026310779382,57.319500000000005,66.91,MEDIUM
310,ML-01355,S&T,Axle Counter,0.7080955716099626,70.80955716099626,60.7885,66.8,MEDIUM
311,ML-03421,ENGINEERING,Bridge,0.6969305239295679,69.69305239295679,62.2905,66.73,MEDIUM
312,ML-04379,TRD,Section Insulator,0.6753327513925436,67.53327513925436,65.4525,66.7,MEDIUM
313,ML-03981,ENGINEERING,Track,0.6264602629395164,62.64602629395164,72.741,66.68,MEDIUM
314,ML-01017,S&T,Axle Counter,0.7992375286302834,79.92375286302834,46.793,66.67,MEDIUM
315,ML-02320,S&T,Axle Counter,0.7481438916955083,74.81438916955084,54.446,66.67,MEDIUM
316,ML-03442,S&T,Axle Counter,0.5718657601878783,57.186576018787825,80.8885,66.67,MEDIUM
317,ML-01566,S&T,Axle Counter,0.5969210846414019,59.69210846414019,77.13050000000001,66.67,MEDIUM
318,ML-00753,TRD,Transformer,0.7541210654403474,75.41210654403474,53.531333333333336,66.66,MEDIUM
319,ML-00994,S&T,Signal,0.6632047493622282,66.32047493622282,67.157,66.66,MEDIUM
320,ML-00532,S&T,Signal,0.7487083854978214,74.87083854978214,54.298,66.64,MEDIUM
321,ML-02527,TRD,OHE,0.6956355103472731,69.56355103472731,62.079,66.57,MEDIUM
322,ML-03805,ENGINEERING,Bridge,0.7283989201826744,72.83989201826743,57.006,66.51,MEDIUM
323,ML-04400,ENGINEERING,Track,0.7859943544465747,78.59943544465747,48.341,66.5,MEDIUM
324,ML-02254,TRD,Section Insulator,0.6459094818928155,64.59094818928155,69.28450000000001,66.47,MEDIUM
325,ML-00919,TRD,Transformer,0.6659894704574673,66.59894704574673,66.259,66.46,MEDIUM
326,ML-03054,ENGINEERING,Track,0.770517355021315,77.0517355021315,50.469,66.42,MEDIUM
327,ML-00441,S&T,Point Machine,0.6829667651996563,68.29667651996563,63.4865,66.37,MEDIUM
328,ML-00644,ENGINEERING,Bridge,0.6851915279518799,68.51915279518799,63.1385,66.37,MEDIUM
329,ML-00552,S&T,Axle Counter,0.6706591337052851,67.0659133705285,65.267,66.35,MEDIUM
330,ML-02726,ENGINEERING,Bridge,0.7473326683185433,74.73326683185432,53.715999999999994,66.33,MEDIUM
331,ML-02284,ENGINEERING,Bridge,0.7008059075324521,70.0805907532452,60.6435,66.31,MEDIUM
332,ML-03623,S&T,Axle Counter,0.7283709791590887,72.83709791590887,56.345,66.24,MEDIUM
333,ML-00286,TRD,Section Insulator,0.6297562792742207,62.975627927422074,71.137,66.24,MEDIUM
334,ML-03467,S&T,Axle Counter,0.7617457885019515,76.17457885019515,51.304,66.23,MEDIUM
335,ML-02564,ENGINEERING,Bridge,0.7932941947770411,79.3294194777041,46.585499999999996,66.23,MEDIUM
336,ML-02879,S&T,Axle Counter,0.6657502249537459,66.5750224953746,65.719,66.23,MEDIUM
337,ML-00173,TRD,Section Insulator,0.7061238237764793,70.61238237764793,59.6285,66.22,MEDIUM
338,ML-04758,ENGINEERING,Track,0.6406929899141085,64.06929899141085,69.383,66.19,MEDIUM
339,ML-03242,TRD,Transformer,0.685939042426244,68.5939042426244,62.466499999999996,66.14,MEDIUM
340,ML-00831,S&T,Point Machine,0.6668645439420735,66.68645439420735,65.16300000000001,66.08,MEDIUM
341,ML-03271,ENGINEERING,Point & Crossing,0.6726371466374451,67.26371466374451,64.25450000000001,66.06,MEDIUM
342,ML-00606,TRD,Section Insulator,0.7141247282762427,71.41247282762427,58.015,66.05,MEDIUM
343,ML-01996,ENGINEERING,Track,0.6441238899032028,64.41238899032028,68.403,66.01,MEDIUM
344,ML-00710,ENGINEERING,Point & Crossing,0.7502559511531645,75.02559511531645,52.278000000000006,65.93,MEDIUM
345,ML-03977,TRD,Section Insulator,0.6698310977929954,66.98310977929954,64.3,65.91,MEDIUM
346,ML-01473,S&T,Point Machine,0.7669077959473353,76.69077959473353,49.726,65.9,MEDIUM
347,ML-04596,TRD,OHE,0.6420864126222645,64.20864126222645,68.401,65.89,MEDIUM
348,ML-00754,TRD,Transformer,0.7773882589106682,77.73882589106682,48.036500000000004,65.86,MEDIUM
349,ML-01406,ENGINEERING,Bridge,0.7730836741152849,77.3083674115285,48.655,65.85,MEDIUM
350,ML-01655,ENGINEERING,Point & Crossing,0.6793978541233284,67.93978541233284,62.603500000000004,65.81,MEDIUM
351,ML-02181,S&T,Axle Counter,0.6782194579721736,67.82194579721737,62.608000000000004,65.74,MEDIUM
352,ML-01128,ENGINEERING,Bridge,0.6626410997732228,66.26410997732228,64.8185,65.69,MEDIUM
353,ML-00593,S&T,Point Machine,0.7453643665225437,74.53643665225437,52.348666666666674,65.66,MEDIUM
354,ML-01587,S&T,Axle Counter,0.7864197245253896,78.64197245253895,46.139833333333335,65.64,MEDIUM
355,ML-00488,ENGINEERING,Track,0.6590167547733163,65.90167547733164,65.1965,65.62,MEDIUM
356,ML-03217,ENGINEERING,Bridge,0.7607056316121106,76.07056316121106,49.8255,65.57,MEDIUM
357,ML-04923,S&T,Axle Counter,0.6940462777572044,69.40462777572044,59.8165,65.57,MEDIUM
358,ML-04348,S&T,Signal,0.5646358564256773,56.46358564256773,79.213,65.56,MEDIUM
359,ML-04316,TRD,OHE,0.7088282712169085,70.88282712169085,57.52766666666666,65.54,MEDIUM
360,ML-00575,S&T,Axle Counter,0.7237296401311988,72.37296401311988,55.1885,65.5,MEDIUM
361,ML-04055,ENGINEERING,Track,0.6730943924292865,67.30943924292865,62.796499999999995,65.5,MEDIUM
362,ML-03044,S&T,Axle Counter,0.6869400590618322,68.69400590618322,60.5745,65.45,MEDIUM
363,ML-00270,ENGINEERING,Bridge,0.7875503022775842,78.75503022775841,45.5025,65.45,MEDIUM
364,ML-03589,ENGINEERING,Point & Crossing,0.7052661370468598,70.52661370468599,57.810500000000005,65.44,MEDIUM
365,ML-04802,S&T,Axle Counter,0.7445169844718191,74.45169844718191,51.783,65.38,MEDIUM
366,ML-02545,S&T,Point Machine,0.6619738518352056,66.19738518352057,64.06899999999999,65.35,MEDIUM
367,ML-00228,S&T,Axle Counter,0.8182259574404823,81.82259574404823,40.62566666666666,65.34,MEDIUM
368,ML-00133,S&T,Axle Counter,0.6945063541458041,69.4506354145804,59.1355,65.32,MEDIUM
369,ML-01933,S&T,Axle Counter,0.5871694566093445,58.71694566093445,75.07849999999999,65.26,MEDIUM
370,ML-03914,S&T,Axle Counter,0.6490949899238619,64.90949899238619,65.7175,65.23,MEDIUM
371,ML-00789,TRD,OHE,0.6021295100935449,60.212951009354484,72.7245,65.22,MEDIUM
372,ML-04256,S&T,Point Machine,0.5846269791616918,58.46269791616918,75.3535,65.22,MEDIUM
373,ML-04298,S&T,Axle Counter,0.6538274837210465,65.38274837210464,64.78,65.14,MEDIUM
374,ML-00253,TRD,Section Insulator,0.5866925952041693,58.66925952041693,74.8295,65.13,MEDIUM
375,ML-02827,TRD,Section Insulator,0.7574930941954457,75.74930941954457,49.048500000000004,65.07,MEDIUM
376,ML-02624,S&T,Axle Counter,0.6497986981032221,64.97986981032221,65.168,65.06,MEDIUM
377,ML-04688,ENGINEERING,Point & Crossing,0.7135007150750141,71.35007150750141,55.5955,65.05,MEDIUM
378,ML-01033,ENGINEERING,Track,0.6919668098451343,69.19668098451342,58.783500000000004,65.03,MEDIUM
379,ML-03815,TRD,OHE,0.626745937163677,62.674593716367696,68.5295,65.02,MEDIUM
380,ML-01696,TRD,Transformer,0.6798212420278928,67.98212420278928,60.501999999999995,64.99,MEDIUM
381,ML-02595,TRD,Section Insulator,0.7038778807976271,70.38778807976271,56.8345,64.97,MEDIUM
382,ML-00586,TRD,OHE,0.6775034596888933,67.75034596888932,60.7675,64.96,MEDIUM
383,ML-03064,ENGINEERING,Bridge,0.5870773207849921,58.707732078499205,74.2705,64.93,MEDIUM
384,ML-01520,S&T,Signal,0.7562642811322877,75.62642811322877,48.8255,64.91,MEDIUM
385,ML-01120,TRD,Transformer,0.726076200381639,72.6076200381639,53.2445,64.86,MEDIUM
386,ML-01574,TRD,OHE,0.7564857591534938,75.64857591534938,48.652,64.85,MEDIUM
387,ML-04363,ENGINEERING,Track,0.7498080396344119,74.98080396344119,49.6305,64.84,MEDIUM
388,ML-00079,TRD,Section Insulator,0.635765594040512,63.5765594040512,66.71549999999999,64.83,MEDIUM
389,ML-03470,TRD,Section Insulator,0.5480880525739178,54.80880525739178,79.8265,64.82,MEDIUM
390,ML-04389,S&T,Signal,0.7597037008450416,75.97037008450415,48.08,64.81,MEDIUM
391,ML-04565,TRD,Section Insulator,0.5672308926985017,56.72308926985017,76.943,64.81,MEDIUM
392,ML-02203,S&T,Signal,0.6265998567128002,62.65998567128002,67.9945,64.79,MEDIUM
393,ML-04681,S&T,Point Machine,0.6720084891742961,67.20084891742961,61.1505,64.78,MEDIUM
394,ML-04680,S&T,Signal,0.7449989160435778,74.49989160435779,50.16866666666667,64.77,MEDIUM
395,ML-03207,ENGINEERING,Point & Crossing,0.7924491754512476,79.24491754512476,43.0305,64.76,MEDIUM
396,ML-02386,TRD,Transformer,0.6439032182599186,64.39032182599186,65.31049999999999,64.76,MEDIUM
397,ML-00873,ENGINEERING,Track,0.6709211023256664,67.09211023256664,61.22,64.74,MEDIUM
398,ML-03370,ENGINEERING,Bridge,0.6560087476715313,65.60087476715313,63.3775,64.71,MEDIUM
399,ML-03641,S&T,Point Machine,0.6223564723292989,62.23564723292989,68.31450000000001,64.67,MEDIUM
400,ML-00765,TRD,Section Insulator,0.7950977009070808,79.50977009070807,42.40683333333333,64.67,MEDIUM
401,ML-01820,TRD,Transformer,0.7954257510601879,79.54257510601879,42.323499999999996,64.65,MEDIUM
402,ML-03788,S&T,Axle Counter,0.6008573959323751,60.085739593237506,71.441,64.63,MEDIUM
403,ML-00756,TRD,OHE,0.6433551565881122,64.33551565881122,65.0495,64.62,MEDIUM
404,ML-01378,TRD,OHE,0.6360650457846965,63.60650457846965,66.11,64.61,MEDIUM
405,ML-03885,S&T,Axle Counter,0.6676599236705417,66.76599236705417,61.3445,64.6,MEDIUM
406,ML-01719,ENGINEERING,Bridge,0.5982422616299755,59.824226162997554,71.73949999999999,64.59,MEDIUM
407,ML-02874,S&T,Axle Counter,0.7804594846993484,78.04594846993484,44.2605,64.53,MEDIUM
408,ML-02924,ENGINEERING,Track,0.5884388962144267,58.84388962144267,73.03450000000001,64.52,MEDIUM
409,ML-03840,S&T,Point Machine,0.7507853421154195,75.07853421154195,48.6665,64.51,MEDIUM
410,ML-02865,TRD,Transformer,0.7304502337715157,73.04502337715158,51.67,64.5,MEDIUM
411,ML-00642,S&T,Point Machine,0.7687414132784314,76.87414132784313,45.89866666666667,64.48,MEDIUM
412,ML-01077,ENGINEERING,Track,0.6823635884946451,68.23635884946451,58.8235,64.47,MEDIUM
413,ML-00415,TRD,Section Insulator,0.6418960239916971,64.18960239916971,64.77600000000001,64.42,MEDIUM
414,ML-00783,TRD,Section Insulator,0.6790365573624472,67.90365573624472,59.166,64.41,MEDIUM
415,ML-01649,S&T,Point Machine,0.6363110080762389,63.63110080762389,65.54400000000001,64.4,MEDIUM
416,ML-04937,TRD,OHE,0.5634298235809894,56.342982358098936,76.4805,64.4,MEDIUM
417,ML-04286,S&T,Signal,0.611803700290314,61.180370029031394,69.1115,64.35,MEDIUM
418,ML-00524,ENGINEERING,Point & Crossing,0.6926384866711686,69.26384866711686,56.988,64.35,MEDIUM
419,ML-01769,S&T,Axle Counter,0.7580727109378651,75.80727109378651,47.144,64.34,MEDIUM
420,ML-00960,TRD,Section Insulator,0.7440826006528474,74.40826006528474,49.189,64.32,MEDIUM
421,ML-03965,ENGINEERING,Point & Crossing,0.5807946276417695,58.079462764176945,73.645,64.31,MEDIUM
422,ML-04618,ENGINEERING,Bridge,0.740517574484883,74.0517574484883,49.69,64.31,MEDIUM
423,ML-03472,ENGINEERING,Point & Crossing,0.7151710540445997,71.51710540445997,53.418,64.28,MEDIUM
424,ML-03960,TRD,OHE,0.626496517923285,62.6496517923285,66.6565,64.25,MEDIUM
425,ML-02948,S&T,Point Machine,0.5264137542014741,52.641375420147405,81.559,64.21,MEDIUM
426,ML-00929,ENGINEERING,Track,0.7003448533292504,70.03448533292504,55.4585,64.2,MEDIUM
427,ML-04711,ENGINEERING,Bridge,0.6393154708756384,63.93154708756384,64.6065,64.2,MEDIUM
428,ML-02239,S&T,Signal,0.6880153391605545,68.80153391605545,57.234,64.17,MEDIUM
429,ML-03869,TRD,Section Insulator,0.725337835987548,72.5337835987548,51.527,64.13,MEDIUM
430,ML-00771,ENGINEERING,Bridge,0.7416769595298517,74.16769595298517,49.0715,64.13,MEDIUM
431,ML-02997,ENGINEERING,Bridge,0.6664838845501505,66.64838845501505,60.352000000000004,64.13,MEDIUM
432,ML-02412,ENGINEERING,Track,0.5205596118924024,52.05596118924024,82.069,64.06,MEDIUM
433,ML-01604,S&T,Point Machine,0.7115985427370235,71.15985427370235,53.3645,64.04,MEDIUM
434,ML-00726,S&T,Signal,0.7268926163257204,72.68926163257204,51.009499999999996,64.02,MEDIUM
435,ML-04075,ENGINEERING,Bridge,0.6554957139879481,65.54957139879481,61.7325,64.02,MEDIUM
436,ML-03691,S&T,Point Machine,0.7486784014203792,74.86784014203792,47.7265,64.01,MEDIUM
437,ML-00087,ENGINEERING,Track,0.7418549507681139,74.18549507681139,48.694500000000005,63.99,MEDIUM
438,ML-02069,ENGINEERING,Point & Crossing,0.7089356277723441,70.89356277723441,53.644000000000005,63.99,MEDIUM
439,ML-02210,TRD,Section Insulator,0.7185322089700878,71.85322089700878,52.117000000000004,63.96,MEDIUM
440,ML-04413,ENGINEERING,Point & Crossing,0.6449006466324054,64.49006466324055,63.155499999999996,63.96,MEDIUM
441,ML-04008,ENGINEERING,Point & Crossing,0.6057345770279111,60.57345770279111,68.969,63.93,MEDIUM
442,ML-03558,TRD,Transformer,0.7167064441638182,71.67064441638182,52.3065,63.92,MEDIUM
443,ML-04536,ENGINEERING,Track,0.7564606470652011,75.64606470652011,46.305,63.91,MEDIUM
444,ML-04869,TRD,OHE,0.6806856606315367,68.06856606315367,57.471500000000006,63.83,MEDIUM
445,ML-03717,S&T,Signal,0.6601790183877209,66.01790183877209,60.474500000000006,63.8,MEDIUM
446,ML-03975,ENGINEERING,Point & Crossing,0.7092893263604225,70.92893263604225,52.8505,63.7,MEDIUM
447,ML-02104,ENGINEERING,Bridge,0.7159890159213664,71.59890159213664,51.819500000000005,63.69,MEDIUM
448,ML-01399,S&T,Point Machine,0.7099117244501971,70.99117244501971,52.6505,63.65,MEDIUM
449,ML-01569,ENGINEERING,Point & Crossing,0.7357649485574315,73.57649485574315,48.6635,63.61,MEDIUM
450,ML-03220,S&T,Axle Counter,0.7335227376204975,73.35227376204975,48.8875,63.57,MEDIUM
451,ML-01942,TRD,Transformer,0.6702254709209816,67.02254709209816,58.370000000000005,63.56,MEDIUM
452,ML-04372,ENGINEERING,Point & Crossing,0.6299893182131264,62.998931821312645,64.3755,63.55,MEDIUM
453,ML-00977,TRD,Transformer,0.565447833524591,56.544783352459106,74.053,63.55,MEDIUM
454,ML-00699,TRD,OHE,0.6386959039543134,63.869590395431345,63.0525,63.54,MEDIUM
455,ML-00056,ENGINEERING,Bridge,0.7712173449562489,77.12173449562489,43.1405,63.53,MEDIUM
456,ML-00822,ENGINEERING,Track,0.6487642345022568,64.87642345022569,61.506,63.53,MEDIUM
457,ML-03018,S&T,Signal,0.5680851032943163,56.80851032943163,73.423,63.45,MEDIUM
458,ML-04339,ENGINEERING,Bridge,0.6499649532111982,64.99649532111982,61.1155,63.44,MEDIUM
459,ML-02153,ENGINEERING,Bridge,0.57151151621428,57.151151621428,72.718,63.38,MEDIUM
460,ML-01874,ENGINEERING,Track,0.6137842634418637,61.378426344186366,66.3615,63.37,MEDIUM
461,ML-00924,ENGINEERING,Point & Crossing,0.6956853641250923,69.56853641250923,54.0195,63.35,MEDIUM
462,ML-02057,TRD,Transformer,0.6296326065650965,62.96326065650965,63.8555,63.32,MEDIUM
463,ML-01258,TRD,Section Insulator,0.6693547311703192,66.93547311703192,57.8635,63.31,MEDIUM
464,ML-01941,ENGINEERING,Point & Crossing,0.5886379333883227,58.863793338832274,69.92150000000001,63.29,MEDIUM
465,ML-04387,TRD,Section Insulator,0.6758564356284243,67.58564356284244,56.849999999999994,63.29,MEDIUM
466,ML-02903,S&T,Axle Counter,0.713591025874798,71.3591025874798,51.1785,63.29,MEDIUM
467,ML-04859,S&T,Signal,0.7028230029398408,70.28230029398408,52.7825,63.28,MEDIUM
468,ML-02605,ENGINEERING,Point & Crossing,0.6845506486357575,68.45506486357576,55.525499999999994,63.28,MEDIUM
469,ML-01932,TRD,OHE,0.7652937658370683,76.52937658370683,43.289500000000004,63.23,MEDIUM
470,ML-04964,TRD,OHE,0.6738228245476806,67.38228245476806,56.991,63.23,MEDIUM
471,ML-00297,TRD,OHE,0.6921984089695253,69.21984089695253,54.215,63.22,MEDIUM
472,ML-01654,ENGINEERING,Bridge,0.5623139395804619,56.2313939580462,73.6975,63.22,MEDIUM
473,ML-00527,ENGINEERING,Bridge,0.6377819104445748,63.77819104445748,62.333,63.2,MEDIUM
474,ML-04100,ENGINEERING,Bridge,0.6572713324455449,65.7271332445545,59.347500000000004,63.18,MEDIUM
475,ML-02682,S&T,Point Machine,0.7477129925917368,74.77129925917369,45.712,63.15,MEDIUM
476,ML-01245,S&T,Point Machine,0.6727154726302786,67.27154726302787,56.862,63.11,MEDIUM
477,ML-01129,S&T,Axle Counter,0.5541151263705221,55.411512637052205,74.5855,63.08,MEDIUM
478,ML-04928,S&T,Signal,0.6778308486988341,67.78308486988341,55.999,63.07,MEDIUM
479,ML-04545,ENGINEERING,Point & Crossing,0.7462830455947672,74.62830455947672,45.704,63.06,MEDIUM
480,ML-01531,ENGINEERING,Point & Crossing,0.6989800116441424,69.89800116441424,52.8075,63.06,MEDIUM
481,ML-04218,S&T,Axle Counter,0.6068453772682024,60.684537726820245,66.616,63.06,MEDIUM
482,ML-01218,TRD,Transformer,0.7249297920468539,72.4929792046854,48.874,63.05,MEDIUM
483,ML-03794,ENGINEERING,Track,0.6707657420336564,67.07657420336564,56.925999999999995,63.02,MEDIUM
484,ML-04797,ENGINEERING,Bridge,0.6410103129764464,64.10103129764464,61.402499999999996,63.02,MEDIUM
485,ML-03224,ENGINEERING,Bridge,0.6415036120521779,64.15036120521779,61.2965,63.01,MEDIUM
486,ML-00569,ENGINEERING,Track,0.6791131197659476,67.91131197659476,55.5865,62.98,MEDIUM
487,ML-04108,S&T,Signal,0.7148624190064023,71.48624190064024,50.2145,62.98,MEDIUM
488,ML-02522,ENGINEERING,Point & Crossing,0.5533873108381603,55.33873108381603,74.4245,62.97,MEDIUM
489,ML-03285,ENGINEERING,Point & Crossing,0.7455211740240881,74.55211740240881,45.572,62.96,MEDIUM
490,ML-00680,S&T,Signal,0.5137012657957439,51.370126579574396,80.24,62.92,MEDIUM
491,ML-04547,TRD,Transformer,0.6664449709539526,66.64449709539527,57.298,62.91,MEDIUM
492,ML-00510,TRD,Transformer,0.5734633105797952,57.34633105797952,71.07499999999999,62.84,MEDIUM
493,ML-00791,TRD,Transformer,0.58391270690755,58.39127069075501,69.4495,62.81,MEDIUM
494,ML-00915,TRD,OHE,0.694770913558255,69.47709135582551,52.696,62.76,MEDIUM
495,ML-01340,TRD,Section Insulator,0.6882932347515021,68.8293234751502,53.6505,62.76,MEDIUM
496,ML-01793,ENGINEERING,Track,0.71407255967913,71.407255967913,49.666,62.71,MEDIUM
497,ML-02041,S&T,Axle Counter,0.746703025545079,74.6703025545079,44.753,62.7,MEDIUM
498,ML-01439,S&T,Point Machine,0.6469618014619393,64.69618014619392,59.694,62.7,MEDIUM
499,ML-01691,ENGINEERING,Bridge,0.5702376861181712,57.02376861181712,71.1945,62.69,MEDIUM
500,ML-02616,ENGINEERING,Track,0.7655506490663635,76.55506490663635,41.718,62.62,MEDIUM
501,ML-00306,TRD,Section Insulator,0.7501099929803772,75.01099929803772,44.0015,62.61,MEDIUM
502,ML-04791,S&T,Signal,0.6308184690736234,63.08184690736234,61.823,62.58,MEDIUM
503,ML-01496,S&T,Signal,0.6327429831762656,63.27429831762657,61.5225,62.57,MEDIUM
504,ML-03199,TRD,Transformer,0.7011762909767566,70.11762909767566,51.142,62.53,MEDIUM
505,ML-01088,S&T,Axle Counter,0.7149254443719438,71.49254443719438,49.068,62.52,MEDIUM
506,ML-04834,ENGINEERING,Point & Crossing,0.5644807702504872,56.44807702504872,71.553,62.49,MEDIUM
507,ML-04710,TRD,Section Insulator,0.5478326153645623,54.78326153645623,74.0135,62.48,MEDIUM
508,ML-03829,TRD,OHE,0.7196102320218375,71.96102320218375,48.2395,62.47,MEDIUM
509,ML-04458,ENGINEERING,Bridge,0.7327819148114334,73.27819148114334,46.2275,62.46,MEDIUM
510,ML-03275,S&T,Axle Counter,0.7045191882055281,70.4519188205528,50.44966666666667,62.45,MEDIUM
511,ML-04306,S&T,Point Machine,0.5167381541499257,51.673815414992575,78.52,62.41,MEDIUM
512,ML-00038,S&T,Signal,0.5200559708587147,52.00559708587147,77.95500000000001,62.39,MEDIUM
513,ML-03902,ENGINEERING,Point & Crossing,0.7014752450360453,70.14752450360453,50.7275,62.38,MEDIUM
514,ML-00096,ENGINEERING,Bridge,0.71771923065873,71.771923065873,48.28,62.38,MEDIUM
515,ML-01542,ENGINEERING,Track,0.5836553524310601,58.36553524310602,68.33699999999999,62.35,MEDIUM
516,ML-04006,S&T,Axle Counter,0.5784356043412359,57.84356043412359,69.02600000000001,62.32,MEDIUM
517,ML-03257,S&T,Axle Counter,0.7498942975824074,74.98942975824075,43.301500000000004,62.31,MEDIUM
518,ML-04763,ENGINEERING,Track,0.7194568608471735,71.94568608471735,47.829499999999996,62.3,MEDIUM
519,ML-01484,TRD,Section Insulator,0.6238825901213826,62.388259012138256,62.127,62.28,MEDIUM
520,ML-02922,TRD,Section Insulator,0.6611186310719347,66.11186310719347,56.423,62.24,MEDIUM
521,ML-01117,ENGINEERING,Bridge,0.7215810296155112,72.15810296155112,47.1545,62.16,MEDIUM
522,ML-01565,ENGINEERING,Track,0.7583638738575721,75.8363873857572,41.6085,62.15,MEDIUM
523,ML-02905,ENGINEERING,Track,0.5312435940380135,53.12435940380135,75.6985,62.15,MEDIUM
524,ML-00200,ENGINEERING,Track,0.5332748851459326,53.327488514593256,75.284,62.11,MEDIUM
525,ML-00840,TRD,Transformer,0.6283434649596785,62.83434649596785,61.01,62.1,MEDIUM
526,ML-04586,TRD,Transformer,0.5936837304544269,59.36837304544269,66.0945,62.06,MEDIUM
527,ML-03394,ENGINEERING,Bridge,0.7064395320617406,70.64395320617406,49.1325,62.04,MEDIUM
528,ML-02212,TRD,OHE,0.8129242602330932,81.29242602330932,33.1475,62.03,MEDIUM
529,ML-04876,S&T,Signal,0.5948546365365863,59.485463653658634,65.85749999999999,62.03,MEDIUM
530,ML-00859,S&T,Axle Counter,0.6643076144668375,66.43076144668375,55.30800000000001,61.98,MEDIUM
531,ML-03817,ENGINEERING,Bridge,0.6950911957448597,69.50911957448596,50.6365,61.96,MEDIUM
532,ML-02770,S&T,Axle Counter,0.7759078525769045,77.59078525769046,38.5165,61.96,MEDIUM
533,ML-00894,S&T,Axle Counter,0.7667798463990227,76.67798463990228,39.822500000000005,61.94,MEDIUM
534,ML-02626,ENGINEERING,Point & Crossing,0.6827588790448746,68.27588790448746,52.4125,61.93,MEDIUM
535,ML-01157,TRD,Section Insulator,0.7183130071641957,71.83130071641956,47.0565,61.92,MEDIUM
536,ML-04675,S&T,Signal,0.5771964859086366,57.719648590863656,68.1915,61.91,MEDIUM
537,ML-01775,TRD,Transformer,0.6633202815747009,66.33202815747009,55.2485,61.9,MEDIUM
538,ML-03988,S&T,Axle Counter,0.6688307018025011,66.88307018025012,54.415499999999994,61.9,MEDIUM
539,ML-02623,TRD,Transformer,0.6470591161425133,64.70591161425133,57.678,61.89,MEDIUM
540,ML-03069,ENGINEERING,Track,0.6658343886562959,66.58343886562959,54.691500000000005,61.83,MEDIUM
541,ML-00578,ENGINEERING,Bridge,0.7389932629842936,73.89932629842936,43.603,61.78,MEDIUM
542,ML-02125,S&T,Signal,0.5469906712206666,54.69906712206666,72.331,61.75,MEDIUM
543,ML-03415,S&T,Point Machine,0.6138015687216228,61.38015687216228,62.3025,61.75,MEDIUM
544,ML-02706,S&T,Signal,0.4977249216354621,49.77249216354621,79.6425,61.72,MEDIUM
545,ML-04481,S&T,Point Machine,0.6385905752266006,63.85905752266006,58.375,61.67,MEDIUM
546,ML-04427,ENGINEERING,Bridge,0.5217457533983058,52.174575339830575,75.8835,61.66,MEDIUM
547,ML-03032,TRD,Section Insulator,0.6363032727874929,63.63032727874929,58.612,61.62,MEDIUM
548,ML-04195,S&T,Point Machine,0.4989663125392596,49.89663125392596,79.128,61.59,MEDIUM
549,ML-01632,TRD,Transformer,0.6790969382036373,67.90969382036373,52.090500000000006,61.58,MEDIUM
550,ML-01176,ENGINEERING,Track,0.5331064261556638,53.31064261556639,73.9865,61.58,MEDIUM
551,ML-04636,ENGINEERING,Point & Crossing,0.6978476296244215,69.78476296244214,49.22,61.56,MEDIUM
552,ML-03552,ENGINEERING,Bridge,0.6604467381289606,66.04467381289606,54.8305,61.56,MEDIUM
553,ML-03622,ENGINEERING,Bridge,0.5654315121244184,56.54315121244184,69.046,61.54,MEDIUM
554,ML-03741,TRD,Section Insulator,0.7321126086904023,73.21126086904023,44.01,61.53,MEDIUM
555,ML-02766,ENGINEERING,Point & Crossing,0.6754271061686364,67.54271061686364,52.4255,61.5,MEDIUM
556,ML-00135,ENGINEERING,Bridge,0.5954684826444807,59.54684826444807,64.403,61.49,MEDIUM
557,ML-01344,ENGINEERING,Bridge,0.7373584778992454,73.73584778992453,43.1205,61.49,MEDIUM
558,ML-00501,S&T,Axle Counter,0.7028158725955775,70.28158725955775,48.309000000000005,61.49,MEDIUM
559,ML-00585,TRD,Transformer,0.6936786534747632,69.36786534747633,49.61300000000001,61.47,MEDIUM
560,ML-02754,ENGINEERING,Track,0.700232829855653,70.0232829855653,48.535,61.43,MEDIUM
561,ML-03060,ENGINEERING,Track,0.5959432454172942,59.594324541729414,64.1015,61.4,MEDIUM
562,ML-03272,ENGINEERING,Point & Crossing,0.6111217374561155,61.11217374561156,61.788000000000004,61.38,MEDIUM
563,ML-00715,ENGINEERING,Track,0.5204818705779561,52.048187057795616,75.3505,61.37,MEDIUM
564,ML-04900,TRD,Transformer,0.5953601134511274,59.53601134511274,64.101,61.36,MEDIUM
565,ML-00574,ENGINEERING,Bridge,0.5091903304185204,50.91903304185203,76.98150000000001,61.34,MEDIUM
566,ML-01916,S&T,Axle Counter,0.7001295848394513,70.01295848394513,48.3415,61.34,MEDIUM
567,ML-00040,ENGINEERING,Bridge,0.7050616593089337,70.50616593089337,47.50716666666666,61.31,MEDIUM
568,ML-01970,ENGINEERING,Point & Crossing,0.6019643116075426,60.19643116075426,62.917500000000004,61.28,MEDIUM
569,ML-01244,ENGINEERING,Bridge,0.5652414853273843,56.52414853273843,68.339,61.25,MEDIUM
570,ML-00944,ENGINEERING,Track,0.6578012638055607,65.78012638055607,54.396,61.23,MEDIUM
571,ML-04035,TRD,Transformer,0.7443919853205864,74.43919853205864,41.379000000000005,61.22,MEDIUM
572,ML-02142,TRD,Transformer,0.543072094573665,54.307209457366504,71.52850000000001,61.2,MEDIUM
573,ML-03793,ENGINEERING,Point & Crossing,0.5478632783623149,54.786327836231486,70.7645,61.18,MEDIUM
574,ML-00094,TRD,OHE,0.6652827736606669,66.52827736606669,53.1535,61.18,MEDIUM
575,ML-01091,S&T,Point Machine,0.5533611848636163,55.33611848636163,69.8625,61.15,MEDIUM
576,ML-00337,ENGINEERING,Point & Crossing,0.7781558370547869,77.81558370547869,36.1325,61.14,MEDIUM
577,ML-04609,ENGINEERING,Track,0.5202678042711402,52.02678042711402,74.8175,61.14,MEDIUM
578,ML-03818,S&T,Signal,0.6049003409206344,60.49003409206344,62.119,61.14,MEDIUM
579,ML-02435,TRD,OHE,0.6296523003495491,62.965230034954914,58.370000000000005,61.13,MEDIUM
580,ML-03837,ENGINEERING,Point & Crossing,0.6190609669097885,61.90609669097885,59.8525,61.08,MEDIUM
581,ML-00834,ENGINEERING,Bridge,0.5709782904432887,57.097829044328876,66.92,61.03,MEDIUM
582,ML-00475,TRD,Section Insulator,0.7750136974260816,77.50136974260816,36.293499999999995,61.02,MEDIUM
583,ML-04649,ENGINEERING,Bridge,0.7067734550854466,70.67734550854466,46.541333333333334,61.02,MEDIUM
584,ML-02934,S&T,Signal,0.7103430433852913,71.03430433852913,45.95216666666666,61.0,MEDIUM
585,ML-04082,ENGINEERING,Bridge,0.7150337373441037,71.50337373441037,45.246500000000005,61.0,MEDIUM
586,ML-03637,TRD,Transformer,0.6085674071406902,60.856740714069026,61.183499999999995,60.99,MEDIUM
587,ML-03748,ENGINEERING,Point & Crossing,0.7069340477589143,70.69340477589144,46.3955,60.97,MEDIUM
588,ML-03196,S&T,Point Machine,0.6695690303729236,66.95690303729236,51.9465,60.95,MEDIUM
589,ML-04398,S&T,Axle Counter,0.7201727988158005,72.01727988158005,44.3555,60.95,MEDIUM
590,ML-03104,TRD,OHE,0.5175813142668546,51.75813142668546,74.67750000000001,60.93,MEDIUM
591,ML-03795,ENGINEERING,Track,0.7558014684034667,75.58014684034667,38.925,60.92,MEDIUM
592,ML-02549,S&T,Axle Counter,0.5186031900184326,51.86031900184326,74.4125,60.88,MEDIUM
593,ML-02343,ENGINEERING,Bridge,0.44478601982237015,44.478601982237016,85.378,60.84,MEDIUM
594,ML-03542,ENGINEERING,Track,0.5526339434957366,55.26339434957366,69.205,60.84,MEDIUM
595,ML-02803,S&T,Signal,0.430387044025683,43.0387044025683,87.52850000000001,60.83,MEDIUM
596,ML-03070,ENGINEERING,Bridge,0.5581167725422926,55.81167725422927,68.31800000000001,60.81,MEDIUM
597,ML-02467,TRD,OHE,0.6700752537186935,67.00752537186935,51.510000000000005,60.81,MEDIUM
598,ML-03519,ENGINEERING,Bridge,0.5008531528096335,50.08531528096335,76.8375,60.79,MEDIUM
599,ML-02646,ENGINEERING,Bridge,0.6435629603968426,64.35629603968425,55.342000000000006,60.75,MEDIUM
600,ML-01179,S&T,Signal,0.6352689797502862,63.52689797502862,56.588499999999996,60.75,MEDIUM
601,ML-04451,ENGINEERING,Track,0.6980440524811432,69.80440524811432,47.153999999999996,60.74,MEDIUM
602,ML-03314,S&T,Signal,0.49990647722716763,49.990647722716766,76.81299999999999,60.72,MEDIUM
603,ML-03890,ENGINEERING,Bridge,0.6749544801079377,67.49544801079377,50.5685,60.72,MEDIUM
604,ML-03500,S&T,Axle Counter,0.6725423008329366,67.25423008329366,50.891000000000005,60.71,MEDIUM
605,ML-02807,TRD,Transformer,0.7240706960456064,72.40706960456063,43.167500000000004,60.71,MEDIUM
606,ML-03158,TRD,Section Insulator,0.7122550320972159,71.22550320972158,44.948,60.71,MEDIUM
607,ML-04297,TRD,Section Insulator,0.6738124585317812,67.38124585317811,50.6435,60.69,MEDIUM
608,ML-03441,TRD,Section Insulator,0.610003272792849,61.0003272792849,60.203,60.68,MEDIUM
609,ML-04159,TRD,OHE,0.5689049711811852,56.890497118118525,66.356,60.68,MEDIUM
610,ML-02001,ENGINEERING,Bridge,0.6734893608841435,67.34893608841435,50.637,60.66,MEDIUM
611,ML-02512,S&T,Signal,0.6986846862916907,69.86846862916907,46.82600000000001,60.65,MEDIUM
612,ML-01293,TRD,OHE,0.5356855867397713,53.56855867397713,71.147,60.6,MEDIUM
613,ML-00973,S&T,Signal,0.6540877693848209,65.40877693848209,53.359,60.59,MEDIUM
614,ML-02921,ENGINEERING,Point & Crossing,0.615646548138594,61.5646548138594,59.0305,60.55,MEDIUM
615,ML-01906,ENGINEERING,Bridge,0.45170298928827185,45.17029892882719,83.5875,60.54,MEDIUM
616,ML-04264,ENGINEERING,Bridge,0.5947041176703773,59.47041176703773,62.099000000000004,60.52,MEDIUM
617,ML-00495,S&T,Axle Counter,0.6850341056528491,68.50341056528491,48.504999999999995,60.5,MEDIUM
618,ML-02739,ENGINEERING,Bridge,0.6473186929952547,64.73186929952547,54.1425,60.5,MEDIUM
619,ML-03012,TRD,Transformer,0.6678077980008206,66.78077980008206,51.039,60.48,MEDIUM
620,ML-03564,TRD,OHE,0.6590762740312087,65.90762740312087,52.321999999999996,60.47,MEDIUM
621,ML-00264,TRD,Transformer,0.548146058148188,54.8146058148188,68.928,60.46,MEDIUM
622,ML-04613,S&T,Point Machine,0.5017963225275209,50.17963225275209,75.87716666666667,60.46,MEDIUM
623,ML-02621,ENGINEERING,Bridge,0.6618735751793698,66.18735751793699,51.7705,60.42,MEDIUM
624,ML-02515,S&T,Point Machine,0.540246882936875,54.0246882936875,69.9335,60.39,MEDIUM
625,ML-00729,S&T,Point Machine,0.5096315652464171,50.963156524641704,74.493,60.38,MEDIUM
626,ML-00717,S&T,Axle Counter,0.6759609293675761,67.59609293675761,49.5025,60.36,MEDIUM
627,ML-01171,TRD,Transformer,0.5256496307108316,52.564963071083156,72.0575,60.36,MEDIUM
628,ML-03556,TRD,OHE,0.5908993897701087,59.08993897701087,62.162499999999994,60.32,MEDIUM
629,ML-04953,ENGINEERING,Point & Crossing,0.544202509795181,54.4202509795181,69.0875,60.29,MEDIUM
630,ML-04111,S&T,Signal,0.6567251165854361,65.67251165854361,52.206,60.29,MEDIUM
631,ML-01387,TRD,Transformer,0.6255472168072636,62.55472168072635,56.841,60.27,MEDIUM
632,ML-02147,S&T,Axle Counter,0.5238468854321711,52.38468854321711,72.065,60.26,MEDIUM
633,ML-04944,S&T,Axle Counter,0.6433994219293844,64.33994219293844,54.1105,60.25,MEDIUM
634,ML-04091,TRD,OHE,0.5371701657846806,53.717016578468055,70.0435,60.25,MEDIUM
635,ML-01020,TRD,Section Insulator,0.666332732815313,66.6332732815313,50.662,60.24,MEDIUM
636,ML-02487,S&T,Axle Counter,0.7294452461329283,72.94452461329283,41.1795,60.24,MEDIUM
637,ML-04261,ENGINEERING,Point & Crossing,0.46579744747797136,46.579744747797136,80.66,60.21,MEDIUM
638,ML-01260,ENGINEERING,Point & Crossing,0.7619727790947247,76.19727790947248,36.1685,60.19,MEDIUM
639,ML-03761,ENGINEERING,Bridge,0.7327695695840529,73.2769569584053,40.555499999999995,60.19,MEDIUM
640,ML-01491,ENGINEERING,Track,0.5048682353129462,50.486823531294625,74.752,60.19,MEDIUM
641,ML-00979,TRD,OHE,0.6146346025929784,61.46346025929784,58.241,60.17,MEDIUM
642,ML-02821,ENGINEERING,Bridge,0.6261559313921264,62.61559313921264,56.4285,60.14,MEDIUM
643,ML-03401,S&T,Point Machine,0.7337552367455347,73.37552367455346,40.204499999999996,60.11,MEDIUM
644,ML-00685,ENGINEERING,Track,0.5643767612085027,56.43767612085027,65.563,60.09,MEDIUM
645,ML-00893,TRD,Transformer,0.5145825052332197,51.45825052332197,72.952,60.06,MEDIUM
646,ML-02844,TRD,OHE,0.713855657140049,71.3855657140049,43.0785,60.06,MEDIUM
647,ML-04304,ENGINEERING,Bridge,0.7072912377001458,70.72912377001458,44.053,60.06,MEDIUM
648,ML-03732,ENGINEERING,Bridge,0.5505824747137661,55.05824747137661,67.536,60.05,MEDIUM
649,ML-00358,S&T,Signal,0.7222442761980119,72.22442761980119,41.7925,60.05,MEDIUM
650,ML-01465,ENGINEERING,Point & Crossing,0.6480414995139269,64.80414995139269,52.857499999999995,60.03,MEDIUM
651,ML-03546,ENGINEERING,Bridge,0.6552617143416327,65.52617143416327,51.781000000000006,60.03,MEDIUM
652,ML-01963,S&T,Point Machine,0.6770625771455046,67.70625771455046,48.497,60.02,MEDIUM
653,ML-00443,ENGINEERING,Point & Crossing,0.5990627092665384,59.90627092665384,60.128,59.99,MEDIUM
654,ML-00156,ENGINEERING,Track,0.6648965304774386,66.48965304774386,50.216,59.98,MEDIUM
655,ML-01611,ENGINEERING,Track,0.6693727899145905,66.93727899145905,49.5285,59.97,MEDIUM
656,ML-01018,ENGINEERING,Point & Crossing,0.5233187614905562,52.331876149055624,71.4165,59.97,MEDIUM
657,ML-02641,S&T,Axle Counter,0.6129210060545038,61.292100605450386,57.954,59.96,MEDIUM
658,ML-01195,ENGINEERING,Point & Crossing,0.7629149036260111,76.29149036260111,35.4285,59.95,MEDIUM
659,ML-02067,ENGINEERING,Bridge,0.6186839255035533,61.86839255035533,57.0495,59.94,MEDIUM
660,ML-04670,S&T,Signal,0.5500097344294519,55.00097344294519,67.27850000000001,59.91,MEDIUM
661,ML-02097,S&T,Point Machine,0.6579653635799835,65.79653635799835,51.076499999999996,59.91,MEDIUM
662,ML-00028,S&T,Axle Counter,0.663279969152839,66.3279969152839,50.217,59.88,MEDIUM
663,ML-04463,TRD,Section Insulator,0.5141351256076377,51.41351256076378,72.551,59.87,MEDIUM
664,ML-02908,ENGINEERING,Bridge,0.5734393699619246,57.343936996192454,63.648,59.87,MEDIUM
665,ML-00519,TRD,Section Insulator,0.6766258816549715,67.66258816549716,48.078,59.83,MEDIUM
666,ML-03791,ENGINEERING,Point & Crossing,0.5047100009684977,50.47100009684977,73.803,59.8,MEDIUM
667,ML-03616,TRD,Section Insulator,0.6967223177240858,69.67223177240858,44.9465,59.78,MEDIUM
668,ML-04589,ENGINEERING,Bridge,0.46647031626909113,46.64703162690911,79.4465,59.77,MEDIUM
669,ML-02655,ENGINEERING,Point & Crossing,0.6988343847367406,69.88343847367406,44.59,59.77,MEDIUM
670,ML-04788,ENGINEERING,Track,0.5399342563324584,53.99342563324584,68.419,59.76,MEDIUM
671,ML-03896,ENGINEERING,Point & Crossing,0.5518995284932651,55.18995284932651,66.539,59.73,MEDIUM
672,ML-00663,ENGINEERING,Track,0.509201181004795,50.92011810047949,72.91250000000001,59.72,MEDIUM
673,ML-02488,ENGINEERING,Point & Crossing,0.4825948247143736,48.25948247143736,76.923,59.72,MEDIUM
674,ML-04771,S&T,Axle Counter,0.5088498173318095,50.88498173318094,72.935,59.7,MEDIUM
675,ML-03014,S&T,Signal,0.7159346772533907,71.59346772533907,41.858000000000004,59.7,MEDIUM
676,ML-04265,S&T,Axle Counter,0.47184832122351067,47.18483212235107,78.393,59.67,MEDIUM
677,ML-00877,ENGINEERING,Bridge,0.6719199262916371,67.1919926291637,48.3655,59.66,MEDIUM
678,ML-02031,TRD,Section Insulator,0.5663712248965883,56.63712248965883,64.083,59.62,MEDIUM
679,ML-04527,ENGINEERING,Bridge,0.5282510114600885,52.82510114600885,69.7495,59.59,MEDIUM
680,ML-04115,ENGINEERING,Point & Crossing,0.4760449927466586,47.60449927466586,77.563,59.59,MEDIUM
681,ML-04138,ENGINEERING,Point & Crossing,0.6377642560840786,63.77642560840786,53.2535,59.57,MEDIUM
682,ML-00139,S&T,Point Machine,0.7220562733205932,72.20562733205932,40.592,59.56,MEDIUM
683,ML-02886,S&T,Signal,0.5023667387087908,50.23667387087908,73.533,59.56,MEDIUM
684,ML-03166,ENGINEERING,Bridge,0.5917806632019305,59.17806632019305,60.085,59.54,MEDIUM
685,ML-04210,ENGINEERING,Bridge,0.6711174754639696,67.11174754639696,48.058,59.49,MEDIUM
686,ML-00686,TRD,Section Insulator,0.5366294593176262,53.66294593176262,68.1975,59.48,MEDIUM
687,ML-02498,ENGINEERING,Point & Crossing,0.5997521780297105,59.975217802971045,58.6475,59.44,MEDIUM
688,ML-04300,TRD,Section Insulator,0.6986223857492433,69.86223857492433,43.768,59.42,MEDIUM
689,ML-03747,S&T,Signal,0.4852349396141348,48.52349396141348,75.762,59.42,MEDIUM
690,ML-01121,ENGINEERING,Bridge,0.53491483472388,53.491483472388005,68.30799999999999,59.42,MEDIUM
691,ML-00172,TRD,OHE,0.5649906106896743,56.49906106896743,63.772000000000006,59.41,MEDIUM
692,ML-02485,TRD,OHE,0.7161978100727413,71.61978100727413,41.063500000000005,59.4,MEDIUM
693,ML-02493,S&T,Axle Counter,0.6367374517777225,63.67374517777225,52.968,59.39,MEDIUM
694,ML-02751,ENGINEERING,Bridge,0.4745174562201895,47.45174562201895,77.2695,59.38,MEDIUM
695,ML-01752,TRD,Transformer,0.6614625871277601,66.146258712776,49.231,59.38,MEDIUM
696,ML-00169,ENGINEERING,Track,0.7447386243835816,74.47386243835817,36.660000000000004,59.35,MEDIUM
697,ML-04703,S&T,Point Machine,0.5119879838243863,51.198798382438625,71.5615,59.34,MEDIUM
698,ML-01005,S&T,Signal,0.5288791104475387,52.887911044753864,68.997,59.33,MEDIUM
699,ML-03347,ENGINEERING,Point & Crossing,0.6109493724715973,61.094937247159734,56.6215,59.31,MEDIUM
700,ML-01269,S&T,Axle Counter,0.69273013097865,69.273013097865,44.371,59.31,MEDIUM
701,ML-04956,ENGINEERING,Track,0.5415968812102728,54.15968812102728,66.9195,59.26,MEDIUM
702,ML-03349,S&T,Axle Counter,0.7180293032146317,71.80293032146317,40.4295,59.25,MEDIUM
703,ML-01267,ENGINEERING,Bridge,0.5415181962714687,54.15181962714687,66.84899999999999,59.23,MEDIUM
704,ML-04977,S&T,Point Machine,0.6995722638846604,69.95722638846604,43.1495,59.23,MEDIUM
705,ML-04144,S&T,Signal,0.5950838530131862,59.508385301318626,58.798,59.22,MEDIUM
706,ML-01008,ENGINEERING,Point & Crossing,0.6644823391101194,66.44823391101194,48.2295,59.16,MEDIUM
707,ML-00850,ENGINEERING,Track,0.6604875463156177,66.04875463156176,48.7145,59.12,MEDIUM
708,ML-03067,TRD,Section Insulator,0.6860926104426603,68.60926104426603,44.8515,59.11,MEDIUM
709,ML-01588,ENGINEERING,Bridge,0.6805731535564753,68.05731535564753,45.685,59.11,MEDIUM
710,ML-00119,TRD,Transformer,0.5186166943583157,51.86166943583157,69.963,59.1,MEDIUM
711,ML-01862,ENGINEERING,Point & Crossing,0.5969082660947249,59.690826609472495,58.212500000000006,59.1,MEDIUM
712,ML-01770,TRD,OHE,0.70315100414684,70.315100414684,42.190000000000005,59.07,MEDIUM
713,ML-02815,S&T,Point Machine,0.6676335779822863,66.76335779822863,47.52133333333333,59.07,MEDIUM
714,ML-03211,ENGINEERING,Track,0.6352790292876086,63.52790292876086,52.2575,59.02,MEDIUM
715,ML-01447,ENGINEERING,Bridge,0.6175883886239677,61.75883886239677,54.896,59.01,MEDIUM
716,ML-03311,S&T,Signal,0.447544627559572,44.7544627559572,80.358,59.0,MEDIUM
717,ML-02572,S&T,Point Machine,0.5273854194873598,52.738541948735985,68.3595,58.99,MEDIUM
718,ML-03634,ENGINEERING,Bridge,0.520469898788075,52.0469898788075,69.3515,58.97,MEDIUM
719,ML-01591,S&T,Axle Counter,0.5267271186213709,52.67271186213709,68.3415,58.94,MEDIUM
720,ML-00291,TRD,Section Insulator,0.5323761342938146,53.23761342938146,67.48349999999999,58.94,MEDIUM
721,ML-01839,TRD,Transformer,0.7234602073425819,72.34602073425819,38.71083333333333,58.89,MEDIUM
722,ML-04887,TRD,Transformer,0.5896307500273745,58.963075002737455,58.754,58.88,MEDIUM
723,ML-03985,S&T,Signal,0.583762909712034,58.3762909712034,59.6375,58.88,MEDIUM
724,ML-04590,ENGINEERING,Track,0.5137906970103479,51.37906970103479,70.1345,58.88,MEDIUM
725,ML-04801,ENGINEERING,Bridge,0.44705299430858036,44.705299430858034,80.119,58.87,MEDIUM
726,ML-00561,TRD,Transformer,0.4596194636270123,45.96194636270123,78.0205,58.79,MEDIUM
727,ML-03653,ENGINEERING,Track,0.5009790418983862,50.097904189838616,71.8275,58.79,MEDIUM
728,ML-02858,ENGINEERING,Track,0.7194525409454389,71.94525409454388,39.032,58.78,MEDIUM
729,ML-03830,TRD,Section Insulator,0.7314527903479611,73.1452790347961,37.1225,58.74,MEDIUM
730,ML-00258,S&T,Signal,0.40955189234467776,40.955189234467774,85.4175,58.74,MEDIUM
731,ML-02420,S&T,Signal,0.5318807348574652,53.18807348574652,67.041,58.73,MEDIUM
732,ML-00312,TRD,Transformer,0.5325838825353497,53.258388253534974,66.9335,58.73,MEDIUM
733,ML-00683,S&T,Point Machine,0.4447749542740755,44.47749542740755,80.0545,58.71,MEDIUM
734,ML-03461,TRD,Section Insulator,0.5390978028701658,53.90978028701659,65.91250000000001,58.71,MEDIUM
735,ML-04368,S&T,Axle Counter,0.6388682059937382,63.88682059937382,50.938500000000005,58.71,MEDIUM
736,ML-03739,ENGINEERING,Point & Crossing,0.6961038324031685,69.61038324031685,42.3305,58.7,MEDIUM
737,ML-03825,ENGINEERING,Bridge,0.5557947246617829,55.579472466178295,63.329,58.68,MEDIUM
738,ML-02260,ENGINEERING,Point & Crossing,0.637980017613724,63.798001761372404,50.971999999999994,58.67,MEDIUM
739,ML-00688,S&T,Axle Counter,0.6690836273510692,66.90836273510692,46.209500000000006,58.63,MEDIUM
740,ML-04026,TRD,Section Insulator,0.6465010639527446,64.65010639527446,49.592,58.63,MEDIUM
741,ML-04881,ENGINEERING,Track,0.577816441192355,57.781644119235494,59.8335,58.6,MEDIUM
742,ML-03374,S&T,Signal,0.5167518423719646,51.67518423719646,68.956,58.59,MEDIUM
743,ML-02111,TRD,OHE,0.6823004366569002,68.23004366569002,44.131,58.59,MEDIUM
744,ML-03620,TRD,Section Insulator,0.5725080354103176,57.25080354103176,60.589999999999996,58.59,MEDIUM
745,ML-03486,TRD,Transformer,0.6555491428260696,65.55491428260696,48.144,58.59,MEDIUM
746,ML-02050,ENGINEERING,Point & Crossing,0.5177613964877574,51.77613964877574,68.76516666666667,58.57,MEDIUM
747,ML-01472,S&T,Point Machine,0.6988871784362019,69.88871784362019,41.5855,58.57,MEDIUM
748,ML-01991,TRD,Section Insulator,0.6397860412434674,63.97860412434674,50.42,58.56,MEDIUM
749,ML-02177,ENGINEERING,Bridge,0.6061413020194236,60.61413020194236,55.373000000000005,58.52,MEDIUM
750,ML-03423,ENGINEERING,Bridge,0.5113635352477901,51.13635352477901,69.602,58.52,MEDIUM
751,ML-03328,ENGINEERING,Bridge,0.5625376037453707,56.253760374537066,61.789500000000004,58.47,MEDIUM
752,ML-02129,ENGINEERING,Point & Crossing,0.7769344392952386,77.69344392952387,29.6465,58.47,MEDIUM
753,ML-03156,S&T,Signal,0.645876706939868,64.5876706939868,49.233666666666664,58.45,MEDIUM
754,ML-00213,S&T,Signal,0.6686571116343819,66.86571116343819,45.837,58.45,MEDIUM
755,ML-02755,TRD,Transformer,0.4373330777586867,43.73330777586867,80.4555,58.42,MEDIUM
756,ML-04390,S&T,Signal,0.4827702458931835,48.27702458931835,73.63300000000001,58.42,MEDIUM
757,ML-00176,ENGINEERING,Bridge,0.6848616481285255,68.48616481285255,43.2735,58.4,MEDIUM
758,ML-02473,TRD,Section Insulator,0.46565831707158983,46.565831707158985,76.1275,58.39,MEDIUM
759,ML-03160,ENGINEERING,Track,0.5237590457610495,52.37590457610495,67.303,58.35,MEDIUM
760,ML-03746,S&T,Signal,0.620147844266976,62.0147844266976,52.7515,58.31,MEDIUM
761,ML-00436,S&T,Signal,0.7160137505652016,71.60137505652015,38.3695,58.31,MEDIUM
762,ML-01690,ENGINEERING,Point & Crossing,0.5414845848071328,54.14845848071328,64.516,58.3,MEDIUM
763,ML-02009,S&T,Signal,0.4994470241395449,49.94470241395449,70.816,58.29,MEDIUM
764,ML-00526,S&T,Point Machine,0.5380965526144841,53.809655261448405,65.0035,58.29,MEDIUM
765,ML-00503,TRD,Transformer,0.659589045083283,65.9589045083283,46.7945,58.29,MEDIUM
766,ML-03022,TRD,Transformer,0.42784515468339224,42.78451546833922,81.51650000000001,58.28,MEDIUM
767,ML-02611,TRD,OHE,0.5532125114732672,55.32125114732672,62.7025,58.27,MEDIUM
768,ML-04320,S&T,Point Machine,0.5947483916588205,59.47483916588205,56.356,58.23,MEDIUM
769,ML-01462,ENGINEERING,Point & Crossing,0.4941354530706599,49.413545307065995,71.398,58.21,MEDIUM
770,ML-01178,S&T,Point Machine,0.5215766372037358,52.157663720373584,67.2625,58.2,MEDIUM
771,ML-01896,S&T,Signal,0.5021319891823385,50.21319891823385,70.04650000000001,58.15,MEDIUM
772,ML-03751,S&T,Signal,0.5442117645705659,54.42117645705659,63.7355,58.15,MEDIUM
773,ML-00309,S&T,Point Machine,0.5191496545530626,51.91496545530626,67.5,58.15,MEDIUM
774,ML-02772,S&T,Signal,0.5138733223846839,51.38733223846839,68.271,58.14,MEDIUM
775,ML-02016,S&T,Point Machine,0.5848511269187953,58.48511269187953,57.587,58.13,MEDIUM
776,ML-02140,ENGINEERING,Track,0.607726967176642,60.772696717664196,54.135,58.12,MEDIUM
777,ML-02107,S&T,Signal,0.5447570526009118,54.475705260091175,63.542,58.1,MEDIUM
778,ML-01222,ENGINEERING,Point & Crossing,0.48053807213759697,48.0538072137597,73.1105,58.08,MEDIUM
779,ML-01430,S&T,Axle Counter,0.5517359880880863,55.173598808808634,62.447500000000005,58.08,MEDIUM
780,ML-02889,TRD,Transformer,0.45262262536303394,45.262262536303396,77.27,58.07,MEDIUM
781,ML-03059,TRD,Section Insulator,0.4089839961241071,40.89839961241071,83.8155,58.07,MEDIUM
782,ML-03860,ENGINEERING,Track,0.5600513387962271,56.00513387962272,61.134499999999996,58.06,MEDIUM
783,ML-04274,TRD,OHE,0.6507032708138394,65.07032708138394,47.5035,58.04,MEDIUM
784,ML-02172,S&T,Signal,0.5179555746210457,51.79555746210457,67.36699999999999,58.02,MEDIUM
785,ML-00428,S&T,Point Machine,0.6903759649470538,69.03759649470538,41.46,58.01,MEDIUM
786,ML-02840,TRD,OHE,0.605847586207766,60.584758620776604,54.115,58.0,MEDIUM
787,ML-01221,ENGINEERING,Track,0.7023329147911872,70.23329147911872,39.635999999999996,57.99,MEDIUM
788,ML-01312,ENGINEERING,Track,0.6063910724252297,60.63910724252297,53.9845,57.98,MEDIUM
789,ML-02798,TRD,Section Insulator,0.6562218959816587,65.62218959816587,46.316,57.9,MEDIUM
790,ML-04573,S&T,Point Machine,0.4609782496152831,46.09782496152831,75.575,57.89,MEDIUM
791,ML-02413,ENGINEERING,Point & Crossing,0.5854964270897804,58.54964270897804,56.8735,57.88,MEDIUM
792,ML-01460,TRD,Transformer,0.7673831718952528,76.73831718952529,29.50483333333333,57.84,MEDIUM
793,ML-04671,TRD,Transformer,0.49534359677366757,49.53435967736676,70.2955,57.84,MEDIUM
794,ML-00536,ENGINEERING,Point & Crossing,0.6233856606931242,62.33856606931242,51.0325,57.82,MEDIUM
795,ML-04966,TRD,Transformer,0.708827098136425,70.88270981364249,38.221333333333334,57.82,MEDIUM
796,ML-03868,TRD,OHE,0.5776979407005668,57.769794070056676,57.876,57.81,MEDIUM
797,ML-00927,ENGINEERING,Track,0.5014948595808871,50.14948595808871,69.27350000000001,57.8,MEDIUM
798,ML-00666,S&T,Signal,0.5091957758592027,50.91957758592027,68.09049999999999,57.79,MEDIUM
799,ML-03912,ENGINEERING,Track,0.6333124328858541,63.33124328858541,49.373000000000005,57.75,MEDIUM
800,ML-04682,S&T,Point Machine,0.7321362974754557,73.21362974754557,34.519000000000005,57.74,MEDIUM
801,ML-04845,TRD,Transformer,0.5295631168148488,52.95631168148488,64.836,57.71,MEDIUM
802,ML-00883,S&T,Point Machine,0.5760304567180398,57.603045671803976,57.8725,57.71,MEDIUM
803,ML-02464,S&T,Signal,0.6489951329644417,64.89951329644417,46.910000000000004,57.7,MEDIUM
804,ML-04520,ENGINEERING,Point & Crossing,0.5359258590542295,53.59258590542295,63.816500000000005,57.68,MEDIUM
805,ML-01045,S&T,Point Machine,0.5322762107854392,53.22762107854392,64.3335,57.67,MEDIUM
806,ML-04947,TRD,Section Insulator,0.7330847188211209,73.30847188211209,34.224333333333334,57.67,MEDIUM
807,ML-01273,S&T,Axle Counter,0.5259164384354527,52.59164384354526,65.24883333333334,57.65,MEDIUM
808,ML-04331,S&T,Signal,0.4554721916875896,45.547219168758964,75.76150000000001,57.63,MEDIUM
809,ML-03303,ENGINEERING,Point & Crossing,0.6713055070828026,67.13055070828025,43.3855,57.63,MEDIUM
810,ML-03559,ENGINEERING,Point & Crossing,0.6297948544605471,62.9794854460547,49.548,57.61,MEDIUM
811,ML-04056,ENGINEERING,Track,0.4859463955068324,48.59463955068324,71.1385,57.61,MEDIUM
812,ML-00945,S&T,Point Machine,0.6952979991326785,69.52979991326785,39.73650000000001,57.61,MEDIUM
813,ML-01852,ENGINEERING,Bridge,0.7609159885907579,76.09159885907579,29.857000000000003,57.6,MEDIUM
814,ML-04542,ENGINEERING,Point & Crossing,0.48306897986084435,48.30689798608444,71.519,57.59,MEDIUM
815,ML-04430,ENGINEERING,Track,0.5365391486346346,53.653914863463456,63.456,57.57,MEDIUM
816,ML-03237,ENGINEERING,Bridge,0.5109512748714029,51.09512748714029,67.276,57.57,MEDIUM
817,ML-02037,S&T,Signal,0.7023555095268899,70.23555095268898,38.528,57.55,MEDIUM
818,ML-02771,TRD,Section Insulator,0.5145468169932469,51.45468169932469,66.6705,57.54,MEDIUM
819,ML-01021,S&T,Axle Counter,0.554664921080723,55.466492108072295,60.5835,57.51,MEDIUM
820,ML-00328,S&T,Axle Counter,0.5372880293877489,53.72880293877489,63.165499999999994,57.5,MEDIUM
821,ML-00347,ENGINEERING,Track,0.5041511757317357,50.415117573173575,68.12049999999999,57.5,MEDIUM
822,ML-04663,TRD,Transformer,0.6716398181592176,67.16398181592176,43.015,57.5,MEDIUM
823,ML-03991,ENGINEERING,Point & Crossing,0.619023737474794,61.9023737474794,50.7775,57.45,MEDIUM
824,ML-01589,TRD,OHE,0.5483943914207514,54.83943914207514,61.3455,57.44,MEDIUM
825,ML-01983,TRD,OHE,0.5277273209146609,52.77273209146609,64.4495,57.44,MEDIUM
826,ML-03364,ENGINEERING,Bridge,0.6663595207282822,66.63595207282822,43.622499999999995,57.43,MEDIUM
827,ML-00700,S&T,Axle Counter,0.7171259577620428,71.71259577620428,35.9785,57.42,MEDIUM
828,ML-01642,S&T,Point Machine,0.6673307639376513,66.73307639376513,43.4315,57.41,MEDIUM
829,ML-03573,S&T,Axle Counter,0.5185736748121696,51.85736748121697,65.74600000000001,57.41,MEDIUM
830,ML-01559,S&T,Axle Counter,0.6063079475603801,60.63079475603801,52.574,57.41,MEDIUM
831,ML-04270,S&T,Signal,0.8547419438369802,85.47419438369802,15.324,57.41,MEDIUM
832,ML-03701,ENGINEERING,Point & Crossing,0.6160991471998479,61.60991471998479,51.082499999999996,57.4,MEDIUM
833,ML-03391,TRD,OHE,0.6420350867632958,64.20350867632958,47.1635,57.39,MEDIUM
834,ML-00401,S&T,Axle Counter,0.5711143431296963,57.111434312969635,57.6735,57.34,MEDIUM
835,ML-01124,ENGINEERING,Bridge,0.48465839980906544,48.465839980906544,70.6545,57.34,MEDIUM
836,ML-01162,S&T,Axle Counter,0.469655909479283,46.9655909479283,72.8035,57.3,MEDIUM
837,ML-01047,S&T,Point Machine,0.7405453661460389,74.05453661460389,32.1455,57.29,MEDIUM
838,ML-00108,TRD,Transformer,0.5370925906144295,53.70925906144295,62.5995,57.27,MEDIUM
839,ML-00055,S&T,Axle Counter,0.7188083176775798,71.88083176775798,35.358999999999995,57.27,MEDIUM
840,ML-01411,S&T,Signal,0.4456726347015491,44.56726347015491,76.2925,57.26,MEDIUM
841,ML-02689,S&T,Axle Counter,0.5074081151573625,50.74081151573625,67.0375,57.26,MEDIUM
842,ML-03444,S&T,Axle Counter,0.5830269417427625,58.30269417427625,55.687,57.26,MEDIUM
843,ML-04247,ENGINEERING,Point & Crossing,0.5780786460178072,57.80786460178072,56.442499999999995,57.26,MEDIUM
844,ML-03046,ENGINEERING,Track,0.6352028965548492,63.520289655484916,47.809,57.24,MEDIUM
845,ML-02694,ENGINEERING,Track,0.5152096088398558,51.52096088398558,65.8165,57.24,MEDIUM
846,ML-01363,TRD,Section Insulator,0.6836567667453548,68.36567667453548,40.44266666666667,57.2,MEDIUM
847,ML-00102,ENGINEERING,Point & Crossing,0.5603588618504503,56.03588618504502,58.9135,57.19,MEDIUM
848,ML-02099,ENGINEERING,Point & Crossing,0.5067545708526899,50.675457085268995,66.93950000000001,57.18,MEDIUM
849,ML-01879,ENGINEERING,Track,0.5639551230421733,56.395512304217334,58.3175,57.16,MEDIUM
850,ML-03080,ENGINEERING,Point & Crossing,0.6820397587475361,68.20397587475361,40.542,57.14,MEDIUM
851,ML-04895,S&T,Axle Counter,0.5694092909942989,56.940929099429894,57.44,57.14,MEDIUM
852,ML-01105,ENGINEERING,Track,0.5082639741935463,50.82639741935463,66.543,57.11,MEDIUM
853,ML-04676,ENGINEERING,Point & Crossing,0.574214737913059,57.4214737913059,56.6125,57.1,MEDIUM
854,ML-04371,S&T,Axle Counter,0.67677009130766,67.677009130766,41.2135,57.09,MEDIUM
855,ML-00856,ENGINEERING,Point & Crossing,0.4615877170175955,46.15877170175955,73.4535,57.08,MEDIUM
856,ML-02610,ENGINEERING,Track,0.48042161493409663,48.042161493409665,70.639,57.08,MEDIUM
857,ML-01007,ENGINEERING,Bridge,0.4691316179288013,46.91316179288013,72.293,57.07,MEDIUM
858,ML-00217,ENGINEERING,Point & Crossing,0.44221836185394847,44.22183618539485,76.327,57.06,MEDIUM
859,ML-02228,S&T,Axle Counter,0.6003266367651142,60.03266367651142,52.6105,57.06,MEDIUM
860,ML-02699,S&T,Point Machine,0.512151542680865,51.21515426808651,65.82866666666666,57.06,MEDIUM
861,ML-03557,ENGINEERING,Bridge,0.42061697928828584,42.061697928828586,79.471,57.03,MEDIUM
862,ML-01455,ENGINEERING,Track,0.5283215475347646,52.83215475347646,63.2725,57.01,MEDIUM
863,ML-03602,TRD,OHE,0.47619181135955607,47.61918113595561,71.07300000000001,57.0,MEDIUM
864,ML-01183,ENGINEERING,Track,0.5219850288719632,52.19850288719632,64.2125,57.0,MEDIUM
865,ML-01136,S&T,Signal,0.418373832922313,41.8373832922313,79.717,56.99,MEDIUM
866,ML-04578,ENGINEERING,Bridge,0.6500857441158581,65.00857441158581,44.907,56.97,MEDIUM
867,ML-04356,S&T,Signal,0.6082700011355334,60.82700011355334,51.175,56.97,MEDIUM
868,ML-02190,S&T,Point Machine,0.5295578722321765,52.955787223217655,62.9555,56.96,MEDIUM
869,ML-02760,ENGINEERING,Track,0.5106769209606175,51.06769209606175,65.78,56.95,MEDIUM
870,ML-02627,TRD,OHE,0.5531085373437974,55.31085373437974,59.4035,56.95,MEDIUM
871,ML-02568,ENGINEERING,Point & Crossing,0.5582034096226467,55.820340962264666,58.6485,56.95,MEDIUM
872,ML-02342,TRD,OHE,0.6301881186254705,63.018811862547054,47.82,56.94,MEDIUM
873,ML-03214,S&T,Signal,0.5365317911118895,53.653179111188955,61.837999999999994,56.93,MEDIUM
874,ML-01981,TRD,Transformer,0.46911032260717483,46.911032260717484,71.9565,56.93,MEDIUM
875,ML-03971,ENGINEERING,Bridge,0.5873431641321908,58.73431641321908,54.1945,56.92,MEDIUM
876,ML-04692,ENGINEERING,Point & Crossing,0.49568110628788664,49.568110628788666,67.878,56.89,MEDIUM
877,ML-04877,ENGINEERING,Bridge,0.4783097068807413,47.83097068807413,70.4355,56.87,MEDIUM
878,ML-04168,TRD,OHE,0.5913482929252563,59.13482929252562,53.468500000000006,56.87,MEDIUM
879,ML-01367,TRD,OHE,0.7039178809294135,70.39178809294135,36.560166666666674,56.86,MEDIUM
880,ML-03420,TRD,OHE,0.5017334068477401,50.17334068477402,66.832,56.84,MEDIUM
881,ML-03792,TRD,Section Insulator,0.489942353860798,48.9942353860798,68.5945,56.83,MEDIUM
882,ML-02929,S&T,Signal,0.39366226689343725,39.366226689343726,83.00466666666667,56.82,MEDIUM
883,ML-03932,ENGINEERING,Bridge,0.6797855737716111,67.97855737716111,40.066,56.81,MEDIUM
884,ML-04223,S&T,Signal,0.46212967526589,46.212967526589,72.695,56.81,MEDIUM
885,ML-00483,ENGINEERING,Point & Crossing,0.6286353869556897,62.86353869556896,47.6855,56.79,MEDIUM
886,ML-01904,ENGINEERING,Track,0.691533655398913,69.1533655398913,38.2285,56.78,MEDIUM
887,ML-02195,S&T,Signal,0.482980272396056,48.2980272396056,69.507,56.78,MEDIUM
888,ML-04251,ENGINEERING,Bridge,0.6336316266671016,63.36316266671016,46.854,56.76,MEDIUM
889,ML-04484,ENGINEERING,Track,0.59820323307751,59.820323307750996,52.181,56.76,MEDIUM
890,ML-04431,ENGINEERING,Bridge,0.46590936758463175,46.59093675846317,72.009,56.76,MEDIUM
891,ML-00983,S&T,Signal,0.4682594537312702,46.82594537312702,71.64366666666666,56.75,MEDIUM
892,ML-01446,ENGINEERING,Point & Crossing,0.46619708775999064,46.619708775999065,71.957,56.75,MEDIUM
893,ML-04769,ENGINEERING,Track,0.6722167474374676,67.22167474374676,40.9935,56.73,MEDIUM
894,ML-04838,S&T,Point Machine,0.4455543982526982,44.55543982526982,74.97,56.72,MEDIUM
895,ML-00073,ENGINEERING,Bridge,0.5133924900371336,51.33924900371336,64.799,56.72,MEDIUM
896,ML-01761,S&T,Signal,0.5127714303629007,51.27714303629007,64.7415,56.66,MEDIUM
897,ML-03446,ENGINEERING,Bridge,0.40302507087114486,40.302507087114485,81.1875,56.66,MEDIUM
898,ML-04921,S&T,Point Machine,0.664698154119531,66.4698154119531,41.916,56.65,MEDIUM
899,ML-04373,ENGINEERING,Bridge,0.4854008950832576,48.540089508325764,68.7405,56.62,MEDIUM
900,ML-04563,ENGINEERING,Bridge,0.562064198665404,56.2064198665404,57.2225,56.61,MEDIUM
901,ML-03438,TRD,OHE,0.46464501507119293,46.464501507119294,71.80850000000001,56.6,MEDIUM
902,ML-00163,ENGINEERING,Bridge,0.5359824371557663,53.59824371557663,61.080999999999996,56.59,MEDIUM
903,ML-03029,ENGINEERING,Bridge,0.620641352303203,62.0641352303203,48.3725,56.59,MEDIUM
904,ML-03263,S&T,Point Machine,0.4206890239900008,42.06890239900008,78.3815,56.59,MEDIUM
905,ML-02946,ENGINEERING,Track,0.547675068967253,54.7675068967253,59.238,56.56,MEDIUM
906,ML-02168,S&T,Signal,0.46780324779757576,46.78032477975758,71.155,56.53,MEDIUM
907,ML-00007,S&T,Signal,0.7236547810828544,72.36547810828544,32.7545,56.52,MEDIUM
908,ML-01992,TRD,Transformer,0.6673645827105039,66.7364582710504,41.163,56.51,MEDIUM
909,ML-01506,S&T,Point Machine,0.5224074297660674,52.24074297660673,62.824000000000005,56.47,MEDIUM
910,ML-00053,S&T,Point Machine,0.5533977127647655,55.33977127647655,58.150000000000006,56.46,MEDIUM
911,ML-03835,TRD,Section Insulator,0.5260178599357941,52.60178599357941,62.217,56.45,MEDIUM
912,ML-04383,S&T,Axle Counter,0.4870478999194659,48.70478999194659,68.054,56.44,MEDIUM
913,ML-02774,ENGINEERING,Bridge,0.5323264960611835,53.23264960611836,61.255,56.44,MEDIUM
914,ML-02789,S&T,Point Machine,0.6749792541638936,67.49792541638936,39.816500000000005,56.43,MEDIUM
915,ML-04592,S&T,Signal,0.47017428201463807,47.01742820146381,70.475,56.4,MEDIUM
916,ML-04107,ENGINEERING,Point & Crossing,0.5767998182515828,57.67998182515828,54.4625,56.39,MEDIUM
917,ML-04311,S&T,Point Machine,0.6503474125577686,65.03474125577686,43.3975,56.38,MEDIUM
918,ML-02352,ENGINEERING,Point & Crossing,0.5655823394650892,56.55823394650892,56.096,56.37,MEDIUM
919,ML-03543,TRD,Section Insulator,0.5116757463828857,51.16757463828857,64.087,56.34,MEDIUM
920,ML-00986,ENGINEERING,Track,0.6293904359157576,62.93904359157576,46.438500000000005,56.34,MEDIUM
921,ML-04985,ENGINEERING,Track,0.46330198113209664,46.33019811320966,71.3125,56.32,MEDIUM
922,ML-04883,S&T,Signal,0.4883454426806064,48.83454426806064,67.5325,56.31,MEDIUM
923,ML-01953,S&T,Point Machine,0.5756758579766056,57.567585797660556,54.388,56.3,MEDIUM
924,ML-01097,ENGINEERING,Bridge,0.5270177852479029,52.701778524790285,61.68,56.29,MEDIUM
925,ML-03983,TRD,Section Insulator,0.5093591530874082,50.93591530874082,64.3335,56.29,MEDIUM
926,ML-00453,ENGINEERING,Bridge,0.6039393072296503,60.39393072296503,50.142,56.29,MEDIUM
927,ML-03775,S&T,Signal,0.45920208432981324,45.920208432981326,71.8155,56.28,MEDIUM
928,ML-00702,S&T,Signal,0.5498159290946846,54.98159290946846,58.18299999999999,56.26,MEDIUM
929,ML-01270,ENGINEERING,Point & Crossing,0.4255759419992808,42.557594199928076,76.7985,56.25,MEDIUM
930,ML-04898,S&T,Signal,0.6013954195019671,60.13954195019671,50.394000000000005,56.24,MEDIUM
931,ML-03161,ENGINEERING,Bridge,0.45004503562304604,45.004503562304606,73.086,56.24,MEDIUM
932,ML-03929,ENGINEERING,Track,0.6467847015605147,64.67847015605147,43.569,56.23,MEDIUM
933,ML-04683,S&T,Signal,0.6765019771106586,67.65019771106586,39.08316666666666,56.22,MEDIUM
934,ML-02850,S&T,Axle Counter,0.6141675973833209,61.4167597383321,48.393,56.21,MEDIUM
935,ML-01787,S&T,Signal,0.3901515132469985,39.01515132469985,82.011,56.21,MEDIUM
936,ML-04513,TRD,OHE,0.4491420162005905,44.91420162005905,73.1615,56.21,MEDIUM
937,ML-01900,TRD,OHE,0.6741872253123528,67.41872253123528,39.388000000000005,56.21,MEDIUM
938,ML-00205,TRD,Transformer,0.6413903982620213,64.13903982620212,44.2305,56.18,MEDIUM
939,ML-01223,TRD,OHE,0.5023827536697696,50.23827536697696,65.02799999999999,56.15,MEDIUM
940,ML-03697,ENGINEERING,Bridge,0.4887527150655698,48.87527150655698,67.0235,56.13,MEDIUM
941,ML-01935,TRD,Section Insulator,0.4774634752194366,47.74634752194366,68.697,56.13,MEDIUM
942,ML-00604,S&T,Signal,0.5523329665302689,55.23329665302688,57.3755,56.09,MEDIUM
943,ML-01750,TRD,OHE,0.5768797513760672,57.68797513760672,53.677499999999995,56.08,MEDIUM
944,ML-00512,ENGINEERING,Bridge,0.5037255262430633,50.37255262430633,64.633,56.08,MEDIUM
945,ML-03586,ENGINEERING,Point & Crossing,0.5844920995910305,58.44920995910306,52.466499999999996,56.06,MEDIUM
946,ML-00397,TRD,Transformer,0.4646422783778978,46.46422783778978,70.3965,56.04,MEDIUM
947,ML-01332,ENGINEERING,Track,0.47687550649551835,47.68755064955184,68.51849999999999,56.02,MEDIUM
948,ML-02919,ENGINEERING,Bridge,0.4865861922329826,48.65861922329826,67.047,56.01,MEDIUM
949,ML-01726,ENGINEERING,Point & Crossing,0.5183778733795669,51.837787337956684,62.1565,55.97,MEDIUM
950,ML-03344,S&T,Axle Counter,0.5068429138350287,50.68429138350287,63.907,55.97,MEDIUM
951,ML-03861,S&T,Signal,0.6501610571018089,65.0161057101809,42.38816666666666,55.96,MEDIUM
952,ML-04199,ENGINEERING,Bridge,0.5514931853334732,55.149318533347326,57.13416666666666,55.94,MEDIUM
953,ML-01601,S&T,Point Machine,0.46469782237147816,46.46978223714782,70.11,55.93,MEDIUM
954,ML-00256,ENGINEERING,Bridge,0.6790279526613854,67.90279526613854,37.915,55.91,MEDIUM
955,ML-01370,ENGINEERING,Point & Crossing,0.6746723983985364,67.46723983985365,38.545,55.9,MEDIUM
956,ML-04500,ENGINEERING,Point & Crossing,0.4917580377827879,49.17580377827879,65.9435,55.88,MEDIUM
957,ML-01469,ENGINEERING,Track,0.47836468276788646,47.83646827678864,67.951,55.88,MEDIUM
958,ML-04360,ENGINEERING,Track,0.42930077704279285,42.930077704279284,75.261,55.86,MEDIUM
959,ML-02667,ENGINEERING,Point & Crossing,0.48023521362533467,48.023521362533465,67.6185,55.86,MEDIUM
960,ML-04560,S&T,Signal,0.6212795402574637,62.12795402574637,46.463499999999996,55.86,MEDIUM
961,ML-03295,ENGINEERING,Point & Crossing,0.49272434900742007,49.272434900742006,65.72800000000001,55.85,MEDIUM
962,ML-02131,S&T,Point Machine,0.5642901572493365,56.42901572493365,54.974,55.85,MEDIUM
963,ML-01347,ENGINEERING,Track,0.4698738402263576,46.98738402263576,69.0835,55.83,MEDIUM
964,ML-02505,TRD,Section Insulator,0.6067064607289606,60.67064607289606,48.566,55.83,MEDIUM
965,ML-02329,TRD,Transformer,0.5439129309903936,54.39129309903936,57.9555,55.82,MEDIUM
966,ML-01945,S&T,Point Machine,0.5759612887242197,57.59612887242197,53.151,55.82,MEDIUM
967,ML-00668,TRD,OHE,0.552739189712114,55.2739189712114,56.5945,55.8,MEDIUM
968,ML-02184,TRD,Section Insulator,0.3630114199005098,36.30114199005098,85.0265,55.79,MEDIUM
969,ML-02964,TRD,Transformer,0.47094612878790865,47.09461287879086,68.8415,55.79,MEDIUM
970,ML-04660,TRD,Transformer,0.47419237648480417,47.41923764848042,68.2955,55.77,MEDIUM
971,ML-04917,ENGINEERING,Point & Crossing,0.6476750624057052,64.76750624057051,42.243,55.76,MEDIUM
972,ML-00942,ENGINEERING,Track,0.6097048606782385,60.97048606782385,47.8915,55.74,MEDIUM
973,ML-03572,ENGINEERING,Point & Crossing,0.5921934029464649,59.21934029464649,50.5055,55.73,MEDIUM
974,ML-00395,S&T,Axle Counter,0.46246362764280674,46.246362764280676,69.9275,55.72,MEDIUM
975,ML-03670,ENGINEERING,Track,0.5562794028809571,55.627940288095715,55.864,55.72,MEDIUM
976,ML-03921,ENGINEERING,Point & Crossing,0.5096893226899508,50.96893226899508,62.801,55.7,MEDIUM
977,ML-02566,ENGINEERING,Bridge,0.4807090815253022,48.070908152530215,67.113,55.69,MEDIUM
978,ML-02354,TRD,Transformer,0.5132740345813098,51.32740345813098,62.212999999999994,55.68,MEDIUM
979,ML-04021,ENGINEERING,Track,0.48147254474222173,48.14725447422217,66.884,55.64,MEDIUM
980,ML-00385,S&T,Point Machine,0.6477424189678928,64.77424189678928,41.9505,55.64,MEDIUM
981,ML-00011,ENGINEERING,Point & Crossing,0.4741465801913129,47.41465801913129,67.96549999999999,55.63,MEDIUM
982,ML-03250,TRD,Section Insulator,0.6215764709349261,62.157647093492606,45.843,55.63,MEDIUM
983,ML-02180,ENGINEERING,Bridge,0.4679533757249908,46.79533757249908,68.818,55.6,MEDIUM
984,ML-01302,S&T,Point Machine,0.49800028696901394,49.80002869690139,64.279,55.59,MEDIUM
985,ML-04113,ENGINEERING,Track,0.4342528880382162,43.42528880382162,73.7505,55.56,MEDIUM
986,ML-01562,S&T,Axle Counter,0.6596970137618128,65.96970137618128,39.941500000000005,55.56,MEDIUM
987,ML-03681,TRD,Transformer,0.4290081453111723,42.900814531117234,74.5125,55.55,MEDIUM
988,ML-03003,S&T,Axle Counter,0.46149975992027054,46.14997599202705,69.62299999999999,55.54,MEDIUM
989,ML-02182,TRD,Transformer,0.4626442888859799,46.26442888859799,69.451,55.54,MEDIUM
990,ML-01962,ENGINEERING,Bridge,0.38452380538245845,38.45238053824585,81.1565,55.53,MEDIUM
991,ML-04559,ENGINEERING,Bridge,0.44852969754402183,44.85296975440218,71.512,55.52,MEDIUM
992,ML-01139,TRD,OHE,0.4753030395936401,47.53030395936401,67.465,55.5,MEDIUM
993,ML-03007,ENGINEERING,Track,0.5867747513923817,58.67747513923817,50.724500000000006,55.5,MEDIUM
994,ML-03398,TRD,Section Insulator,0.4597709252543595,45.97709252543595,69.672,55.46,MEDIUM
995,ML-03296,ENGINEERING,Point & Crossing,0.5019318686344971,50.19318686344971,63.367999999999995,55.46,MEDIUM
996,ML-01010,ENGINEERING,Point & Crossing,0.5516461756133951,55.16461756133951,55.797000000000004,55.42,MEDIUM
997,ML-04720,ENGINEERING,Bridge,0.4845043363699568,48.45043363699568,65.816,55.4,MEDIUM
998,ML-03537,ENGINEERING,Track,0.6434226607950028,64.34226607950028,41.986000000000004,55.4,MEDIUM
999,ML-02675,ENGINEERING,Point & Crossing,0.49864155864517934,49.86415586451793,63.703,55.4,MEDIUM
1000,ML-03168,ENGINEERING,Bridge,0.5008552198885478,50.08552198885477,63.374,55.4,MEDIUM
1001,ML-00103,ENGINEERING,Track,0.5329168043486782,53.291680434867814,58.510999999999996,55.38,MEDIUM
1002,ML-01058,ENGINEERING,Bridge,0.6886079870182321,68.86079870182321,35.146,55.37,MEDIUM
1003,ML-04241,S&T,Point Machine,0.6108264586671036,61.08264586671036,46.667,55.32,MEDIUM
1004,ML-03582,S&T,Point Machine,0.427550412598144,42.755041259814405,74.163,55.32,MEDIUM
1005,ML-03176,S&T,Signal,0.45272254315692523,45.27225431569252,70.3545,55.31,MEDIUM
1006,ML-04365,ENGINEERING,Point & Crossing,0.5271065707832875,52.71065707832875,59.182,55.3,MEDIUM
1007,ML-03585,ENGINEERING,Bridge,0.5245054577089596,52.450545770895964,59.573,55.3,MEDIUM
1008,ML-03353,ENGINEERING,Point & Crossing,0.5552261010392141,55.52261010392141,54.940999999999995,55.29,MEDIUM
1009,ML-02869,S&T,Axle Counter,0.5006922840267716,50.069228402677155,63.09,55.28,MEDIUM
1010,ML-03100,ENGINEERING,Bridge,0.5307347245202493,53.07347245202493,58.577,55.27,MEDIUM
1011,ML-00640,TRD,Section Insulator,0.6702512214935357,67.02512214935356,37.61450000000001,55.26,MEDIUM
1012,ML-04213,S&T,Signal,0.5066929802628733,50.669298026287336,62.11600000000001,55.25,MEDIUM
1013,ML-00990,S&T,Signal,0.4469894142901954,44.69894142901954,70.8515,55.16,MEDIUM
1014,ML-03017,S&T,Point Machine,0.6143290752838949,61.43290752838949,45.707499999999996,55.14,MEDIUM
1015,ML-03274,S&T,Signal,0.4407227840475793,44.07227840475793,71.7185,55.13,MEDIUM
1016,ML-02707,ENGINEERING,Bridge,0.5227106939215183,52.27106939215182,59.4115,55.13,MEDIUM
1017,ML-03252,ENGINEERING,Point & Crossing,0.5728102893625627,57.28102893625627,51.908500000000004,55.13,MEDIUM
1018,ML-00590,ENGINEERING,Track,0.39366256777176906,39.36625677717691,78.759,55.12,MEDIUM
1019,ML-00696,TRD,Section Insulator,0.5076092807902816,50.760928079028155,61.6455,55.11,MEDIUM
1020,ML-01886,TRD,Section Insulator,0.5403806522980052,54.03806522980052,56.7055,55.11,MEDIUM
1021,ML-01709,TRD,Transformer,0.4764056422433554,47.64056422433554,66.267,55.09,MEDIUM
1022,ML-04920,TRD,OHE,0.43864366394792564,43.86436639479256,71.846,55.06,MEDIUM
1023,ML-02145,ENGINEERING,Point & Crossing,0.6272357041074836,62.723570410748366,43.546,55.05,MEDIUM
1024,ML-00300,S&T,Point Machine,0.5458365524722646,54.58365524722646,55.752,55.05,MEDIUM
1025,ML-00154,TRD,Transformer,0.5201064766036054,52.01064766036054,59.598499999999994,55.05,MEDIUM
1026,ML-01095,TRD,Transformer,0.4759064302410973,47.59064302410973,66.2115,55.04,MEDIUM
1027,ML-03821,ENGINEERING,Track,0.7043016997877031,70.43016997877031,31.94016666666667,55.03,MEDIUM
1028,ML-04077,S&T,Point Machine,0.6099092386457268,60.99092386457268,46.078,55.03,MEDIUM
1029,ML-04433,S&T,Point Machine,0.4873368552711884,48.733685527118844,64.4735,55.03,MEDIUM
1030,ML-00885,ENGINEERING,Point & Crossing,0.427587805128847,42.7587805128847,73.4465,55.03,MEDIUM
1031,ML-04329,TRD,Section Insulator,0.4527384739042496,45.27384739042496,69.5595,54.99,MEDIUM
1032,ML-00660,S&T,Axle Counter,0.49593559405384063,49.59355940538406,63.078500000000005,54.99,MEDIUM
1033,ML-00054,S&T,Point Machine,0.47799152184160887,47.79915218416089,65.7305,54.97,MEDIUM
1034,ML-03715,TRD,OHE,0.5681593554194159,56.815935541941585,52.1665,54.96,MEDIUM
1035,ML-03429,ENGINEERING,Track,0.5044002660570971,50.44002660570971,61.678,54.94,MEDIUM
1036,ML-02446,ENGINEERING,Point & Crossing,0.5950356636177235,59.50356636177235,48.063500000000005,54.93,MEDIUM
1037,ML-04293,S&T,Signal,0.6560690206579466,65.60690206579466,38.927,54.93,MEDIUM
1038,ML-00610,ENGINEERING,Point & Crossing,0.4577258971646202,45.77258971646202,68.619,54.91,MEDIUM
1039,ML-00252,S&T,Axle Counter,0.6532685043921853,65.32685043921853,39.2605,54.9,MEDIUM
1040,ML-01254,TRD,OHE,0.5317850596725148,53.178505967251475,57.46,54.89,MEDIUM
1041,ML-02402,S&T,Point Machine,0.508982093681353,50.898209368135305,60.864999999999995,54.88,MEDIUM
1042,ML-03485,S&T,Signal,0.5867948382347433,58.679483823474335,49.1295,54.86,MEDIUM
1043,ML-02170,TRD,Section Insulator,0.40695346323151166,40.69534632315116,76.0805,54.85,MEDIUM
1044,ML-04046,ENGINEERING,Bridge,0.7156794825159346,71.56794825159346,29.742,54.84,MEDIUM
1045,ML-04980,ENGINEERING,Track,0.4996572222660186,49.96572222660186,62.092499999999994,54.82,MEDIUM
1046,ML-00542,S&T,Point Machine,0.4359890670870945,43.59890670870945,71.6165,54.81,MEDIUM
1047,ML-03270,ENGINEERING,Bridge,0.6063125662058205,60.63125662058205,46.076,54.81,MEDIUM
1048,ML-00863,S&T,Point Machine,0.5107274681888619,51.072746818886195,60.3945,54.8,MEDIUM
1049,ML-01629,S&T,Signal,0.4578377047209545,45.78377047209545,68.3245,54.8,MEDIUM
1050,ML-02569,ENGINEERING,Bridge,0.5666233613132055,56.662336131320544,51.971000000000004,54.79,MEDIUM
1051,ML-04423,ENGINEERING,Track,0.6344159079110171,63.44159079110171,41.599000000000004,54.7,MEDIUM
1052,ML-01429,S&T,Signal,0.5079745738056539,50.79745738056539,60.546,54.7,MEDIUM
1053,ML-04776,S&T,Point Machine,0.5634889163454883,56.34889163454883,52.234500000000004,54.7,MEDIUM
1054,ML-00740,TRD,Transformer,0.480695976880022,48.069597688002204,64.536,54.66,MEDIUM
1055,ML-03434,TRD,OHE,0.4950710703765683,49.50710703765683,62.3775,54.66,MEDIUM
1056,ML-04336,TRD,OHE,0.6140805331374178,61.40805331374178,44.478,54.64,MEDIUM
1057,ML-03351,TRD,Transformer,0.5779100020468809,57.79100020468809,49.924,54.64,MEDIUM
1058,ML-02317,S&T,Axle Counter,0.6706200965847451,67.06200965847451,36.0085,54.64,MEDIUM
1059,ML-02028,S&T,Axle Counter,0.4744409859441894,47.44409859441894,65.376,54.62,MEDIUM
1060,ML-01854,TRD,Transformer,0.5583358955426181,55.833589554261806,52.762,54.6,MEDIUM
1061,ML-01715,ENGINEERING,Track,0.447769864548517,44.7769864548517,69.279,54.58,MEDIUM
1062,ML-01341,ENGINEERING,Bridge,0.43428109754981464,43.42810975498146,71.2705,54.57,MEDIUM
1063,ML-04765,ENGINEERING,Track,0.65845764609327,65.84576460932699,37.6545,54.57,MEDIUM
1064,ML-04078,ENGINEERING,Bridge,0.5679793131733184,56.79793131733184,51.191,54.56,MEDIUM
1065,ML-04615,S&T,Point Machine,0.5401624320361966,54.016243203619666,55.3455,54.55,MEDIUM
1066,ML-04555,TRD,Section Insulator,0.4109554154954337,41.09554154954337,74.718,54.54,MEDIUM
1067,ML-02877,ENGINEERING,Track,0.4717606185828296,47.17606185828296,65.55000000000001,54.53,MEDIUM
1068,ML-00906,TRD,Section Insulator,0.5381046510157439,53.81046510157439,55.532000000000004,54.5,MEDIUM
1069,ML-04781,ENGINEERING,Track,0.5432211194765655,54.32211194765655,54.714,54.48,MEDIUM
1070,ML-01487,S&T,Point Machine,0.7543383003584664,75.43383003584664,23.058500000000002,54.48,MEDIUM
1071,ML-02809,TRD,Transformer,0.568683499191013,56.868349919101306,50.875,54.47,MEDIUM
1072,ML-00848,TRD,Transformer,0.4858467203115056,48.58467203115056,63.276,54.46,MEDIUM
1073,ML-01212,S&T,Point Machine,0.5906757699461509,59.06757699461509,47.515499999999996,54.45,MEDIUM
1074,ML-01705,ENGINEERING,Bridge,0.40844993661274337,40.84499366127434,74.80600000000001,54.43,MEDIUM
1075,ML-01971,ENGINEERING,Bridge,0.6766125465424434,67.66125465424435,34.536,54.41,MEDIUM
1076,ML-02139,ENGINEERING,Bridge,0.48524979758925846,48.524979758925845,63.1895,54.39,MEDIUM
1077,ML-02602,S&T,Point Machine,0.45069363386934447,45.06936338693445,68.334,54.38,MEDIUM
1078,ML-03180,TRD,Transformer,0.46525647911441964,46.525647911441965,66.125,54.37,MEDIUM
1079,ML-00920,ENGINEERING,Track,0.41101041575990527,41.10104157599053,74.2805,54.37,MEDIUM
1080,ML-03449,ENGINEERING,Point & Crossing,0.4204838171852883,42.04838171852883,72.8175,54.36,MEDIUM
1081,ML-04530,TRD,Transformer,0.5545701810916005,55.45701810916005,52.6945,54.35,MEDIUM
1082,ML-03269,TRD,OHE,0.5242345912834272,52.42345912834272,57.2375,54.35,MEDIUM
1083,ML-00034,ENGINEERING,Point & Crossing,0.37154286750340865,37.154286750340866,80.137,54.35,MEDIUM
1084,ML-02197,S&T,Axle Counter,0.6453706240941003,64.53706240941003,38.9785,54.31,MEDIUM
1085,ML-04215,ENGINEERING,Bridge,0.5610898793509999,56.10898793509998,51.564,54.29,MEDIUM
1086,ML-04723,ENGINEERING,Point & Crossing,0.6248831894755497,62.488318947554966,41.952,54.27,MEDIUM
1087,ML-02169,ENGINEERING,Point & Crossing,0.423658206717832,42.3658206717832,72.132,54.27,MEDIUM
1088,ML-00998,ENGINEERING,Point & Crossing,0.5865005503540859,58.650055035408585,47.625,54.24,MEDIUM
1089,ML-04080,TRD,Section Insulator,0.5890778070046992,58.90778070046993,47.248000000000005,54.24,MEDIUM
1090,ML-04902,S&T,Signal,0.5326357858008172,53.26357858008171,55.715,54.24,MEDIUM
1091,ML-00504,ENGINEERING,Point & Crossing,0.4644282747215426,46.442827472154256,65.91900000000001,54.23,MEDIUM
1092,ML-03752,ENGINEERING,Bridge,0.5086579640838657,50.865796408386565,59.239999999999995,54.22,MEDIUM
1093,ML-04299,ENGINEERING,Track,0.6988066659938028,69.88066659938028,30.701999999999998,54.21,MEDIUM
1094,ML-02310,ENGINEERING,Bridge,0.4690080068282174,46.90080068282174,65.163,54.21,MEDIUM
1095,ML-04561,ENGINEERING,Point & Crossing,0.521277880006926,52.1277880006926,57.309999999999995,54.2,MEDIUM
1096,ML-01388,S&T,Signal,0.46317233364874943,46.317233364874944,65.90350000000001,54.15,MEDIUM
1097,ML-04165,TRD,Section Insulator,0.6851919508626554,68.51919508626554,32.596000000000004,54.15,MEDIUM
1098,ML-02038,TRD,Section Insulator,0.4289123178754996,42.89123178754996,71.0175,54.14,MEDIUM
1099,ML-01190,ENGINEERING,Point & Crossing,0.6140582090385859,61.40582090385859,43.2205,54.13,MEDIUM
1100,ML-01099,S&T,Signal,0.46831011252797267,46.83101125279727,65.0775,54.13,MEDIUM
1101,ML-00125,ENGINEERING,Track,0.5866377894704659,58.66377894704659,47.2995,54.12,MEDIUM
1102,ML-00420,S&T,Point Machine,0.6175114208014615,61.751142080146145,42.6515,54.11,MEDIUM
1103,ML-04460,TRD,Transformer,0.46448297726248083,46.448297726248086,65.60849999999999,54.11,MEDIUM
1104,ML-02608,ENGINEERING,Bridge,0.6201926194954696,62.01926194954696,42.22,54.1,MEDIUM
1105,ML-04976,ENGINEERING,Track,0.4925899053983586,49.258990539835864,61.337,54.09,MEDIUM
1106,ML-00707,ENGINEERING,Track,0.4777983750080685,47.77983750080685,63.5505,54.09,MEDIUM
1107,ML-04863,S&T,Signal,0.48764521812546546,48.76452181254655,62.021,54.07,MEDIUM
1108,ML-04412,ENGINEERING,Track,0.6230861606598888,62.30861606598887,41.715500000000006,54.07,MEDIUM
1109,ML-01856,TRD,OHE,0.47770400625313536,47.770400625313535,63.446999999999996,54.04,MEDIUM
1110,ML-03785,TRD,Section Insulator,0.4983272190086209,49.83272190086209,60.290499999999994,54.02,MEDIUM
1111,ML-00812,TRD,Transformer,0.6360301979509465,63.60301979509465,39.6375,54.02,MEDIUM
1112,ML-04154,S&T,Point Machine,0.5252777464935674,52.52777464935674,56.230000000000004,54.01,MEDIUM
1113,ML-02247,TRD,OHE,0.49072049830176473,49.072049830176475,61.4075,54.01,MEDIUM
1114,ML-04471,S&T,Point Machine,0.47571073422131177,47.57107342213118,63.6355,54.0,MEDIUM
1115,ML-00050,ENGINEERING,Bridge,0.489419915102108,48.941991510210805,61.543,53.98,MEDIUM
1116,ML-02124,ENGINEERING,Bridge,0.5474357489525289,54.74357489525289,52.819,53.97,MEDIUM
1117,ML-04724,ENGINEERING,Track,0.4212284758022005,42.12284758022005,71.572,53.9,MEDIUM
1118,ML-02394,TRD,Section Insulator,0.46611861092337575,46.61186109233758,64.76650000000001,53.87,MEDIUM
1119,ML-04377,TRD,OHE,0.5013389615335643,50.133896153356424,59.455000000000005,53.86,MEDIUM
1120,ML-01152,TRD,OHE,0.5039668733441885,50.39668733441886,59.00066666666666,53.84,MEDIUM
1121,ML-01944,TRD,Section Insulator,0.4712992146858442,47.12992146858442,63.901,53.84,MEDIUM
1122,ML-04044,ENGINEERING,Track,0.40433757548142085,40.43375754814208,73.91749999999999,53.83,MEDIUM
1123,ML-00815,ENGINEERING,Track,0.5020129935907729,50.20129935907729,59.257,53.82,MEDIUM
1124,ML-04812,ENGINEERING,Bridge,0.5148427260235875,51.48427260235875,57.196999999999996,53.77,MEDIUM
1125,ML-02393,ENGINEERING,Track,0.5252556543172093,52.525565431720935,55.634499999999996,53.77,MEDIUM
1126,ML-03707,ENGINEERING,Track,0.4952577758582285,49.52577758582285,60.119,53.76,MEDIUM
1127,ML-01323,ENGINEERING,Bridge,0.6318934561811035,63.18934561811035,39.569500000000005,53.74,MEDIUM
1128,ML-02959,S&T,Point Machine,0.6767803801562253,67.67803801562253,32.792500000000004,53.72,MEDIUM
1129,ML-00281,ENGINEERING,Bridge,0.6747227627489388,67.47227627489389,33.052499999999995,53.7,MEDIUM
1130,ML-00273,TRD,OHE,0.5165600474639761,51.65600474639761,56.7335,53.69,MEDIUM
1131,ML-04809,TRD,Transformer,0.5125302754566833,51.25302754566833,57.3515,53.69,MEDIUM
1132,ML-04726,TRD,OHE,0.435973343711644,43.5973343711644,68.78200000000001,53.67,MEDIUM
1133,ML-00554,TRD,OHE,0.5026684954096704,50.26684954096704,58.7385,53.66,MEDIUM
1134,ML-03040,S&T,Signal,0.5124107761138951,51.24107761138951,57.2985,53.66,MEDIUM
1135,ML-02960,TRD,OHE,0.38396384000857053,38.396384000857054,76.5675,53.66,MEDIUM
1136,ML-03036,ENGINEERING,Track,0.4700356691289047,47.00356691289047,63.58749999999999,53.64,MEDIUM
1137,ML-04973,ENGINEERING,Bridge,0.5022752648764157,50.22752648764157,58.755,53.64,MEDIUM
1138,ML-01823,ENGINEERING,Bridge,0.4391581640361059,43.91581640361059,68.14,53.61,MEDIUM
1139,ML-00457,ENGINEERING,Point & Crossing,0.4857402419908777,48.574024199087766,61.107,53.59,MEDIUM
1140,ML-02161,TRD,Transformer,0.44757731233481174,44.757731233481174,66.82050000000001,53.58,MEDIUM
1141,ML-01706,ENGINEERING,Track,0.4695792790252953,46.957927902529526,63.492999999999995,53.57,MEDIUM
1142,ML-03579,ENGINEERING,Bridge,0.4641430274546753,46.41430274546753,64.268,53.56,MEDIUM
1143,ML-02399,ENGINEERING,Bridge,0.40597135997685646,40.59713599768565,73.015,53.56,MEDIUM
1144,ML-03301,TRD,Section Insulator,0.673563103644543,67.3563103644543,32.8285,53.55,MEDIUM
1145,ML-04672,ENGINEERING,Bridge,0.6189451870975095,61.89451870975095,40.986999999999995,53.53,MEDIUM
1146,ML-02432,S&T,Signal,0.4601915269418131,46.01915269418131,64.7705,53.52,MEDIUM
1147,ML-03143,TRD,Section Insulator,0.503144497313176,50.3144497313176,58.2885,53.5,MEDIUM
1148,ML-03808,TRD,OHE,0.5823361594506216,58.233615945062155,46.4105,53.5,MEDIUM
1149,ML-04406,S&T,Signal,0.5645808410396108,56.458084103961085,49.0245,53.48,MEDIUM
1150,ML-00862,TRD,Section Insulator,0.4323669232819497,43.23669232819497,68.729,53.43,MEDIUM
1151,ML-00393,ENGINEERING,Point & Crossing,0.4563362791091206,45.63362791091206,65.1215,53.43,MEDIUM
1152,ML-01940,ENGINEERING,Bridge,0.4623591170370952,46.23591170370952,64.23,53.43,MEDIUM
1153,ML-01914,S&T,Signal,0.5582249958680932,55.822499586809315,49.817,53.42,MEDIUM
1154,ML-03633,ENGINEERING,Track,0.44487649241845384,44.48764924184538,66.7715,53.4,MEDIUM
1155,ML-03648,ENGINEERING,Bridge,0.5224426085498667,52.24426085498667,55.098,53.39,MEDIUM
1156,ML-01173,S&T,Signal,0.50526635720031,50.526635720030995,57.5615,53.34,MEDIUM
1157,ML-04990,S&T,Point Machine,0.6520277658431491,65.20277658431492,35.510000000000005,53.33,MEDIUM
1158,ML-03505,TRD,Transformer,0.4742420112856957,47.42420112856957,62.175000000000004,53.32,MEDIUM
1159,ML-04709,S&T,Point Machine,0.47358808569648536,47.35880856964854,62.2285,53.31,MEDIUM
1160,ML-03934,S&T,Axle Counter,0.6003649216132501,60.03649216132501,43.2305,53.31,MEDIUM
1161,ML-03870,TRD,OHE,0.6746718517957002,67.46718517957002,32.052,53.3,MEDIUM
1162,ML-00122,ENGINEERING,Track,0.5151863306914692,51.51863306914692,55.9555,53.29,MEDIUM
1163,ML-00827,ENGINEERING,Track,0.35160135307403984,35.16013530740398,80.4785,53.29,MEDIUM
1164,ML-04233,TRD,Section Insulator,0.47077332090940394,47.077332090940395,62.602000000000004,53.29,MEDIUM
1165,ML-04805,S&T,Point Machine,0.5802673522113345,58.02673522113345,46.1765,53.29,MEDIUM
1166,ML-00067,TRD,Transformer,0.5036311718292392,50.36311718292392,57.656499999999994,53.28,MEDIUM
1167,ML-03847,S&T,Point Machine,0.4736703976172841,47.36703976172841,62.111,53.26,MEDIUM
1168,ML-01855,TRD,OHE,0.4623525420870777,46.23525420870777,63.791666666666664,53.26,MEDIUM
1169,ML-01012,ENGINEERING,Track,0.4915492263263924,49.15492263263924,59.353500000000004,53.23,MEDIUM
1170,ML-04480,S&T,Signal,0.3720332456980912,37.20332456980912,77.26050000000001,53.23,MEDIUM
1171,ML-04393,ENGINEERING,Bridge,0.5992460322475345,59.92460322475345,43.161,53.22,MEDIUM
1172,ML-03803,ENGINEERING,Point & Crossing,0.486354192170391,48.6354192170391,60.067499999999995,53.21,MEDIUM
1173,ML-04828,TRD,OHE,0.5085900282785878,50.85900282785878,56.7095,53.2,MEDIUM
1174,ML-03468,TRD,OHE,0.6209162066222728,62.09162066222728,39.851,53.2,MEDIUM
1175,ML-00196,ENGINEERING,Track,0.5779426383892122,57.794263838921225,46.292,53.19,MEDIUM
1176,ML-00958,S&T,Axle Counter,0.47382282636785816,47.38228263678582,61.899,53.19,MEDIUM
1177,ML-04792,S&T,Signal,0.7070385168746172,70.70385168746172,26.8975,53.18,MEDIUM
1178,ML-00608,S&T,Axle Counter,0.5342855692053816,53.42855692053816,52.8115,53.18,MEDIUM
1179,ML-03892,S&T,Signal,0.5830812960593358,58.30812960593358,45.4445,53.16,MEDIUM
1180,ML-01463,ENGINEERING,Point & Crossing,0.36967911191102004,36.967911191102004,77.4425,53.16,MEDIUM
1181,ML-00336,S&T,Axle Counter,0.46398591795596383,46.39859179559638,63.3035,53.16,MEDIUM
1182,ML-03065,ENGINEERING,Bridge,0.624523454404395,62.45234544043951,39.144999999999996,53.13,MEDIUM
1183,ML-01927,ENGINEERING,Point & Crossing,0.5281308840767651,52.81308840767651,53.574,53.12,MEDIUM
1184,ML-02183,ENGINEERING,Point & Crossing,0.4727284015523665,47.27284015523665,61.8845,53.12,MEDIUM
1185,ML-01141,ENGINEERING,Track,0.4613599000194043,46.13599000194043,63.5765,53.11,MEDIUM
1186,ML-00786,TRD,Transformer,0.6908104868574096,69.08104868574097,29.1215,53.1,MEDIUM
1187,ML-00583,TRD,OHE,0.34343180476988727,34.34318047698873,81.20266666666667,53.09,MEDIUM
1188,ML-04112,ENGINEERING,Point & Crossing,0.4644388395287084,46.44388395287084,62.9165,53.03,MEDIUM
1189,ML-02146,S&T,Axle Counter,0.39056055880001367,39.05605588000137,73.99283333333334,53.03,MEDIUM
1190,ML-02151,S&T,Signal,0.4402988719513729,44.02988719513729,66.52199999999999,53.03,MEDIUM
1191,ML-01404,ENGINEERING,Point & Crossing,0.5855137390675689,58.551373906756886,44.7305,53.02,MEDIUM
1192,ML-03227,TRD,Section Insulator,0.6477043530537862,64.77043530537861,35.38933333333333,53.02,MEDIUM
1193,ML-02901,TRD,OHE,0.442333809532941,44.2333809532941,66.1635,53.01,MEDIUM
1194,ML-00052,ENGINEERING,Bridge,0.49133658300391864,49.133658300391865,58.7755,52.99,MEDIUM
1195,ML-01427,TRD,OHE,0.6482712572766054,64.82712572766054,35.197500000000005,52.98,MEDIUM
1196,ML-02064,S&T,Signal,0.4433167604934644,44.33167604934644,65.9265,52.97,MEDIUM
1197,ML-02002,TRD,OHE,0.4340662825738078,43.40662825738078,67.307,52.97,MEDIUM
1198,ML-00667,S&T,Point Machine,0.462317781848513,46.2317781848513,63.0655,52.97,MEDIUM
1199,ML-01959,TRD,Transformer,0.5111839701798793,51.118397017987924,55.744,52.97,MEDIUM
1200,ML-01549,TRD,Section Insulator,0.4524967099524771,45.24967099524771,64.462,52.93,MEDIUM
1201,ML-02994,S&T,Signal,0.5133247203917868,51.332472039178676,55.279500000000006,52.91,MEDIUM
1202,ML-03169,ENGINEERING,Bridge,0.6103634575386324,61.036345753863245,40.66333333333334,52.89,MEDIUM
1203,ML-04529,TRD,Section Insulator,0.6742427186080292,67.42427186080292,31.0615,52.88,MEDIUM
1204,ML-04384,ENGINEERING,Track,0.5987621220567374,59.87621220567374,42.37349999999999,52.88,MEDIUM
1205,ML-04062,ENGINEERING,Point & Crossing,0.5718556646995485,57.18556646995485,46.4,52.87,MEDIUM
1206,ML-02671,ENGINEERING,Track,0.503796985157383,50.379698515738305,56.599000000000004,52.87,MEDIUM
1207,ML-04630,ENGINEERING,Bridge,0.44323274194732276,44.32327419473228,65.68350000000001,52.87,MEDIUM
1208,ML-03588,ENGINEERING,Track,0.5142498720095605,51.42498720095605,55.0325,52.87,MEDIUM
1209,ML-02174,ENGINEERING,Bridge,0.41703334964994604,41.7033349649946,69.536,52.84,MEDIUM
1210,ML-00427,ENGINEERING,Track,0.6248068940867845,62.480689408678444,38.341,52.82,MEDIUM
1211,ML-00247,TRD,OHE,0.778869552681466,77.8869552681466,15.203500000000002,52.81,MEDIUM
1212,ML-04761,TRD,OHE,0.4641310620976701,46.41310620976701,62.3395,52.78,MEDIUM
1213,ML-03276,ENGINEERING,Bridge,0.47514179248418925,47.51417924841893,60.62833333333333,52.76,MEDIUM
1214,ML-03150,TRD,Transformer,0.5576460960789685,55.76460960789685,48.131,52.71,MEDIUM
1215,ML-00855,ENGINEERING,Track,0.43527294022204516,43.527294022204515,66.439,52.69,MEDIUM
1216,ML-04357,ENGINEERING,Bridge,0.38350172513804487,38.35017251380449,74.1935,52.69,MEDIUM
1217,ML-01560,S&T,Point Machine,0.44933919568021585,44.93391956802159,64.2835,52.67,MEDIUM
1218,ML-04171,TRD,OHE,0.5026681268723575,50.26681268723575,56.2485,52.66,MEDIUM
1219,ML-01416,TRD,Section Insulator,0.4700652686490801,47.00652686490801,61.128,52.66,MEDIUM
1220,ML-00224,TRD,Transformer,0.6377479582607386,63.77479582607386,35.9925,52.66,MEDIUM
1221,ML-04988,TRD,OHE,0.3906937435404935,39.06937435404935,73.0135,52.65,MEDIUM
1222,ML-02110,S&T,Signal,0.45210525922958744,45.210525922958745,63.81,52.65,MEDIUM
1223,ML-04407,ENGINEERING,Point & Crossing,0.5506797414570248,55.06797414570248,49.032,52.65,MEDIUM
1224,ML-02075,S&T,Signal,0.5244040403369713,52.44040403369713,52.968,52.65,MEDIUM
1225,ML-00382,S&T,Signal,0.42614406591184156,42.61440659118416,67.7045,52.65,MEDIUM
1226,ML-03757,S&T,Point Machine,0.5047781500499342,50.47781500499342,55.8375,52.62,MEDIUM
1227,ML-03126,TRD,Transformer,0.44284089686430933,44.28408968643093,65.1225,52.62,MEDIUM
1228,ML-01501,ENGINEERING,Track,0.512664101150884,51.2664101150884,54.617000000000004,52.61,MEDIUM
1229,ML-01035,ENGINEERING,Point & Crossing,0.4832533999840015,48.32533999840015,59.0345,52.61,MEDIUM
1230,ML-01533,TRD,Section Insulator,0.5172765699747278,51.727656997472785,53.921,52.6,MEDIUM
1231,ML-03520,ENGINEERING,Point & Crossing,0.440984205478529,44.0984205478529,65.3615,52.6,MEDIUM
1232,ML-02683,ENGINEERING,Bridge,0.4099311149685747,40.99311149685747,69.9855,52.59,MEDIUM
1233,ML-02283,TRD,Transformer,0.4509569624253525,45.09569624253525,63.803,52.58,MEDIUM
1234,ML-01474,TRD,OHE,0.41613392913851094,41.613392913851094,69.027,52.58,MEDIUM
1235,ML-04488,S&T,Signal,0.44379544343650396,44.379544343650394,64.81649999999999,52.55,MEDIUM
1236,ML-01625,TRD,Section Insulator,0.4819987809575459,48.19987809575459,59.042,52.54,MEDIUM
1237,ML-00677,ENGINEERING,Point & Crossing,0.4515837296949904,45.15837296949904,63.5965,52.53,MEDIUM
1238,ML-00620,S&T,Signal,0.4654424357984186,46.54424357984186,61.465,52.51,MEDIUM
1239,ML-04007,TRD,Section Insulator,0.5419210517800773,54.19210517800773,49.964,52.5,MEDIUM
1240,ML-01134,ENGINEERING,Point & Crossing,0.4524584392072832,45.24584392072832,63.295,52.47,MEDIUM
1241,ML-00430,TRD,Transformer,0.4509587018188034,45.095870181880336,63.5255,52.47,MEDIUM
1242,ML-01403,S&T,Signal,0.44360203111550106,44.360203111550106,64.54,52.43,MEDIUM
1243,ML-04402,ENGINEERING,Point & Crossing,0.3223441112360314,32.23441112360314,82.69466666666666,52.42,MEDIUM
1244,ML-00289,TRD,OHE,0.4540184868532944,45.40184868532944,62.917500000000004,52.41,MEDIUM
1245,ML-04004,S&T,Axle Counter,0.4780548686680309,47.805486866803086,59.311,52.41,MEDIUM
1246,ML-04492,S&T,Signal,0.4984014543262391,49.84014543262391,56.22566666666667,52.39,MEDIUM
1247,ML-01800,S&T,Signal,0.596142855060195,59.614285506019506,41.5365,52.38,MEDIUM
1248,ML-04727,ENGINEERING,Bridge,0.45804263479487034,45.804263479487034,62.2145,52.37,MEDIUM
1249,ML-02598,TRD,OHE,0.5142740672824351,51.42740672824351,53.791,52.37,MEDIUM
1250,ML-04005,ENGINEERING,Bridge,0.4710836331235676,47.10836331235676,60.246,52.36,MEDIUM
1251,ML-03753,TRD,Section Insulator,0.5488717372137218,54.887173721372186,48.4915,52.33,MEDIUM
1252,ML-03164,ENGINEERING,Bridge,0.44500217381966306,44.50021738196631,64.06,52.32,MEDIUM
1253,ML-02873,TRD,OHE,0.467639315072038,46.7639315072038,60.594,52.3,MEDIUM
1254,ML-02933,S&T,Axle Counter,0.5443899848868277,54.43899848868276,49.0735,52.29,MEDIUM
1255,ML-03708,TRD,Transformer,0.617074138674559,61.7074138674559,38.165499999999994,52.29,MEDIUM
1256,ML-03664,TRD,Section Insulator,0.36463752297771146,36.463752297771144,76.0025,52.28,MEDIUM
1257,ML-03958,TRD,OHE,0.4434536933477105,44.34536933477105,64.19,52.28,MEDIUM
1258,ML-04963,S&T,Signal,0.4778010217208484,47.78010217208484,58.99549999999999,52.27,MEDIUM
1259,ML-02417,TRD,Transformer,0.5045569873203692,50.45569873203692,54.982000000000006,52.27,MEDIUM
1260,ML-00687,S&T,Point Machine,0.4518247364093284,45.18247364093284,62.842,52.25,MEDIUM
1261,ML-02930,TRD,Section Insulator,0.5837135224593029,58.37135224593028,43.0345,52.24,MEDIUM
1262,ML-03016,S&T,Signal,0.41463285251046067,41.46328525104607,68.41650000000001,52.24,MEDIUM
1263,ML-00829,S&T,Signal,0.6581132802849727,65.81132802849727,31.8495,52.23,MEDIUM
1264,ML-00482,S&T,Point Machine,0.3350935837115824,33.509358371158235,80.28800000000001,52.22,MEDIUM
1265,ML-03673,S&T,Point Machine,0.49831768271580124,49.831768271580124,55.74850000000001,52.2,MEDIUM
1266,ML-03099,TRD,OHE,0.7097333995421945,70.97333995421945,24.052,52.2,MEDIUM
1267,ML-03466,ENGINEERING,Track,0.4283353697909898,42.83353697909898,66.2325,52.19,MEDIUM
1268,ML-04273,ENGINEERING,Point & Crossing,0.6031973596088553,60.31973596088554,39.974999999999994,52.18,MEDIUM
1269,ML-03907,TRD,Section Insulator,0.4322284684001662,43.22284684001662,65.60266666666666,52.17,MEDIUM
1270,ML-04381,TRD,Transformer,0.6612980141475029,66.12980141475029,31.213500000000003,52.16,MEDIUM
1271,ML-00319,S&T,Signal,0.3995516703096042,39.95516703096042,70.4245,52.14,MEDIUM
1272,ML-03341,ENGINEERING,Bridge,0.4477155464658881,44.77155464658881,63.1665,52.13,MEDIUM
1273,ML-02822,ENGINEERING,Track,0.5328740502695148,53.28740502695148,50.3585,52.12,MEDIUM
1274,ML-03778,S&T,Axle Counter,0.49423354663740143,49.42335466374014,56.149499999999996,52.11,MEDIUM
1275,ML-03187,ENGINEERING,Bridge,0.4853005231565253,48.530052315652526,57.4315,52.09,MEDIUM
1276,ML-01872,S&T,Signal,0.5214590619400933,52.14590619400933,51.9925,52.08,MEDIUM
1277,ML-04152,TRD,Section Insulator,0.5372342519273829,53.7234251927383,49.587500000000006,52.07,MEDIUM
1278,ML-02954,S&T,Signal,0.47212265970897765,47.21226597089777,59.335,52.06,MEDIUM
1279,ML-03551,S&T,Point Machine,0.5214042173396369,52.14042173396369,51.951,52.06,MEDIUM
1280,ML-02936,ENGINEERING,Bridge,0.4431709217290131,44.31709217290131,63.653,52.05,MEDIUM
1281,ML-02902,TRD,Section Insulator,0.4718733573033489,47.18733573033489,59.3435,52.05,MEDIUM
1282,ML-03068,ENGINEERING,Track,0.4411297249932629,44.11297249932629,63.922000000000004,52.04,MEDIUM
1283,ML-01389,TRD,OHE,0.4341163437954605,43.41163437954605,64.953,52.03,MEDIUM
1284,ML-04749,ENGINEERING,Point & Crossing,0.5345053620779247,53.45053620779247,49.852000000000004,52.01,MEDIUM
1285,ML-02519,ENGINEERING,Bridge,0.42277138202825176,42.27713820282518,66.60900000000001,52.01,MEDIUM
1286,ML-00126,S&T,Point Machine,0.6279023996852946,62.79023996852946,35.7855,51.99,MEDIUM
1287,ML-04098,S&T,Signal,0.528176450031887,52.817645003188694,50.760000000000005,51.99,MEDIUM
1288,ML-02081,S&T,Axle Counter,0.4975077985266303,49.75077985266303,55.35366666666667,51.99,MEDIUM
1289,ML-02466,ENGINEERING,Bridge,0.6239634577799789,62.39634577799789,36.3305,51.97,MEDIUM
1290,ML-02860,ENGINEERING,Track,0.36836050678347787,36.83605067834779,74.6465,51.96,MEDIUM
1291,ML-04204,S&T,Point Machine,0.41341457143410276,41.341457143410274,67.8305,51.94,MEDIUM
1292,ML-04916,ENGINEERING,Track,0.5427764702333007,54.27764702333007,48.4255,51.94,MEDIUM
1293,ML-03534,TRD,Section Insulator,0.49223074977631365,49.22307497763136,55.974000000000004,51.92,MEDIUM
1294,ML-01765,TRD,Section Insulator,0.5697307873553169,56.97307873553169,44.336,51.92,MEDIUM
1295,ML-00496,TRD,Section Insulator,0.5711854707697172,57.118547076971716,44.11,51.92,MEDIUM
1296,ML-03671,ENGINEERING,Bridge,0.427279878454759,42.7279878454759,65.68966666666667,51.91,MEDIUM
1297,ML-04283,S&T,Axle Counter,0.5289825050608845,52.89825050608845,50.419,51.91,MEDIUM
1298,ML-01235,ENGINEERING,Bridge,0.46484739774190403,46.4847397741904,59.9555,51.87,MEDIUM
1299,ML-04359,ENGINEERING,Bridge,0.4394554709074389,43.945547090743894,63.7225,51.86,MEDIUM
1300,ML-01713,ENGINEERING,Track,0.45058632957838474,45.058632957838476,62.019,51.84,MEDIUM
1301,ML-02148,S&T,Signal,0.44916181421018153,44.91618142101815,62.229000000000006,51.84,MEDIUM
1302,ML-04612,TRD,Section Insulator,0.5525738672167546,55.25738672167546,46.724,51.84,MEDIUM
1303,ML-03970,TRD,OHE,0.45461729004016066,45.461729004016064,61.371,51.83,MEDIUM
1304,ML-00467,ENGINEERING,Track,0.5754303946353492,57.54303946353492,43.254,51.83,MEDIUM
1305,ML-02713,ENGINEERING,Point & Crossing,0.42689651672964807,42.68965167296481,65.551,51.83,MEDIUM
1306,ML-02767,TRD,Transformer,0.5046596904470921,50.46596904470921,53.8185,51.81,MEDIUM
1307,ML-01695,S&T,Axle Counter,0.5075783501590249,50.75783501590249,53.3815,51.81,MEDIUM
1308,ML-00167,ENGINEERING,Track,0.4460344867889603,44.60344867889603,62.6295,51.81,MEDIUM
1309,ML-01934,ENGINEERING,Bridge,0.49224743603626925,49.224743603626926,55.689,51.81,MEDIUM
1310,ML-02733,S&T,Signal,0.506808858292043,50.6808858292043,53.47,51.8,MEDIUM
1311,ML-02635,ENGINEERING,Bridge,0.40211638932195337,40.211638932195335,69.1655,51.79,MEDIUM
1312,ML-00062,TRD,Section Insulator,0.42749453178486846,42.749453178486846,65.35749999999999,51.79,MEDIUM
1313,ML-03856,ENGINEERING,Track,0.42958819194167247,42.95881919416725,65.0135,51.78,MEDIUM
1314,ML-04263,S&T,Signal,0.6337549600721665,63.37549600721665,34.392,51.78,MEDIUM
1315,ML-04288,S&T,Point Machine,0.44904678478077026,44.904678478077024,62.0955,51.78,MEDIUM
1316,ML-02557,ENGINEERING,Track,0.4383933574147562,43.83933574147562,63.659000000000006,51.77,MEDIUM
1317,ML-02082,ENGINEERING,Track,0.4286940573917169,42.86940573917169,65.086,51.76,MEDIUM
1318,ML-02534,S&T,Axle Counter,0.4184125236439497,41.84125236439497,66.649,51.76,MEDIUM
1319,ML-02024,TRD,OHE,0.4222120274100316,42.22120274100316,66.02,51.74,MEDIUM
1320,ML-00083,S&T,Axle Counter,0.5599230293127571,55.9923029312757,45.3335,51.73,MEDIUM
1321,ML-00180,S&T,Axle Counter,0.5042917372078691,50.42917372078691,53.675000000000004,51.73,MEDIUM
1322,ML-00804,S&T,Point Machine,0.4605296836898524,46.05296836898524,60.2195,51.72,MEDIUM
1323,ML-04979,ENGINEERING,Bridge,0.48837897157495386,48.837897157495384,56.0485,51.72,MEDIUM
1324,ML-00658,TRD,OHE,0.6449966725647169,64.4996672564717,32.5225,51.71,MEDIUM
1325,ML-03226,TRD,Section Insulator,0.6403647567184969,64.03647567184969,33.212,51.71,MEDIUM
1326,ML-04974,TRD,Transformer,0.4193897677974171,41.93897677974171,66.375,51.71,MEDIUM
1327,ML-02349,ENGINEERING,Bridge,0.4491451743909268,44.914517439092684,61.913500000000006,51.71,MEDIUM
1328,ML-04236,S&T,Signal,0.410622454118392,41.0622454118392,67.6495,51.7,MEDIUM
1329,ML-01024,TRD,Transformer,0.48763465669467093,48.763465669467095,56.1085,51.7,MEDIUM
1330,ML-02927,ENGINEERING,Point & Crossing,0.40530494409473833,40.53049440947383,68.46,51.7,MEDIUM
1331,ML-01843,TRD,Section Insulator,0.486897604011809,48.6897604011809,56.1895,51.69,MEDIUM
1332,ML-00651,S&T,Axle Counter,0.4791673724879669,47.91673724879669,57.338499999999996,51.69,MEDIUM
1333,ML-04196,S&T,Signal,0.6167849740412302,61.67849740412302,36.6555,51.67,MEDIUM
1334,ML-00124,ENGINEERING,Bridge,0.4073822923544233,40.73822923544233,68.07300000000001,51.67,MEDIUM
1335,ML-00655,TRD,OHE,0.3862829000575277,38.62829000575277,71.2355,51.67,MEDIUM
1336,ML-01475,ENGINEERING,Track,0.4601321137890583,46.01321137890583,60.132000000000005,51.66,MEDIUM
1337,ML-03400,TRD,Section Insulator,0.49854004284499914,49.854004284499915,54.3755,51.66,MEDIUM
1338,ML-02993,TRD,OHE,0.39418972088032356,39.418972088032355,69.9985,51.65,MEDIUM
1339,ML-03343,TRD,Transformer,0.6592151644883819,65.92151644883819,30.2385,51.65,MEDIUM
1340,ML-04508,S&T,Signal,0.4074215243216199,40.74215243216199,67.9115,51.61,MEDIUM
1341,ML-03366,ENGINEERING,Bridge,0.5615673896955474,56.156738969554745,44.791000000000004,51.61,MEDIUM
1342,ML-00407,TRD,OHE,0.351822187278417,35.1822187278417,76.2205,51.6,MEDIUM
1343,ML-01004,ENGINEERING,Track,0.4095228675776811,40.95228675776811,67.547,51.59,MEDIUM
1344,ML-04874,ENGINEERING,Track,0.4353053514956273,43.53053514956273,63.6205,51.57,MEDIUM
1345,ML-04971,ENGINEERING,Bridge,0.40334797314821924,40.33479731482193,68.411,51.57,MEDIUM
1346,ML-01948,TRD,OHE,0.4167295032535801,41.67295032535801,66.411,51.57,MEDIUM
1347,ML-01917,ENGINEERING,Track,0.5142675484491043,51.42675484491043,51.7845,51.57,MEDIUM
1348,ML-02105,S&T,Axle Counter,0.42592163522581133,42.59216352258113,65.03999999999999,51.57,MEDIUM
1349,ML-03743,ENGINEERING,Bridge,0.43338445948508486,43.338445948508486,63.882999999999996,51.56,MEDIUM
1350,ML-00966,S&T,Axle Counter,0.4399461852199147,43.99461852199147,62.908,51.56,MEDIUM
1351,ML-04705,ENGINEERING,Track,0.4827106760922127,48.27106760922127,56.502,51.56,MEDIUM
1352,ML-02219,ENGINEERING,Point & Crossing,0.6117115111363508,61.171151113635084,37.1115,51.55,MEDIUM
1353,ML-02725,TRD,OHE,0.5442851884601547,54.42851884601547,47.203,51.54,MEDIUM
1354,ML-01452,S&T,Point Machine,0.4565140771902796,45.65140771902796,60.381,51.54,MEDIUM
1355,ML-03665,ENGINEERING,Track,0.42698916168799295,42.69891616879929,64.7875,51.53,MEDIUM
1356,ML-02728,ENGINEERING,Point & Crossing,0.4744460932242345,47.444609322423446,57.6195,51.51,MEDIUM
1357,ML-00559,S&T,Point Machine,0.456740636186996,45.6740636186996,60.256,51.51,MEDIUM
1358,ML-04483,S&T,Point Machine,0.5821468188932726,58.21468188932726,41.423,51.5,MEDIUM
1359,ML-02918,ENGINEERING,Bridge,0.5119073746714055,51.19073746714054,51.917500000000004,51.48,MEDIUM
1360,ML-04905,ENGINEERING,Track,0.5071597998317009,50.71597998317009,52.6135,51.47,MEDIUM
1361,ML-00967,S&T,Point Machine,0.44398755815567065,44.398755815567064,62.06100000000001,51.46,MEDIUM
1362,ML-02604,ENGINEERING,Point & Crossing,0.4946472958966817,49.464729589668174,54.4535,51.46,MEDIUM
1363,ML-01177,S&T,Signal,0.5728881676436742,57.288816764367425,42.6845,51.45,MEDIUM
1364,ML-00411,ENGINEERING,Point & Crossing,0.6057636961138787,60.57636961138787,37.7285,51.44,MEDIUM
1365,ML-00882,ENGINEERING,Bridge,0.43019178336244274,43.01917833624427,64.035,51.43,MEDIUM
1366,ML-02915,S&T,Axle Counter,0.5077329296822786,50.77329296822786,52.418,51.43,MEDIUM
1367,ML-04827,ENGINEERING,Point & Crossing,0.4406339023042713,44.06339023042713,62.4315,51.41,MEDIUM
1368,ML-02805,S&T,Point Machine,0.46814436839092827,46.81443683909283,58.193,51.37,MEDIUM
1369,ML-01485,S&T,Point Machine,0.4581613904255124,45.81613904255124,59.672,51.36,MEDIUM
1370,ML-01863,TRD,Section Insulator,0.48330708836253755,48.330708836253756,55.884,51.35,MEDIUM
1371,ML-04967,TRD,OHE,0.49754201251403407,49.75420125140341,53.7325,51.35,MEDIUM
1372,ML-01656,S&T,Axle Counter,0.42965553677634305,42.965553677634304,63.834500000000006,51.31,MEDIUM
1373,ML-00745,TRD,OHE,0.3769041243506823,37.69041243506823,71.729,51.31,MEDIUM
1374,ML-04669,S&T,Axle Counter,0.46253297283522327,46.25329728352233,58.7695,51.26,MEDIUM
1375,ML-02906,ENGINEERING,Bridge,0.43918060316451746,43.918060316451744,62.253,51.25,MEDIUM
1376,ML-04575,TRD,OHE,0.3781797446329126,37.81797446329126,71.394,51.25,MEDIUM
1377,ML-02955,ENGINEERING,Bridge,0.520726419567268,52.0726419567268,49.999833333333335,51.24,MEDIUM
1378,ML-04767,TRD,OHE,0.48853781432362564,48.85378143236257,54.777,51.22,MEDIUM
1379,ML-03515,TRD,Transformer,0.46887663016804504,46.8876630168045,57.711,51.22,MEDIUM
1380,ML-04375,ENGINEERING,Point & Crossing,0.42699086453081087,42.69908645308109,63.966,51.21,MEDIUM
1381,ML-00149,TRD,Section Insulator,0.3617630176276682,36.17630176276682,73.744,51.2,MEDIUM
1382,ML-01943,ENGINEERING,Point & Crossing,0.4949828222218246,49.49828222218246,53.739,51.19,MEDIUM
1383,ML-00283,TRD,Section Insulator,0.568952681034752,56.8952681034752,42.611,51.18,MEDIUM
1384,ML-01890,S&T,Signal,0.43182463530785387,43.182463530785384,63.167500000000004,51.18,MEDIUM
1385,ML-04600,TRD,Transformer,0.4792456170369507,47.92456170369507,56.03,51.17,MEDIUM
1386,ML-03978,S&T,Point Machine,0.5329663288719027,53.29663288719026,47.945,51.16,MEDIUM
1387,ML-02234,S&T,Point Machine,0.4939285604987144,49.39285604987144,53.778,51.15,MEDIUM
1388,ML-04701,ENGINEERING,Bridge,0.3482838607693139,34.82838607693139,75.643,51.15,MEDIUM
1389,ML-03293,S&T,Signal,0.5940315542531056,59.40315542531056,38.7825,51.15,MEDIUM
1390,ML-00268,ENGINEERING,Bridge,0.5155113926790711,51.55113926790711,50.515499999999996,51.14,MEDIUM
1391,ML-02391,ENGINEERING,Point & Crossing,0.4997524403564856,49.97524403564856,52.897,51.14,MEDIUM
1392,ML-03566,TRD,Transformer,0.34084586658260435,34.084586658260434,76.7045,51.13,MEDIUM
1393,ML-01619,S&T,Signal,0.4260931826537566,42.60931826537566,63.8835,51.12,MEDIUM
1394,ML-00690,S&T,Axle Counter,0.4492811803561474,44.92811803561474,60.413000000000004,51.12,MEDIUM
1395,ML-02861,ENGINEERING,Point & Crossing,0.4322886464703146,43.228864647031465,62.9405,51.11,MEDIUM
1396,ML-00421,S&T,Axle Counter,0.4950694346555033,49.50694346555033,53.443999999999996,51.08,MEDIUM
1397,ML-01606,S&T,Signal,0.45739577107653956,45.73957710765396,59.0855,51.08,MEDIUM
1398,ML-03377,S&T,Point Machine,0.5316775282637305,53.16775282637305,47.934999999999995,51.07,MEDIUM
1399,ML-04795,TRD,OHE,0.48603952082244106,48.603952082244106,54.777,51.07,MEDIUM
1400,ML-03612,S&T,Signal,0.47401356368682,47.401356368682,56.56,51.06,MEDIUM
1401,ML-00719,ENGINEERING,Bridge,0.410742118390869,41.0742118390869,66.048,51.06,MEDIUM
1402,ML-04784,ENGINEERING,Bridge,0.5255034681116707,52.55034681116707,48.8115,51.05,MEDIUM
1403,ML-02404,S&T,Signal,0.49415129508731104,49.415129508731106,53.495,51.05,MEDIUM
1404,ML-04318,TRD,Section Insulator,0.42702059986767027,42.702059986767026,63.546,51.04,MEDIUM
1405,ML-02080,S&T,Signal,0.46416522379976216,46.416522379976215,57.92,51.02,MEDIUM
1406,ML-01521,ENGINEERING,Point & Crossing,0.5005123652280643,50.051236522806434,52.452999999999996,51.01,MEDIUM
1407,ML-02237,ENGINEERING,Point & Crossing,0.39656782773164,39.656782773164004,68.02350000000001,51.0,MEDIUM
1408,ML-02824,ENGINEERING,Bridge,0.47439596813828744,47.43959681382874,56.3195,50.99,MEDIUM
1409,ML-01314,TRD,OHE,0.4092036645222097,40.92036645222097,66.0635,50.98,MEDIUM
1410,ML-02259,TRD,Transformer,0.5939816249819968,59.39816249819968,38.322,50.97,MEDIUM
1411,ML-03291,TRD,Transformer,0.40344337233687727,40.344337233687725,66.90899999999999,50.97,MEDIUM
1412,ML-01969,S&T,Point Machine,0.7463361878832561,74.6336187883256,15.426,50.95,MEDIUM
1413,ML-00233,TRD,Section Insulator,0.41106055383401957,41.10605538340196,65.6885,50.94,MEDIUM
1414,ML-02746,S&T,Axle Counter,0.46101912965139674,46.101912965139675,58.1765,50.93,MEDIUM
1415,ML-00111,ENGINEERING,Point & Crossing,0.49654794163911303,49.654794163911305,52.836,50.93,MEDIUM
1416,ML-04722,ENGINEERING,Track,0.47818198651640054,47.81819865164005,55.5755,50.92,MEDIUM
1417,ML-04076,S&T,Point Machine,0.6289165825753947,62.891658257539476,32.971,50.92,MEDIUM
1418,ML-03839,TRD,OHE,0.40153120499759204,40.153120499759204,67.053,50.91,MEDIUM
1419,ML-02783,TRD,Transformer,0.5931562816927546,59.315628169275456,38.3,50.91,MEDIUM
1420,ML-03261,ENGINEERING,Track,0.6222175347856216,62.22175347856216,33.897,50.89,MEDIUM
1421,ML-01213,S&T,Point Machine,0.4637242041681493,46.37242041681493,57.6555,50.89,MEDIUM
1422,ML-03658,S&T,Signal,0.456524393469454,45.6524393469454,58.7195,50.88,MEDIUM
1423,ML-01947,S&T,Point Machine,0.4719172683381927,47.19172683381927,56.3835,50.87,MEDIUM
1424,ML-04750,S&T,Axle Counter,0.566639708218553,56.6639708218553,42.158,50.86,MEDIUM
1425,ML-00460,TRD,OHE,0.47178524259553095,47.17852425955309,56.358,50.85,MEDIUM
1426,ML-04493,ENGINEERING,Point & Crossing,0.4476030363566009,44.760303635660094,59.978500000000004,50.85,MEDIUM
1427,ML-04764,TRD,Transformer,0.45151231579979245,45.151231579979246,59.383,50.84,MEDIUM
1428,ML-02176,ENGINEERING,Point & Crossing,0.4526338144603108,45.26338144603108,59.1905,50.83,MEDIUM
1429,ML-04511,TRD,Transformer,0.39748549393103266,39.74854939310327,67.4465,50.83,MEDIUM
1430,ML-03055,S&T,Point Machine,0.43321130586775247,43.32113058677525,62.049,50.81,MEDIUM
1431,ML-01593,TRD,OHE,0.6718677678307039,67.18677678307039,26.191666666666666,50.79,MEDIUM
1432,ML-03163,ENGINEERING,Bridge,0.4623591195371944,46.23591195371944,57.6135,50.79,MEDIUM
1433,ML-02321,S&T,Axle Counter,0.5522975347075731,55.229753470757316,44.118,50.79,MEDIUM
1434,ML-04502,S&T,Axle Counter,0.5769372105780008,57.69372105780008,40.4235,50.79,MEDIUM
1435,ML-01561,ENGINEERING,Track,0.4389503475215253,43.895034752152526,61.102000000000004,50.78,MEDIUM
1436,ML-00084,S&T,Signal,0.4340650531762045,43.40650531762045,61.835499999999996,50.78,MEDIUM
1437,ML-02173,ENGINEERING,Track,0.48757611624245184,48.757611624245186,53.805,50.78,MEDIUM
1438,ML-01825,ENGINEERING,Bridge,0.425168388132609,42.5168388132609,63.164500000000004,50.78,MEDIUM
1439,ML-04969,TRD,Transformer,0.5937039747752016,59.370397477520164,37.878,50.77,MEDIUM
1440,ML-03597,S&T,Axle Counter,0.431546778040235,43.1546778040235,62.19,50.77,MEDIUM
1441,ML-00238,ENGINEERING,Point & Crossing,0.5498499270174011,54.98499270174011,44.455,50.77,MEDIUM
1442,ML-02590,S&T,Point Machine,0.48341646039496167,48.34164603949617,54.3785,50.76,MEDIUM
1443,ML-02984,S&T,Point Machine,0.4380178373905568,43.80178373905568,61.1875,50.76,MEDIUM
1444,ML-02076,S&T,Axle Counter,0.4086009566196164,40.86009566196164,65.6215,50.76,MEDIUM
1445,ML-01160,ENGINEERING,Point & Crossing,0.4937510039801459,49.37510039801459,52.805,50.75,MEDIUM
1446,ML-01163,S&T,Signal,0.4203933274951986,42.03933274951986,63.748,50.72,MEDIUM
1447,ML-01868,TRD,Section Insulator,0.42470012403068913,42.470012403068914,63.0755,50.71,MEDIUM
1448,ML-02178,S&T,Signal,0.5390466551031925,53.90466551031925,45.923500000000004,50.71,MEDIUM
1449,ML-03256,ENGINEERING,Point & Crossing,0.47272046663776424,47.27204666377642,55.86,50.71,MEDIUM
1450,ML-00373,ENGINEERING,Bridge,0.40091122278502495,40.091122278502496,66.6115,50.7,MEDIUM
1451,ML-00454,TRD,Transformer,0.34610905295464334,34.610905295464335,74.8435,50.7,MEDIUM
1452,ML-03682,S&T,Axle Counter,0.5250625324960998,52.50625324960998,47.9565,50.69,MEDIUM
1453,ML-00437,ENGINEERING,Track,0.479021777826012,47.9021777826012,54.88,50.69,MEDIUM
1454,ML-03216,ENGINEERING,Bridge,0.5195146313735473,51.95146313735472,48.748,50.67,MEDIUM
1455,ML-01158,TRD,OHE,0.41266514887489664,41.26651488748966,64.77250000000001,50.67,MEDIUM
1456,ML-04629,TRD,Section Insulator,0.42522475538152016,42.522475538152015,62.872,50.66,MEDIUM
1457,ML-03407,ENGINEERING,Track,0.5056412778328475,50.56412778328475,50.7995,50.66,MEDIUM
1458,ML-00435,ENGINEERING,Bridge,0.5526658067627273,55.266580676272724,43.711999999999996,50.64,MEDIUM
1459,ML-02103,ENGINEERING,Point & Crossing,0.4215053758978047,42.15053758978047,63.343,50.63,MEDIUM
1460,ML-03105,S&T,Signal,0.45530234717693474,45.530234717693475,58.1855,50.59,MEDIUM
1461,ML-00201,TRD,Section Insulator,0.4484563971653215,44.84563971653215,59.196,50.59,MEDIUM
1462,ML-03882,ENGINEERING,Point & Crossing,0.5921715120053814,59.21715120053814,37.647999999999996,50.59,MEDIUM
1463,ML-02392,TRD,OHE,0.4943397808949421,49.43397808949421,52.2875,50.58,MEDIUM
1464,ML-03651,ENGINEERING,Point & Crossing,0.430394375653597,43.0394375653597,61.836,50.56,MEDIUM
1465,ML-01972,TRD,OHE,0.48265462878517346,48.26546287851735,53.9815,50.55,MEDIUM
1466,ML-04585,ENGINEERING,Bridge,0.46904849861110326,46.90484986111033,56.0015,50.54,MEDIUM
1467,ML-04572,ENGINEERING,Track,0.42388718973013695,42.388718973013695,62.741,50.53,MEDIUM
1468,ML-01053,ENGINEERING,Bridge,0.43831848367610704,43.831848367610704,60.555,50.52,MEDIUM
1469,ML-04738,S&T,Signal,0.36997876175661704,36.9978761756617,70.75800000000001,50.5,MEDIUM
1470,ML-03536,S&T,Point Machine,0.42259980297741284,42.259980297741286,62.8235,50.49,MEDIUM
1471,ML-01217,TRD,OHE,0.5151524272384329,51.51524272384329,48.897000000000006,50.47,MEDIUM
1472,ML-04735,TRD,OHE,0.38581633880527916,38.58163388052792,68.30850000000001,50.47,MEDIUM
1473,ML-04361,S&T,Signal,0.42277118415912623,42.277118415912625,62.707,50.45,MEDIUM
1474,ML-02784,S&T,Axle Counter,0.32629842588709934,32.629842588709934,77.17,50.45,MEDIUM
1475,ML-01911,TRD,Section Insulator,0.6548678525567824,65.48678525567824,27.813,50.42,MEDIUM
1476,ML-00672,S&T,Signal,0.47278177882329336,47.27817788232934,55.0785,50.4,MEDIUM
1477,ML-03676,TRD,OHE,0.39823456514668776,39.82345651466878,66.26650000000001,50.4,MEDIUM
1478,ML-03388,ENGINEERING,Point & Crossing,0.4069868457528786,40.69868457528786,64.963,50.4,MEDIUM
1479,ML-00095,ENGINEERING,Track,0.482003300175781,48.2003300175781,53.707499999999996,50.4,MEDIUM
1480,ML-03945,TRD,Section Insulator,0.3838329364306643,38.38329364306643,68.408,50.39,MEDIUM
1481,ML-00817,S&T,Axle Counter,0.4886359074551387,48.86359074551387,52.6575,50.38,MEDIUM
1482,ML-04860,ENGINEERING,Bridge,0.4450698822546651,44.50698822546651,59.165,50.37,MEDIUM
1483,ML-04164,TRD,OHE,0.43517955464270003,43.51795546427,60.647999999999996,50.37,MEDIUM
1484,ML-04608,ENGINEERING,Bridge,0.5597303855212599,55.973038552125985,41.9425,50.36,MEDIUM
1485,ML-04002,S&T,Axle Counter,0.5281543310619916,52.81543310619916,46.661,50.35,MEDIUM
1486,ML-04601,S&T,Signal,0.3724239351174592,37.24239351174592,69.9615,50.33,MEDIUM
1487,ML-00292,TRD,Transformer,0.47104448234903623,47.10444823490362,55.178,50.33,MEDIUM
1488,ML-02973,S&T,Signal,0.3756127935335317,37.56127935335317,69.485,50.33,MEDIUM
1489,ML-00800,ENGINEERING,Point & Crossing,0.5140180337017322,51.40180337017321,48.730000000000004,50.33,MEDIUM
1490,ML-01548,TRD,OHE,0.4903447606469538,49.03447606469538,52.253,50.32,MEDIUM
1491,ML-02251,TRD,Section Insulator,0.40253965449144685,40.25396544914469,65.414,50.32,MEDIUM
1492,ML-03916,S&T,Point Machine,0.4803510591254134,48.03510591254134,53.6865,50.3,MEDIUM
1493,ML-00116,ENGINEERING,Track,0.42790342060488284,42.790342060488285,61.556999999999995,50.3,MEDIUM
1494,ML-04020,TRD,OHE,0.4294495079481483,42.94495079481483,61.3005,50.29,MEDIUM
1495,ML-00049,TRD,Section Insulator,0.4210292849107756,42.10292849107756,62.58,50.29,MEDIUM
1496,ML-01652,TRD,Transformer,0.5484345442560757,54.843454425607575,43.427,50.28,MEDIUM
1497,ML-04267,TRD,OHE,0.4289416980054407,42.89416980054407,61.341499999999996,50.27,MEDIUM
1498,ML-03943,TRD,Transformer,0.4348188066132451,43.48188066132451,60.429500000000004,50.26,MEDIUM
1499,ML-03517,ENGINEERING,Track,0.49286418560059425,49.286418560059424,51.7025,50.25,MEDIUM
1500,ML-04404,ENGINEERING,Bridge,0.31674119163909825,31.674119163909825,78.11500000000001,50.25,MEDIUM
1501,ML-01714,S&T,Axle Counter,0.4598247421472642,45.98247421472642,56.606,50.23,MEDIUM
1502,ML-01653,S&T,Axle Counter,0.5373861903612807,53.738619036128064,44.928,50.21,MEDIUM
1503,ML-02556,TRD,Transformer,0.41625153068776244,41.62515306877624,62.9625,50.16,MEDIUM
1504,ML-04120,S&T,Axle Counter,0.41524531686714566,41.52453168671457,63.1225,50.16,MEDIUM
1505,ML-01809,ENGINEERING,Bridge,0.40797676645906805,40.797676645906805,64.1875,50.15,MEDIUM
1506,ML-00867,TRD,Transformer,0.4151919378058212,41.51919378058212,63.082,50.14,MEDIUM
1507,ML-01003,S&T,Axle Counter,0.4939939131721025,49.39939131721025,51.2445,50.14,MEDIUM
1508,ML-00654,TRD,OHE,0.432274984335834,43.2274984335834,60.454,50.12,MEDIUM
1509,ML-02680,S&T,Point Machine,0.6391965457989701,63.91965457989701,29.3835,50.11,MEDIUM
1510,ML-04754,S&T,Axle Counter,0.4643838335896445,46.43838335896445,55.629000000000005,50.11,MEDIUM
1511,ML-04013,S&T,Axle Counter,0.37676762253144375,37.676762253144375,68.74199999999999,50.1,MEDIUM
1512,ML-03662,TRD,OHE,0.45319624571742395,45.319624571742395,57.227,50.08,MEDIUM
1513,ML-03734,S&T,Axle Counter,0.41053945606554343,41.05394560655434,63.595000000000006,50.07,MEDIUM
1514,ML-02311,ENGINEERING,Bridge,0.4008906333637169,40.08906333637169,65.035,50.07,MEDIUM
1515,ML-04191,TRD,Section Insulator,0.45074925574817715,45.07492557481771,57.5295,50.06,MEDIUM
1516,ML-02101,S&T,Axle Counter,0.6085596150520716,60.855961505207155,33.841499999999996,50.05,MEDIUM
1517,ML-01449,S&T,Signal,0.4067588827012606,40.67588827012606,64.11,50.05,MEDIUM
1518,ML-03219,ENGINEERING,Point & Crossing,0.4093078815284821,40.93078815284821,63.6875,50.03,MEDIUM
1519,ML-03255,S&T,Point Machine,0.4467918955285294,44.67918955285294,58.057,50.03,MEDIUM
1520,ML-03541,S&T,Axle Counter,0.46633209447993695,46.63320944799369,55.1115,50.02,MEDIUM
1521,ML-04790,ENGINEERING,Track,0.4200069799069182,42.00069799069182,62.06,50.02,MEDIUM
1522,ML-02398,TRD,Transformer,0.34263738526955734,34.263738526955734,73.6395,50.01,MEDIUM
1523,ML-02793,S&T,Axle Counter,0.4572529774403689,45.725297744036894,56.3815,49.99,LOW
1524,ML-00670,TRD,OHE,0.5894202483866589,58.94202483866589,36.558,49.99,LOW
1525,ML-00904,S&T,Signal,0.5838553444435142,58.385534444351414,37.3895,49.99,LOW
1526,ML-01102,TRD,Section Insulator,0.5065611296571967,50.65611296571967,48.971500000000006,49.98,LOW
1527,ML-00926,ENGINEERING,Point & Crossing,0.4535990022344463,45.35990022344463,56.891,49.97,LOW
1528,ML-03876,TRD,OHE,0.3878241843369304,38.78241843369304,66.745,49.97,LOW
1529,ML-03375,ENGINEERING,Bridge,0.512549711666831,51.254971166683106,47.9835,49.95,LOW
1530,ML-00657,S&T,Signal,0.39250643772982613,39.25064377298261,66.007,49.95,LOW
1531,ML-01131,ENGINEERING,Point & Crossing,0.5713530736006475,57.13530736006474,39.174499999999995,49.95,LOW
1532,ML-04775,ENGINEERING,Point & Crossing,0.4462197660615406,44.621976606154064,57.943,49.95,LOW
1533,ML-03082,S&T,Signal,0.5891494389891598,58.914943898915986,36.480500000000006,49.94,LOW
1534,ML-00202,TRD,Section Insulator,0.4501859974666759,45.01859974666759,57.322,49.94,LOW
1535,ML-01257,ENGINEERING,Bridge,0.4816134988517954,48.16134988517954,52.577999999999996,49.93,LOW
1536,ML-03205,TRD,Transformer,0.383065516217359,38.3065516217359,67.3715,49.93,LOW
1537,ML-04172,ENGINEERING,Track,0.42338811019152883,42.338811019152885,61.267,49.91,LOW
1538,ML-00164,S&T,Signal,0.4740336230627102,47.40336230627102,53.6695,49.91,LOW
1539,ML-01289,ENGINEERING,Track,0.3302062007102635,33.02062007102635,75.2245,49.9,LOW
1540,ML-00308,TRD,OHE,0.42228098154470856,42.22809815447086,61.4045,49.9,LOW
1541,ML-04287,ENGINEERING,Track,0.44210065817247035,44.210065817247035,58.4225,49.9,LOW
1542,ML-00846,TRD,OHE,0.4457826696799019,44.57826696799019,57.8515,49.89,LOW
1543,ML-03464,ENGINEERING,Point & Crossing,0.3659999915303217,36.59999915303217,69.804,49.88,LOW
1544,ML-01225,TRD,Section Insulator,0.4741018707484237,47.41018707484237,53.588,49.88,LOW
1545,ML-00776,S&T,Signal,0.360807616108754,36.0807616108754,70.52799999999999,49.86,LOW
1546,ML-00603,S&T,Signal,0.441825707954983,44.1825707954983,58.387,49.86,LOW
1547,ML-00174,S&T,Signal,0.5032495200328566,50.32495200328566,49.154,49.86,LOW
1548,ML-04570,TRD,Transformer,0.6433547963888782,64.33547963888782,28.114,49.85,LOW
1549,ML-02890,S&T,Signal,0.3798663327783893,37.98663327783893,67.6315,49.84,LOW
1550,ML-04268,ENGINEERING,Point & Crossing,0.45908605745129377,45.90860574512938,55.7365,49.84,LOW
1551,ML-01204,ENGINEERING,Bridge,0.42798226395151645,42.798226395151644,60.409499999999994,49.84,LOW
1552,ML-02579,ENGINEERING,Bridge,0.425871653305689,42.5871653305689,60.727000000000004,49.84,LOW
1553,ML-04465,ENGINEERING,Track,0.4240159638443693,42.40159638443693,60.980000000000004,49.83,LOW
1554,ML-01923,TRD,OHE,0.3999474364980867,39.99474364980867,64.5505,49.82,LOW
1555,ML-04644,S&T,Signal,0.4154660003301805,41.54660003301805,62.217000000000006,49.81,LOW
1556,ML-00449,TRD,Transformer,0.3877557212924755,38.77557212924755,66.3575,49.81,LOW
1557,ML-01278,S&T,Signal,0.44017173394893605,44.017173394893604,58.4765,49.8,LOW
1558,ML-02272,ENGINEERING,Point & Crossing,0.4086123878915544,40.86123878915544,63.176,49.79,LOW
1559,ML-01922,TRD,Transformer,0.4151007906611832,41.51007906611832,62.193,49.78,LOW
1560,ML-02255,TRD,OHE,0.43411485935618715,43.411485935618714,59.29900000000001,49.77,LOW
1561,ML-01534,S&T,Signal,0.4578385813907454,45.78385813907454,55.6875,49.75,LOW
1562,ML-01924,ENGINEERING,Point & Crossing,0.4142853215046303,41.428532150463035,62.222,49.75,LOW
1563,ML-03305,S&T,Signal,0.46891604914737944,46.89160491473795,54.0095,49.74,LOW
1564,ML-03685,ENGINEERING,Point & Crossing,0.47385759166395447,47.385759166395445,53.279,49.74,LOW
1565,ML-02062,ENGINEERING,Point & Crossing,0.5326673384654326,53.26673384654326,44.4485,49.74,LOW
1566,ML-00752,ENGINEERING,Track,0.38594007185842644,38.59400718584264,66.406,49.72,LOW
1567,ML-04485,TRD,Section Insulator,0.5895430622348933,58.954306223489326,35.8775,49.72,LOW
1568,ML-00438,S&T,Signal,0.39372634824885666,39.372634824885665,65.2185,49.71,LOW
1569,ML-02231,ENGINEERING,Bridge,0.4204564535546146,42.04564535546146,61.1845,49.7,LOW
1570,ML-04444,ENGINEERING,Bridge,0.46539669499969677,46.539669499969676,54.407000000000004,49.69,LOW
1571,ML-04269,TRD,OHE,0.3873534022435432,38.73534022435432,66.10249999999999,49.68,LOW
1572,ML-03023,TRD,Section Insulator,0.3446683103593597,34.46683103593597,72.4545,49.66,LOW
1573,ML-03019,ENGINEERING,Track,0.4723650769525643,47.23650769525643,53.288,49.66,LOW
1574,ML-04291,ENGINEERING,Track,0.5028426502975333,50.28426502975333,48.729499999999994,49.66,LOW
1575,ML-03675,ENGINEERING,Point & Crossing,0.5157438417225361,51.57438417225361,46.791000000000004,49.66,LOW
1576,ML-03834,S&T,Axle Counter,0.5591885593487398,55.91885593487398,40.277,49.66,LOW
1577,ML-04244,ENGINEERING,Bridge,0.4127432396729626,41.27432396729626,62.2115,49.65,LOW
1578,ML-01309,ENGINEERING,Bridge,0.4020428598330807,40.20428598330807,63.786,49.64,LOW
1579,ML-03095,ENGINEERING,Point & Crossing,0.43689850817307535,43.68985081730754,58.5705,49.64,LOW
1580,ML-04904,S&T,Axle Counter,0.5067904828245736,50.67904828245736,48.078,49.64,LOW
1581,ML-01039,ENGINEERING,Bridge,0.42825504958951205,42.82550495895121,59.8335,49.63,LOW
1582,ML-04603,ENGINEERING,Track,0.4365966949178946,43.65966949178946,58.576,49.63,LOW
1583,ML-01043,S&T,Point Machine,0.4763913866548785,47.63913866548785,52.5085,49.59,LOW
1584,ML-03354,TRD,Transformer,0.3968345959177721,39.68345959177721,64.4385,49.59,LOW
1585,ML-00016,ENGINEERING,Bridge,0.4064676703813204,40.64676703813204,62.9895,49.58,LOW
1586,ML-00043,TRD,Transformer,0.41569580957352187,41.56958095735219,61.584,49.58,LOW
1587,ML-01444,ENGINEERING,Track,0.3119673678404415,31.19673678404415,77.1055,49.56,LOW
1588,ML-00896,ENGINEERING,Bridge,0.4548547011495203,45.48547011495203,55.6715,49.56,LOW
1589,ML-01918,TRD,OHE,0.4079735608704247,40.797356087042466,62.6255,49.53,LOW
1590,ML-04930,S&T,Axle Counter,0.47339685367954715,47.339685367954715,52.802499999999995,49.52,LOW
1591,ML-00280,TRD,OHE,0.32607608767102003,32.607608767102,74.76400000000001,49.47,LOW
1592,ML-04292,S&T,Axle Counter,0.45138293949224795,45.138293949224796,55.965500000000006,49.47,LOW
1593,ML-00179,TRD,Section Insulator,0.4223368464333157,42.23368464333157,60.301,49.46,LOW
1594,ML-00794,TRD,Transformer,0.43923783218393964,43.923783218393964,57.73,49.45,LOW
1595,ML-01029,TRD,Transformer,0.6914989850456358,69.14989850456358,19.91,49.45,LOW
1596,ML-04043,ENGINEERING,Bridge,0.4078146946979112,40.78146946979112,62.413500000000006,49.43,LOW
1597,ML-04997,ENGINEERING,Point & Crossing,0.4338472724756516,43.38472724756516,58.492,49.43,LOW
1598,ML-02258,TRD,Transformer,0.3411230356803734,34.11230356803734,72.3895,49.42,LOW
1599,ML-02249,ENGINEERING,Point & Crossing,0.42894680834206056,42.894680834206056,59.19,49.41,LOW
1600,ML-04105,TRD,OHE,0.4376443089189159,43.76443089189159,57.86150000000001,49.4,LOW
1601,ML-01827,S&T,Axle Counter,0.46219461764012926,46.21946176401293,54.1695,49.4,LOW
1602,ML-04498,ENGINEERING,Bridge,0.3802815865596568,38.02815865596568,66.42816666666667,49.39,LOW
1603,ML-00643,ENGINEERING,Point & Crossing,0.41842381060259454,41.842381060259456,60.691500000000005,49.38,LOW
1604,ML-02085,ENGINEERING,Track,0.3907147601604728,39.07147601604728,64.7915,49.36,LOW
1605,ML-03724,ENGINEERING,Point & Crossing,0.3839260700848435,38.39260700848435,65.77199999999999,49.34,LOW
1606,ML-00941,S&T,Axle Counter,0.41819800875441826,41.81980087544183,60.601,49.33,LOW
1607,ML-03300,ENGINEERING,Bridge,0.4026433200676886,40.26433200676886,62.902,49.32,LOW
1608,ML-03779,S&T,Point Machine,0.3931530979520976,39.31530979520976,64.293,49.31,LOW
1609,ML-04023,S&T,Signal,0.5908642614165636,59.086426141656354,34.643,49.31,LOW
1610,ML-02336,S&T,Point Machine,0.3913295018953459,39.13295018953459,64.5825,49.31,LOW
1611,ML-03659,TRD,OHE,0.455295793933522,45.5295793933522,54.94333333333334,49.3,LOW
1612,ML-03801,ENGINEERING,Track,0.6517872777689594,65.17872777689594,25.426000000000002,49.28,LOW
1613,ML-00378,S&T,Signal,0.404321051769643,40.4321051769643,62.543,49.28,LOW
1614,ML-02378,S&T,Point Machine,0.55981626083062,55.981626083062,39.210499999999996,49.27,LOW
1615,ML-00018,S&T,Point Machine,0.3634680994748692,36.34680994748692,68.664,49.27,LOW
1616,ML-02241,S&T,Signal,0.46216041533637897,46.2160415336379,53.8165,49.26,LOW
1617,ML-01657,TRD,OHE,0.4866531836799303,48.66531836799303,50.1185,49.25,LOW
1618,ML-01766,TRD,OHE,0.41927228407837946,41.927228407837944,60.2165,49.24,LOW
1619,ML-02543,ENGINEERING,Track,0.42109667406157814,42.10966740615781,59.920666666666676,49.23,LOW
1620,ML-00724,TRD,Transformer,0.3962696432810876,39.62696432810876,63.614,49.22,LOW
1621,ML-00963,S&T,Point Machine,0.42814470640692276,42.81447064069228,58.8375,49.22,LOW
1622,ML-02614,ENGINEERING,Point & Crossing,0.47073703715385967,47.07370371538597,52.357,49.19,LOW
1623,ML-01888,ENGINEERING,Point & Crossing,0.41293081985933744,41.293081985933746,61.024,49.19,LOW
1624,ML-03322,ENGINEERING,Point & Crossing,0.6481948533471941,64.8194853347194,25.691499999999998,49.17,LOW
1625,ML-03138,ENGINEERING,Bridge,0.4055776363544365,40.55776363544365,62.089333333333336,49.17,LOW
1626,ML-02063,ENGINEERING,Track,0.42693641236502544,42.69364123650254,58.862,49.16,LOW
1627,ML-02314,TRD,Transformer,0.612860761262482,61.286076126248204,30.982999999999997,49.16,LOW
1628,ML-00405,ENGINEERING,Track,0.42174105856819183,42.17410585681918,59.5875,49.14,LOW
1629,ML-04551,TRD,OHE,0.4003536251887659,40.03536251887659,62.7035,49.1,LOW
1630,ML-04131,ENGINEERING,Bridge,0.437062499261448,43.7062499261448,57.0815,49.06,LOW
1631,ML-01751,S&T,Signal,0.5074543606998231,50.74543606998231,46.497,49.05,LOW
1632,ML-02740,TRD,Transformer,0.3986096252515333,39.86096252515333,62.822,49.05,LOW
1633,ML-04657,ENGINEERING,Point & Crossing,0.38118957411286347,38.118957411286345,65.455,49.05,LOW
1634,ML-02090,ENGINEERING,Bridge,0.6015022732296296,60.150227322962955,32.37349999999999,49.04,LOW
1635,ML-01233,TRD,OHE,0.39605321444064406,39.60532144406441,63.15,49.02,LOW
1636,ML-00703,S&T,Axle Counter,0.5252665419845013,52.52665419845013,43.74,49.01,LOW
1637,ML-03417,ENGINEERING,Bridge,0.5296198260141501,52.961982601415016,43.081,49.01,LOW
1638,ML-03488,S&T,Axle Counter,0.3400853362661455,34.00853362661455,71.4825,49.0,LOW
1639,ML-04148,ENGINEERING,Track,0.46476439911395945,46.47643991139594,52.7865,49.0,LOW
1640,ML-01926,TRD,Transformer,0.5751064118963067,57.510641189630675,36.153,48.97,LOW
1641,ML-00750,TRD,Transformer,0.45943289221340783,45.943289221340784,53.4845,48.96,LOW
1642,ML-00515,S&T,Signal,0.5035309147854451,50.353091478544506,46.8565,48.95,LOW
1643,ML-04211,S&T,Axle Counter,0.3675866252197136,36.75866252197136,67.227,48.95,LOW
1644,ML-03359,ENGINEERING,Point & Crossing,0.44891530954697906,44.891530954697906,55.040000000000006,48.95,LOW
1645,ML-00031,TRD,Section Insulator,0.46505328340901686,46.505328340901684,52.624500000000005,48.95,LOW
1646,ML-03587,ENGINEERING,Bridge,0.42575372175635445,42.575372175635444,58.4965,48.94,LOW
1647,ML-02483,ENGINEERING,Track,0.35977508828339766,35.977508828339765,68.39500000000001,48.94,LOW
1648,ML-00486,ENGINEERING,Point & Crossing,0.3394648657315228,33.94648657315228,71.401,48.93,LOW
1649,ML-04201,ENGINEERING,Bridge,0.5045906414558062,50.459064145580626,46.611000000000004,48.92,LOW
1650,ML-01525,ENGINEERING,Bridge,0.5192147807811451,51.92147807811451,44.423500000000004,48.92,LOW
1651,ML-04092,ENGINEERING,Track,0.40632889182430937,40.63288918243094,61.3205,48.91,LOW
1652,ML-04866,ENGINEERING,Bridge,0.39218832887213173,39.218832887213175,63.4415,48.91,LOW
1653,ML-02651,S&T,Point Machine,0.4247235221062683,42.47235221062683,58.543,48.9,LOW
1654,ML-02361,S&T,Point Machine,0.45275490929895346,45.27549092989535,54.331500000000005,48.9,LOW
1655,ML-04280,ENGINEERING,Point & Crossing,0.37861745939111935,37.861745939111934,65.4315,48.89,LOW
1656,ML-04955,TRD,OHE,0.4292923551504622,42.92923551504622,57.817499999999995,48.88,LOW
1657,ML-01360,S&T,Axle Counter,0.4675109718569403,46.75109718569403,52.07150000000001,48.88,LOW
1658,ML-03171,ENGINEERING,Track,0.5086147041122875,50.86147041122875,45.8975,48.88,LOW
1659,ML-03297,TRD,OHE,0.3791160830436995,37.91160830436995,65.32600000000001,48.88,LOW
1660,ML-02465,S&T,Axle Counter,0.47963318167279717,47.963318167279716,50.2385,48.87,LOW
1661,ML-02893,S&T,Signal,0.4707276802481601,47.07276802481601,51.5715,48.87,LOW
1662,ML-01186,ENGINEERING,Bridge,0.44823178005307635,44.82317800530763,54.935,48.87,LOW
1663,ML-02550,ENGINEERING,Track,0.3878065381394829,38.78065381394829,64.011,48.87,LOW
1664,ML-02422,S&T,Signal,0.4419231592592435,44.192315925924355,55.894999999999996,48.87,LOW
1665,ML-03005,ENGINEERING,Track,0.5155807204277488,51.55807204277488,44.832,48.87,LOW
1666,ML-03966,S&T,Axle Counter,0.48121465789128637,48.121465789128635,49.9775,48.86,LOW
1667,ML-01785,S&T,Point Machine,0.6006136138834564,60.06136138834564,32.025499999999994,48.85,LOW
1668,ML-04556,ENGINEERING,Bridge,0.4551710781461397,45.51710781461397,53.792,48.83,LOW
1669,ML-03213,ENGINEERING,Track,0.5762935275470817,57.62935275470817,35.6375,48.83,LOW
1670,ML-04231,ENGINEERING,Track,0.4125521520554472,41.25521520554472,60.16416666666667,48.82,LOW
1671,ML-04569,S&T,Point Machine,0.478257780523668,47.8257780523668,50.268499999999996,48.8,LOW
1672,ML-01892,TRD,Transformer,0.43902886598038265,43.902886598038265,56.1475,48.8,LOW
1673,ML-03369,ENGINEERING,Bridge,0.4647109717323463,46.47109717323463,52.29750000000001,48.8,LOW
1674,ML-03239,ENGINEERING,Point & Crossing,0.4052389761071636,40.52389761071636,61.184999999999995,48.79,LOW
1675,ML-02048,TRD,OHE,0.5089582790147169,50.89582790147169,45.6435,48.79,LOW
1676,ML-01226,TRD,Section Insulator,0.5000284197944623,50.00284197944623,46.91916666666667,48.77,LOW
1677,ML-01522,TRD,OHE,0.450576061640618,45.057606164061795,54.314,48.76,LOW
1678,ML-00413,S&T,Signal,0.3816227145318917,38.16227145318917,64.662,48.76,LOW
1679,ML-01811,S&T,Axle Counter,0.5051703638060995,50.517036380609945,46.113,48.76,LOW
1680,ML-01193,S&T,Signal,0.42976301890612056,42.976301890612056,57.4175,48.75,LOW
1681,ML-04532,ENGINEERING,Bridge,0.39929640677327116,39.929640677327114,61.9895,48.75,LOW
1682,ML-02693,ENGINEERING,Track,0.708310441655303,70.8310441655303,15.6165,48.75,LOW
1683,ML-02942,S&T,Axle Counter,0.4195515582957578,41.95515582957578,58.933,48.75,LOW
1684,ML-03656,ENGINEERING,Point & Crossing,0.3785489722409693,37.85489722409693,65.0575,48.74,LOW
1685,ML-03292,S&T,Signal,0.4546227647706451,45.46227647706451,53.656,48.74,LOW
1686,ML-03254,S&T,Axle Counter,0.461385735636718,46.1385735636718,52.586,48.72,LOW
1687,ML-01568,ENGINEERING,Track,0.36287672792258724,36.287672792258725,67.376,48.72,LOW
1688,ML-04206,S&T,Signal,0.40835475872940363,40.835475872940364,60.5075,48.7,LOW
1689,ML-04137,ENGINEERING,Bridge,0.4915034628893115,49.15034628893115,47.9465,48.67,LOW
1690,ML-02017,S&T,Axle Counter,0.6158959257622838,61.589592576228384,29.299,48.67,LOW
1691,ML-01443,S&T,Point Machine,0.40761834010840453,40.76183401084045,60.534,48.67,LOW
1692,ML-03075,ENGINEERING,Point & Crossing,0.6298058247304871,62.980582473048706,27.189,48.66,LOW
1693,ML-00891,TRD,Transformer,0.4112948909050082,41.12948909050082,59.924,48.65,LOW
1694,ML-01523,ENGINEERING,Track,0.43494794992302355,43.49479499230235,56.364999999999995,48.64,LOW
1695,ML-00539,TRD,Section Insulator,0.3977643646641093,39.77643646641093,61.9405,48.64,LOW
1696,ML-03208,ENGINEERING,Bridge,0.3353434530926443,33.53434530926443,71.22200000000001,48.61,LOW
1697,ML-03479,TRD,Transformer,0.6103774052888931,61.03774052888931,29.915,48.59,LOW
1698,ML-00570,ENGINEERING,Bridge,0.33933023076123064,33.933023076123064,70.51849999999999,48.57,LOW
1699,ML-04957,ENGINEERING,Point & Crossing,0.38963147682546145,38.96314768254614,62.962,48.56,LOW
1700,ML-02813,ENGINEERING,Track,0.5137223022610392,51.37223022610392,44.2875,48.54,LOW
1701,ML-04718,ENGINEERING,Bridge,0.46852599893739727,46.85259989373973,51.0495,48.53,LOW
1702,ML-04725,TRD,OHE,0.4628432127139985,46.28432127139985,51.847,48.51,LOW
1703,ML-04354,S&T,Axle Counter,0.4461234661079105,44.61234661079105,54.325,48.5,LOW
1704,ML-00964,S&T,Point Machine,0.4048967665899634,40.48967665899634,60.479,48.49,LOW
1705,ML-01379,TRD,Section Insulator,0.36322086520373875,36.32208652037387,66.733,48.49,LOW
1706,ML-00847,ENGINEERING,Track,0.33599889880121714,33.599889880121715,70.811,48.48,LOW
1707,ML-03976,ENGINEERING,Track,0.41898133227336454,41.89813322733645,58.351,48.48,LOW
1708,ML-04414,ENGINEERING,Bridge,0.4597389626728382,45.97389626728382,52.239000000000004,48.48,LOW
1709,ML-03654,TRD,OHE,0.43167224638259094,43.16722463825909,56.451,48.48,LOW
1710,ML-01138,TRD,Section Insulator,0.5591062322216147,55.91062322216147,37.311,48.47,LOW
1711,ML-01306,TRD,OHE,0.41957040068714896,41.957040068714896,58.2365,48.47,LOW
1712,ML-03223,ENGINEERING,Track,0.4534811644742886,45.34811644742886,53.150999999999996,48.47,LOW
1713,ML-01957,TRD,Transformer,0.44589528871266865,44.589528871266864,54.2995,48.47,LOW
1714,ML-01060,ENGINEERING,Bridge,0.4298546145382176,42.98546145382176,56.655,48.45,LOW
1715,ML-01174,TRD,Section Insulator,0.4503822063225639,45.03822063225639,53.559000000000005,48.45,LOW
1716,ML-03758,TRD,Transformer,0.40730251382127003,40.730251382127,60.039500000000004,48.45,LOW
1717,ML-03212,TRD,Section Insulator,0.48783288827173377,48.78328882717338,47.866,48.42,LOW
1718,ML-00330,TRD,Transformer,0.36990839718089386,36.99083971808938,65.554,48.42,LOW
1719,ML-01984,TRD,OHE,0.46296940603488196,46.296940603488196,51.555499999999995,48.4,LOW
1720,ML-02193,S&T,Signal,0.3699497382588299,36.99497382588299,65.5085,48.4,LOW
1721,ML-00335,ENGINEERING,Track,0.43581478269254004,43.581478269254006,55.6125,48.39,LOW
1722,ML-01901,S&T,Point Machine,0.41154259376365254,41.15425937636525,59.219,48.38,LOW
1723,ML-04496,ENGINEERING,Track,0.501688715139516,50.16887151395159,45.675000000000004,48.37,LOW
1724,ML-04238,TRD,Section Insulator,0.3710115047416613,37.101150474166126,65.26400000000001,48.37,LOW
1725,ML-03037,TRD,OHE,0.4163770900598243,41.63770900598243,58.458,48.37,LOW
1726,ML-04678,S&T,Point Machine,0.36122938429672724,36.12293842967272,66.706,48.36,LOW
1727,ML-01006,ENGINEERING,Track,0.364188129461302,36.4188129461302,66.2255,48.34,LOW
1728,ML-03246,S&T,Signal,0.48069461570153577,48.06946157015358,48.751000000000005,48.34,LOW
1729,ML-03127,TRD,Section Insulator,0.41948048434157464,41.948048434157464,57.927499999999995,48.34,LOW
1730,ML-03862,ENGINEERING,Point & Crossing,0.611973094295865,61.1973094295865,29.0185,48.33,LOW
1731,ML-03440,S&T,Axle Counter,0.40480774085513405,40.4807740855134,60.0895,48.32,LOW
1732,ML-04897,S&T,Point Machine,0.38105189378751037,38.105189378751035,63.6505,48.32,LOW
1733,ML-03113,S&T,Point Machine,0.39670695302867365,39.670695302867365,61.291500000000006,48.32,LOW
1734,ML-00842,S&T,Point Machine,0.4930500227787757,49.30500227787757,46.8285,48.31,LOW
1735,ML-01450,TRD,Section Insulator,0.5247208869817961,52.47208869817961,42.059333333333335,48.31,LOW
1736,ML-03361,S&T,Point Machine,0.4163413841886589,41.63413841886589,58.2975,48.3,LOW
1737,ML-03414,S&T,Signal,0.4640240834750186,46.40240834750186,51.117000000000004,48.29,LOW
1738,ML-04205,TRD,Section Insulator,0.43505138781652614,43.50513878165261,55.375,48.25,LOW
1739,ML-03235,TRD,OHE,0.46831053734545725,46.831053734545726,50.359,48.24,LOW
1740,ML-01459,ENGINEERING,Point & Crossing,0.40354205705797314,40.35420570579731,60.073,48.24,LOW
1741,ML-03456,S&T,Point Machine,0.35802294642432764,35.80229464243276,66.8745,48.23,LOW
1742,ML-03767,ENGINEERING,Point & Crossing,0.42650268022983195,42.6502680229832,56.5505,48.21,LOW
1743,ML-01118,S&T,Axle Counter,0.4599358410971033,45.993584109710326,51.51766666666667,48.2,LOW
1744,ML-00204,TRD,Section Insulator,0.3575972895143722,35.75972895143722,66.821,48.18,LOW
1745,ML-02941,TRD,Section Insulator,0.45943474437736037,45.943474437736036,51.533500000000004,48.18,LOW
1746,ML-00036,ENGINEERING,Bridge,0.44734971785707645,44.73497178570764,53.342,48.18,LOW
1747,ML-01909,TRD,Section Insulator,0.6093626207142353,60.93626207142353,29.056,48.18,LOW
1748,ML-00219,ENGINEERING,Point & Crossing,0.40936744700921707,40.93674470092171,59.013000000000005,48.17,LOW
1749,ML-01175,S&T,Signal,0.5037839239883948,50.37839239883948,44.835,48.16,LOW
1750,ML-04087,TRD,Section Insulator,0.4694602490909107,46.94602490909107,49.974500000000006,48.16,LOW
1751,ML-02078,ENGINEERING,Bridge,0.3509597542706438,35.09597542706438,67.741,48.15,LOW
1752,ML-00370,ENGINEERING,Bridge,0.44127360832960827,44.127360832960825,54.181,48.15,LOW
1753,ML-04060,ENGINEERING,Point & Crossing,0.3973704460899982,39.737044608999824,60.754000000000005,48.14,LOW
1754,ML-00948,ENGINEERING,Bridge,0.3922768524203837,39.22768524203837,61.472,48.13,LOW
1755,ML-00514,S&T,Signal,0.46439853192018005,46.439853192018006,50.6235,48.11,LOW
1756,ML-04943,TRD,Section Insulator,0.42488928805751003,42.488928805751,56.516000000000005,48.1,LOW
1757,ML-04457,TRD,OHE,0.42274410253911054,42.27441025391106,56.800000000000004,48.08,LOW
1758,ML-01622,ENGINEERING,Track,0.4684324205213921,46.84324205213921,49.929,48.08,LOW
1759,ML-04136,TRD,OHE,0.45781657349261307,45.78165734926131,51.51316666666666,48.07,LOW
1760,ML-03956,TRD,Transformer,0.3740265999145912,37.40265999145912,64.064,48.07,LOW
1761,ML-04132,TRD,Section Insulator,0.45032989847194976,45.032989847194976,52.605000000000004,48.06,LOW
1762,ML-04469,S&T,Signal,0.4003071000251915,40.03071000251915,60.114000000000004,48.06,LOW
1763,ML-03436,S&T,Axle Counter,0.40676952280503964,40.67695228050396,59.128,48.06,LOW
1764,ML-03047,S&T,Axle Counter,0.3547382267973627,35.47382267973627,66.914,48.05,LOW
1765,ML-04892,ENGINEERING,Bridge,0.4373584082087793,43.73584082087793,54.5235,48.05,LOW
1766,ML-00681,TRD,Section Insulator,0.3815890233394756,38.15890233394756,62.887,48.05,LOW
1767,ML-00825,ENGINEERING,Track,0.4163423140808775,41.63423140808775,57.668,48.05,LOW
1768,ML-00951,S&T,Signal,0.40873521102177934,40.87352110217793,58.7775,48.04,LOW
1769,ML-00433,S&T,Axle Counter,0.4661315756077917,46.61315756077917,50.19,48.04,LOW
1770,ML-00423,ENGINEERING,Point & Crossing,0.44586489934766876,44.586489934766874,53.217999999999996,48.04,LOW
1771,ML-00987,S&T,Signal,0.39327906708016974,39.327906708016975,61.0745,48.03,LOW
1772,ML-02384,ENGINEERING,Track,0.4047116005564419,40.47116005564419,59.331500000000005,48.02,LOW
1773,ML-00099,ENGINEERING,Bridge,0.45247290381270105,45.247290381270105,52.1175,48.0,LOW
1774,ML-01422,ENGINEERING,Point & Crossing,0.5511818080832802,55.11818080832802,37.275999999999996,47.98,LOW
1775,ML-04509,ENGINEERING,Bridge,0.4107038422419,41.07038422419,58.31400000000001,47.97,LOW
1776,ML-04780,S&T,Point Machine,0.39542813103334606,39.54281310333461,60.600500000000004,47.97,LOW
1777,ML-00591,ENGINEERING,Point & Crossing,0.35072087740863067,35.07208774086307,67.3265,47.97,LOW
1778,ML-01850,S&T,Point Machine,0.3348339450148938,33.48339450148938,69.65299999999999,47.95,LOW
1779,ML-00039,TRD,Section Insulator,0.3999487983068262,39.99487983068262,59.8735,47.95,LOW
1780,ML-01956,ENGINEERING,Track,0.4953719666670798,49.53719666670798,45.567,47.95,LOW
1781,ML-04436,TRD,Section Insulator,0.36642547832391836,36.642547832391834,64.85300000000001,47.93,LOW
1782,ML-03545,S&T,Signal,0.4339893444197014,43.39893444197014,54.7135,47.92,LOW
1783,ML-01801,ENGINEERING,Track,0.4208687392044379,42.08687392044379,56.628,47.9,LOW
1784,ML-00307,ENGINEERING,Track,0.3866517993227365,38.66517993227365,61.762,47.9,LOW
1785,ML-02977,S&T,Point Machine,0.5912607403751011,59.126074037510115,31.064,47.9,LOW
1786,ML-04276,S&T,Point Machine,0.36552395919263253,36.552395919263255,64.89500000000001,47.89,LOW
1787,ML-04906,ENGINEERING,Point & Crossing,0.38678785342942107,38.678785342942106,61.7175,47.89,LOW
1788,ML-01122,S&T,Axle Counter,0.4539860428801143,45.39860428801143,51.5825,47.87,LOW
1789,ML-00843,TRD,Transformer,0.41376901023732837,41.376901023732835,57.606,47.87,LOW
1790,ML-02524,ENGINEERING,Point & Crossing,0.4681858275140341,46.81858275140341,49.4385,47.87,LOW
1791,ML-01580,TRD,Transformer,0.4460741716822856,44.60741716822856,52.774,47.87,LOW
1792,ML-02137,TRD,OHE,0.5898857418560611,58.98857418560611,31.151,47.85,LOW
1793,ML-02411,S&T,Signal,0.4451915831646442,44.51915831646442,52.8255,47.84,LOW
1794,ML-03410,TRD,Section Insulator,0.3982602441144892,39.82602441144892,59.869,47.84,LOW
1795,ML-02575,ENGINEERING,Bridge,0.46695766485902274,46.695766485902276,49.520500000000006,47.83,LOW
1796,ML-03116,ENGINEERING,Track,0.33229120487453534,33.229120487453535,69.7305,47.83,LOW
1797,ML-02717,TRD,Section Insulator,0.4774266444270945,47.74266444270945,47.9485,47.82,LOW
1798,ML-02300,ENGINEERING,Bridge,0.6437924233573692,64.37924233573692,22.9525,47.81,LOW
1799,ML-00015,ENGINEERING,Bridge,0.40167192538074564,40.167192538074566,59.273500000000006,47.81,LOW
1800,ML-01165,S&T,Axle Counter,0.37153801704593303,37.153801704593306,63.7325,47.79,LOW
1801,ML-01637,S&T,Signal,0.4494643464354532,44.94643464354532,52.0385,47.78,LOW
1802,ML-03629,ENGINEERING,Bridge,0.34299731448320186,34.29973144832019,67.997,47.78,LOW
1803,ML-03025,TRD,OHE,0.4451357282673982,44.513572826739825,52.672000000000004,47.78,LOW
1804,ML-00646,S&T,Point Machine,0.417138306936923,41.7138306936923,56.872499999999995,47.78,LOW
1805,ML-00676,ENGINEERING,Bridge,0.4214929498541332,42.14929498541332,56.1755,47.76,LOW
1806,ML-02244,ENGINEERING,Bridge,0.3259063263994913,32.59063263994913,70.513,47.76,LOW
1807,ML-01132,ENGINEERING,Bridge,0.50621878964428,50.621878964428,43.4725,47.76,LOW
1808,ML-01634,S&T,Signal,0.33926795693549877,33.92679569354988,68.4485,47.74,LOW
1809,ML-00747,TRD,Transformer,0.5448442267379656,54.48442267379656,37.618,47.74,LOW
1810,ML-00652,ENGINEERING,Point & Crossing,0.42134852518930116,42.13485251893012,56.08800000000001,47.72,LOW
1811,ML-00458,S&T,Signal,0.33825688425112893,33.825688425112894,68.52,47.7,LOW
1812,ML-01350,S&T,Point Machine,0.33854493724624585,33.85449372462458,68.45349999999999,47.69,LOW
1813,ML-04399,S&T,Point Machine,0.35037740365428477,35.037740365428476,66.64099999999999,47.68,LOW
1814,ML-02741,TRD,Transformer,0.38225748885537775,38.225748885537776,61.863,47.68,LOW
1815,ML-00386,ENGINEERING,Point & Crossing,0.4288270388251535,42.88270388251535,54.869,47.68,LOW
1816,ML-03185,TRD,Section Insulator,0.5260130614341633,52.60130614341632,40.283500000000004,47.67,LOW
1817,ML-02962,ENGINEERING,Track,0.343108963662573,34.310896366257296,67.709,47.67,LOW
1818,ML-02233,S&T,Axle Counter,0.3742697847401334,37.42697847401334,63.045500000000004,47.67,LOW
1819,ML-02475,ENGINEERING,Track,0.379587983168048,37.958798316804796,62.246,47.67,LOW
1820,ML-03532,TRD,Section Insulator,0.43439738487426305,43.439738487426304,53.991,47.66,LOW
1821,ML-02591,S&T,Axle Counter,0.41514190450725086,41.51419045072509,56.8645,47.65,LOW
1822,ML-04461,S&T,Signal,0.4646828461643541,46.46828461643541,49.42,47.65,LOW
1823,ML-04030,S&T,Signal,0.4171025482092163,41.71025482092163,56.5705,47.65,LOW
1824,ML-04253,ENGINEERING,Bridge,0.4007747452320447,40.07747452320447,58.96300000000001,47.63,LOW
1825,ML-04045,TRD,Section Insulator,0.4092771802875406,40.927718028754065,57.5965,47.6,LOW
1826,ML-04317,S&T,Signal,0.5837455564709715,58.37455564709715,31.440499999999997,47.6,LOW
1827,ML-01285,S&T,Axle Counter,0.4371734476343914,43.717344763439144,53.388333333333335,47.59,LOW
1828,ML-01796,TRD,Transformer,0.36746643104384846,36.746643104384844,63.81700000000001,47.57,LOW
1829,ML-04684,S&T,Signal,0.43483262605206163,43.483262605206164,53.671,47.56,LOW
1830,ML-03889,TRD,Section Insulator,0.4536407420399714,45.36407420399714,50.853500000000004,47.56,LOW
1831,ML-04237,ENGINEERING,Point & Crossing,0.37286467350170677,37.286467350170675,62.943000000000005,47.55,LOW
1832,ML-02327,ENGINEERING,Point & Crossing,0.47926549911653715,47.926549911653716,46.9495,47.54,LOW
1833,ML-02450,TRD,Section Insulator,0.3319879294288354,33.19879294288354,69.0435,47.54,LOW
1834,ML-03584,TRD,OHE,0.34481997187726593,34.48199718772659,67.13366666666667,47.54,LOW
1835,ML-00631,TRD,OHE,0.5739128279630074,57.391282796300736,32.7745,47.54,LOW
1836,ML-02089,TRD,OHE,0.3920101727074299,39.20101727074299,60.043,47.54,LOW
1837,ML-02637,TRD,Section Insulator,0.4187781360012328,41.87781360012328,55.992999999999995,47.52,LOW
1838,ML-00194,TRD,Transformer,0.4683751374625525,46.83751374625525,48.552,47.52,LOW
1839,ML-01328,TRD,OHE,0.43299793280543564,43.29979328054356,53.83333333333334,47.51,LOW
1840,ML-02312,TRD,Transformer,0.39021070580181055,39.02107058018105,60.242999999999995,47.51,LOW
1841,ML-00626,TRD,Transformer,0.3720655503886603,37.20655503886603,62.944500000000005,47.5,LOW
1842,ML-04472,S&T,Axle Counter,0.4674733490923012,46.74733490923012,48.606,47.49,LOW
1843,ML-00161,S&T,Point Machine,0.44000853917193355,44.00085391719335,52.596000000000004,47.44,LOW
1844,ML-01083,S&T,Signal,0.35392503159015604,35.392503159015604,65.515,47.44,LOW
1845,ML-00285,S&T,Axle Counter,0.4116302879618663,41.16302879618663,56.8555,47.44,LOW
1846,ML-03497,S&T,Signal,0.6025552195455477,60.255521954554766,28.18,47.43,LOW
1847,ML-02715,TRD,OHE,0.5017007047262166,50.17007047262167,43.326,47.43,LOW
1848,ML-03058,ENGINEERING,Track,0.434724899581075,43.4724899581075,53.375,47.43,LOW
1849,ML-00046,S&T,Axle Counter,0.4690982783168356,46.90982783168356,48.197500000000005,47.42,LOW
1850,ML-02290,ENGINEERING,Bridge,0.4306172231343276,43.06172231343276,53.943999999999996,47.41,LOW
1851,ML-03111,S&T,Point Machine,0.43572395265531666,43.57239526553167,53.125,47.39,LOW
1852,ML-02114,TRD,Transformer,0.33001432743302245,33.001432743302246,68.9745,47.39,LOW
1853,ML-04510,ENGINEERING,Point & Crossing,0.4304846684682097,43.04846684682097,53.8815,47.38,LOW
1854,ML-04160,S&T,Axle Counter,0.4922482624166743,49.22482624166743,44.597,47.37,LOW
1855,ML-04476,TRD,Section Insulator,0.39058750711374296,39.058750711374294,59.8275,47.37,LOW
1856,ML-04487,TRD,Transformer,0.34791264607644634,34.791264607644635,66.247,47.37,LOW
1857,ML-04209,S&T,Axle Counter,0.3937920324042416,39.37920324042416,59.332,47.36,LOW
1858,ML-00478,TRD,Transformer,0.5144130584724553,51.44130584724553,41.233000000000004,47.36,LOW
1859,ML-03539,TRD,OHE,0.39538957152832216,39.53895715283222,59.0925,47.36,LOW
1860,ML-01910,S&T,Axle Counter,0.41078989945427763,41.078989945427764,56.788,47.36,LOW
1861,ML-02208,S&T,Axle Counter,0.34321307808837453,34.32130780883745,66.888,47.35,LOW
1862,ML-03941,TRD,OHE,0.4642753573856664,46.42753573856664,48.721,47.34,LOW
1863,ML-04697,ENGINEERING,Track,0.38291744603561667,38.29174460356167,60.9,47.34,LOW
1864,ML-03632,ENGINEERING,Bridge,0.3444666494022746,34.446664940227464,66.66900000000001,47.34,LOW
1865,ML-04624,TRD,Section Insulator,0.4412607261913766,44.12607261913766,52.1155,47.32,LOW
1866,ML-04954,TRD,OHE,0.5093365484259426,50.93365484259426,41.8905,47.32,LOW
1867,ML-01603,S&T,Signal,0.41386411077457774,41.38641107745777,56.186499999999995,47.31,LOW
1868,ML-02687,ENGINEERING,Point & Crossing,0.42201891731473784,42.201891731473786,54.964,47.31,LOW
1869,ML-00928,ENGINEERING,Point & Crossing,0.4918160225551241,49.18160225551241,44.4695,47.3,LOW
1870,ML-03807,ENGINEERING,Point & Crossing,0.4019945264912784,40.19945264912784,57.9115,47.28,LOW
1871,ML-04219,ENGINEERING,Bridge,0.4465259759390967,44.65259759390967,51.2185,47.28,LOW
1872,ML-00085,ENGINEERING,Point & Crossing,0.43001781283183,43.001781283183,53.705,47.28,LOW
1873,ML-04039,TRD,OHE,0.45808315482714174,45.80831548271417,49.485,47.28,LOW
1874,ML-00931,ENGINEERING,Point & Crossing,0.3995769483897088,39.95769483897088,58.2215,47.26,LOW
1875,ML-04486,ENGINEERING,Point & Crossing,0.3866500798394366,38.66500798394366,60.154,47.26,LOW
1876,ML-04418,S&T,Axle Counter,0.39464454119557524,39.46445411955752,58.951,47.26,LOW
1877,ML-00275,ENGINEERING,Track,0.4407009014358575,44.07009014358575,51.972500000000004,47.23,LOW
1878,ML-04401,S&T,Point Machine,0.3738107461878327,37.38107461878327,61.980999999999995,47.22,LOW
1879,ML-03346,ENGINEERING,Point & Crossing,0.44979317620967846,44.97931762096785,50.549,47.21,LOW
1880,ML-04380,ENGINEERING,Point & Crossing,0.34339476213391895,34.3394762133919,66.49233333333333,47.2,LOW
1881,ML-04141,ENGINEERING,Bridge,0.3626654955973041,36.26654955973041,63.5955,47.2,LOW
1882,ML-03880,S&T,Axle Counter,0.4061620241733523,40.61620241733523,57.034,47.18,LOW
1883,ML-00207,TRD,OHE,0.40190113265140764,40.190113265140766,57.672,47.18,LOW
1884,ML-04103,ENGINEERING,Bridge,0.37008191859900513,37.00819185990051,62.403499999999994,47.17,LOW
1885,ML-04965,TRD,OHE,0.4317173881873649,43.171738818736486,53.107,47.15,LOW
1886,ML-03915,TRD,Section Insulator,0.39705772151364616,39.70577215136461,58.304,47.15,LOW
1887,ML-00129,S&T,Signal,0.4361041631659279,43.61041631659279,52.4485,47.15,LOW
1888,ML-00648,ENGINEERING,Bridge,0.4110077386906743,41.10077386906743,56.2275,47.15,LOW
1889,ML-00158,TRD,Section Insulator,0.4414337424742632,44.14337424742632,51.638,47.14,LOW
1890,ML-01541,S&T,Signal,0.42683526645392833,42.68352664539283,53.8215,47.14,LOW
1891,ML-00972,S&T,Signal,0.47388962459195155,47.388962459195156,46.7355,47.13,LOW
1892,ML-01374,TRD,Transformer,0.4705349130394199,47.05349130394199,47.246,47.13,LOW
1893,ML-03392,TRD,Transformer,0.4156895367461269,41.56895367461269,55.469500000000004,47.13,LOW
1894,ML-00635,S&T,Point Machine,0.6078939695544805,60.78939695544805,26.61,47.12,LOW
1895,ML-04057,S&T,Point Machine,0.31175889243804084,31.175889243804082,71.0075,47.11,LOW
1896,ML-03802,TRD,Section Insulator,0.3713683504165076,37.13683504165076,62.040000000000006,47.1,LOW
1897,ML-04222,S&T,Signal,0.3277624579262995,32.77624579262995,68.557,47.09,LOW
1898,ML-04053,TRD,OHE,0.30771575826494535,30.771575826494534,71.54,47.08,LOW
1899,ML-04061,TRD,OHE,0.3990430181548437,39.904301815484374,57.848,47.08,LOW
1900,ML-03236,ENGINEERING,Bridge,0.5580766578675166,55.807665786751656,33.993,47.08,LOW
1901,ML-03533,S&T,Point Machine,0.43106144363514576,43.106144363514574,53.044999999999995,47.08,LOW
1902,ML-02966,S&T,Axle Counter,0.4766251845192655,47.66251845192655,46.207499999999996,47.08,LOW
1903,ML-03193,S&T,Signal,0.3946641229222174,39.46641229222174,58.474,47.07,LOW
1904,ML-01170,ENGINEERING,Bridge,0.3661109021028603,36.61109021028603,62.733000000000004,47.06,LOW
1905,ML-02521,TRD,OHE,0.4569501434534521,45.69501434534521,49.108,47.06,LOW
1906,ML-00321,TRD,Transformer,0.37941788123674397,37.9417881236744,60.7275,47.06,LOW
1907,ML-03008,TRD,OHE,0.46558256060292974,46.558256060292976,47.7465,47.03,LOW
1908,ML-03426,TRD,Section Insulator,0.3657380252563923,36.57380252563923,62.723000000000006,47.03,LOW
1909,ML-03613,TRD,OHE,0.46529528222396244,46.529528222396245,47.7855,47.03,LOW
1910,ML-01311,S&T,Axle Counter,0.48304165014338857,48.30416501433886,45.091,47.02,LOW
1911,ML-04915,TRD,OHE,0.3086495549792505,30.864955497925052,71.245,47.02,LOW
1912,ML-03554,ENGINEERING,Track,0.4042821633929173,40.42821633929173,56.8975,47.02,LOW
1913,ML-03737,TRD,OHE,0.35245946237495174,35.245946237495176,64.6935,47.02,LOW
1914,ML-01369,TRD,Transformer,0.40596813642654866,40.596813642654865,56.65,47.02,LOW
1915,ML-01448,TRD,OHE,0.41135346891242974,41.135346891242975,55.827,47.01,LOW
1916,ML-03094,TRD,Transformer,0.4770277219036092,47.70277219036092,45.956500000000005,47.0,LOW
1917,ML-00890,S&T,Axle Counter,0.402742210573708,40.2742210573708,57.100500000000004,47.0,LOW
1918,ML-03895,ENGINEERING,Point & Crossing,0.3784570548687766,37.84570548687766,60.7275,47.0,LOW
1919,ML-01639,ENGINEERING,Track,0.42805468141545183,42.805468141545184,53.273,46.99,LOW
1920,ML-03608,S&T,Point Machine,0.42112002712574337,42.11200271257434,54.286,46.98,LOW
1921,ML-02820,S&T,Point Machine,0.41825619923848484,41.825619923848485,54.7235,46.98,LOW
1922,ML-00770,TRD,Transformer,0.4699696744658748,46.996967446587476,46.9415,46.97,LOW
1923,ML-01585,TRD,OHE,0.38579757155338,38.579757155338,59.5325,46.96,LOW
1924,ML-01494,TRD,Section Insulator,0.34657774772416006,34.657774772416005,65.3865,46.95,LOW
1925,ML-04301,S&T,Axle Counter,0.3945460769447315,39.45460769447315,58.173500000000004,46.94,LOW
1926,ML-01386,ENGINEERING,Point & Crossing,0.4117057950273992,41.17057950273992,55.588499999999996,46.94,LOW
1927,ML-01280,ENGINEERING,Bridge,0.4410734917494468,44.10734917494468,51.187000000000005,46.94,LOW
1928,ML-01842,TRD,Section Insulator,0.40642356970656945,40.64235697065695,56.358,46.93,LOW
1929,ML-02065,ENGINEERING,Track,0.5079354617964358,50.79354617964358,41.099000000000004,46.92,LOW
1930,ML-02008,ENGINEERING,Track,0.4427014278586018,44.27014278586018,50.86,46.91,LOW
1931,ML-01665,TRD,OHE,0.4116263573683218,41.16263573683218,55.471000000000004,46.89,LOW
1932,ML-00003,TRD,Transformer,0.46930206035158917,46.93020603515892,46.809,46.88,LOW
1933,ML-01818,S&T,Axle Counter,0.3733066260156979,37.33066260156979,61.212,46.88,LOW
1934,ML-03355,TRD,Transformer,0.35667954267933005,35.667954267933005,63.6835,46.87,LOW
1935,ML-03352,TRD,OHE,0.3967179797773088,39.67179797773088,57.6565,46.87,LOW
1936,ML-01768,S&T,Axle Counter,0.33973400905162715,33.97340090516271,66.20383333333334,46.87,LOW
1937,ML-01393,ENGINEERING,Bridge,0.4517072571473224,45.17072571473224,49.362,46.85,LOW
1938,ML-03474,S&T,Signal,0.44006899888887796,44.006899888887794,51.085,46.84,LOW
1939,ML-02878,ENGINEERING,Point & Crossing,0.39307900198923745,39.30790019892375,58.136833333333335,46.84,LOW
1940,ML-03458,S&T,Signal,0.41645731830794863,41.645731830794865,54.6365,46.84,LOW
1941,ML-02896,ENGINEERING,Bridge,0.40774317288689355,40.77431728868935,55.917,46.83,LOW
1942,ML-03931,ENGINEERING,Track,0.6393956840729216,63.93956840729216,21.172666666666665,46.83,LOW
1943,ML-00584,ENGINEERING,Track,0.4412026812512675,44.12026812512675,50.8765,46.82,LOW
1944,ML-02932,TRD,Section Insulator,0.4762177421450826,47.621774214508264,45.608000000000004,46.82,LOW
1945,ML-01397,S&T,Point Machine,0.42198142370308533,42.19814237030853,53.72,46.81,LOW
1946,ML-01964,TRD,OHE,0.3536465768853246,35.36465768853246,63.9765,46.81,LOW
1947,ML-04434,ENGINEERING,Bridge,0.460460201168817,46.0460201168817,47.964000000000006,46.81,LOW
1948,ML-04397,ENGINEERING,Point & Crossing,0.45255399176074207,45.25539917607421,49.1045,46.8,LOW
1949,ML-01732,ENGINEERING,Point & Crossing,0.4967360757624229,49.67360757624229,42.4875,46.8,LOW
1950,ML-01140,ENGINEERING,Point & Crossing,0.44258528841333217,44.25852884133322,50.614,46.8,LOW
1951,ML-04666,TRD,OHE,0.409048436408938,40.9048436408938,55.635,46.8,LOW
1952,ML-00376,TRD,Transformer,0.40962835417081117,40.962835417081116,55.526,46.79,LOW
1953,ML-03683,TRD,Transformer,0.42336679920899345,42.33667992089934,53.4345,46.78,LOW
1954,ML-04362,ENGINEERING,Track,0.45969030997298943,45.969030997298944,47.955000000000005,46.76,LOW
1955,ML-04622,TRD,Transformer,0.4529363126227441,45.29363126227441,48.971500000000006,46.76,LOW
1956,ML-00327,ENGINEERING,Point & Crossing,0.43153289976591597,43.153289976591594,52.17,46.76,LOW
1957,ML-02068,S&T,Signal,0.4174319293207314,41.74319293207314,54.288,46.76,LOW
1958,ML-04690,ENGINEERING,Bridge,0.40339192701783877,40.33919270178388,56.3585,46.75,LOW
1959,ML-03600,TRD,Section Insulator,0.31965402490140277,31.965402490140278,68.90483333333333,46.74,LOW
1960,ML-03948,S&T,Signal,0.46262789159437523,46.262789159437524,47.431,46.73,LOW
1961,ML-01581,S&T,Point Machine,0.41665185363260726,41.665185363260726,54.315000000000005,46.73,LOW
1962,ML-04180,TRD,Section Insulator,0.40830887780043157,40.830887780043156,55.5695,46.73,LOW
1963,ML-04335,S&T,Signal,0.430302287963751,43.0302287963751,52.272,46.73,LOW
1964,ML-00476,TRD,Transformer,0.5279234733708098,52.79234733708098,37.6155,46.72,LOW
1965,ML-01821,ENGINEERING,Track,0.4013916099973907,40.13916099973907,56.581500000000005,46.72,LOW
1966,ML-02691,ENGINEERING,Bridge,0.4042328094329447,40.42328094329447,56.138000000000005,46.71,LOW
1967,ML-04658,ENGINEERING,Track,0.26306046324450505,26.306046324450506,77.3255,46.71,LOW
1968,ML-03221,S&T,Signal,0.5011213474936106,50.11213474936106,41.587,46.7,LOW
1969,ML-01228,ENGINEERING,Point & Crossing,0.4745020950157255,47.45020950157255,45.5655,46.7,LOW
1970,ML-02360,S&T,Axle Counter,0.37550095403598127,37.55009540359813,60.4095,46.69,LOW
1971,ML-02525,S&T,Axle Counter,0.3915307158978013,39.15307158978013,57.9615,46.68,LOW
1972,ML-02434,TRD,Transformer,0.34294769797617725,34.294769797617725,65.26400000000001,46.68,LOW
1973,ML-01412,ENGINEERING,Track,0.3788994577114839,37.88994577114839,59.869,46.68,LOW
1974,ML-01298,ENGINEERING,Bridge,0.46956158287061284,46.956158287061285,46.2565,46.68,LOW
1975,ML-03742,S&T,Point Machine,0.4079110177814379,40.79110177814379,55.483999999999995,46.67,LOW
1976,ML-03306,TRD,Transformer,0.4117069549987453,41.17069549987453,54.918,46.67,LOW
1977,ML-01946,S&T,Point Machine,0.5003842299478888,50.03842299478888,41.6205,46.67,LOW
1978,ML-03122,S&T,Point Machine,0.36840745975871025,36.84074597587102,61.3765,46.66,LOW
1979,ML-03244,S&T,Axle Counter,0.3326459845816702,33.26459845816702,66.74000000000001,46.65,LOW
1980,ML-02996,TRD,Transformer,0.41922432810094956,41.92243281009495,53.721500000000006,46.64,LOW
1981,ML-00077,ENGINEERING,Bridge,0.453907684801074,45.390768480107404,48.497,46.63,LOW
1982,ML-03511,S&T,Axle Counter,0.4278401450304765,42.78401450304765,52.391999999999996,46.63,LOW
1983,ML-02414,ENGINEERING,Track,0.6355271242921529,63.55271242921528,21.210500000000003,46.62,LOW
1984,ML-02658,TRD,Section Insulator,0.5454523435391809,54.54523435391809,34.701499999999996,46.61,LOW
1985,ML-03698,ENGINEERING,Track,0.3803295185149897,38.03295185149897,59.439,46.6,LOW
1986,ML-00104,ENGINEERING,Track,0.5176897046045,51.76897046045001,38.814499999999995,46.59,LOW
1987,ML-01435,TRD,OHE,0.4489871192388565,44.89871192388565,49.1215,46.59,LOW
1988,ML-01925,ENGINEERING,Bridge,0.34164237628898936,34.16423762889894,65.196,46.58,LOW
1989,ML-01301,S&T,Signal,0.3656677920932786,36.56677920932786,61.551500000000004,46.56,LOW
1990,ML-01172,TRD,Section Insulator,0.43662605779790264,43.66260577979026,50.91,46.56,LOW
1991,ML-02451,ENGINEERING,Bridge,0.3988525669446622,39.88525669446622,56.551,46.55,LOW
1992,ML-03210,ENGINEERING,Point & Crossing,0.5365868799042013,53.65868799042013,35.8505,46.54,LOW
1993,ML-01282,ENGINEERING,Bridge,0.4434977048334663,44.34977048334663,49.8105,46.53,LOW
1994,ML-02998,TRD,OHE,0.35375523387553015,35.37552338755302,63.2595,46.53,LOW
1995,ML-03726,S&T,Point Machine,0.40572373089865216,40.572373089865216,55.471500000000006,46.53,LOW
1996,ML-03891,ENGINEERING,Point & Crossing,0.37859998533296896,37.859998533296896,59.482,46.51,LOW
1997,ML-01313,S&T,Axle Counter,0.38429047036436437,38.42904703643644,58.632999999999996,46.51,LOW
1998,ML-02868,TRD,Section Insulator,0.39616265282095575,39.616265282095576,56.8625,46.51,LOW
1999,ML-01480,TRD,Section Insulator,0.37770834396856046,37.770834396856046,59.5775,46.49,LOW
2000,ML-02128,TRD,Transformer,0.3946936938585101,39.46936938585101,57.0155,46.49,LOW
2001,ML-02175,S&T,Axle Counter,0.36262565818943765,36.26256581894376,61.819,46.49,LOW
2002,ML-01503,S&T,Point Machine,0.33274470319164523,33.27447031916452,66.2955,46.48,LOW
2003,ML-03575,TRD,OHE,0.44838436230277234,44.83843623027723,48.946,46.48,LOW
2004,ML-03872,ENGINEERING,Point & Crossing,0.4082441605411379,40.82441605411379,54.955,46.48,LOW
2005,ML-01137,S&T,Point Machine,0.41433255493276605,41.433255493276604,54.0125,46.46,LOW
2006,ML-01064,S&T,Point Machine,0.397982673981074,39.7982673981074,56.434,46.45,LOW
2007,ML-03722,ENGINEERING,Bridge,0.46920791598692874,46.92079159869287,45.6915,46.43,LOW
2008,ML-01608,ENGINEERING,Bridge,0.37845680262573855,37.84568026257386,59.307500000000005,46.43,LOW
2009,ML-00774,TRD,Transformer,0.3751843399782046,37.51843399782046,59.762,46.42,LOW
2010,ML-03125,ENGINEERING,Track,0.47122473498673156,47.12247349867316,45.355,46.42,LOW
2011,ML-00544,ENGINEERING,Bridge,0.4315353288064177,43.15353288064177,51.2845,46.41,LOW
2012,ML-02937,S&T,Signal,0.4755493627273644,47.55493627273644,44.687000000000005,46.41,LOW
2013,ML-04614,ENGINEERING,Bridge,0.42282565441052,42.282565441052,52.573,46.4,LOW
2014,ML-00962,S&T,Axle Counter,0.4114998071308045,41.149980713080446,54.242000000000004,46.39,LOW
2015,ML-01672,S&T,Axle Counter,0.3729366011584637,37.29366011584637,60.042,46.39,LOW
2016,ML-03495,TRD,Transformer,0.32863175646364867,32.863175646364866,66.6585,46.38,LOW
2017,ML-04799,S&T,Point Machine,0.46222483111240315,46.222483111240315,46.586,46.37,LOW
2018,ML-01198,ENGINEERING,Point & Crossing,0.3347843574625429,33.47843574625429,65.707,46.37,LOW
2019,ML-00716,S&T,Axle Counter,0.4385444861187516,43.854448611875156,50.1405,46.37,LOW
2020,ML-01885,TRD,Transformer,0.42119559201195245,42.119559201195244,52.727,46.36,LOW
2021,ML-01343,TRD,Transformer,0.4357851554408254,43.57851554408254,50.5315,46.36,LOW
2022,ML-01797,S&T,Axle Counter,0.30864137196637015,30.864137196637014,69.576,46.35,LOW
2023,ML-02654,TRD,Transformer,0.44235316211468356,44.23531621146836,49.5305,46.35,LOW
2024,ML-04176,ENGINEERING,Point & Crossing,0.4478259472066645,44.78259472066645,48.704499999999996,46.35,LOW
2025,ML-00114,ENGINEERING,Point & Crossing,0.6467085634433926,64.67085634433926,18.8515,46.34,LOW
2026,ML-01125,ENGINEERING,Track,0.4345199589160421,43.45199589160421,50.644499999999994,46.33,LOW
2027,ML-04347,TRD,Section Insulator,0.40953834356152796,40.9538343561528,54.37349999999999,46.32,LOW
2028,ML-04278,S&T,Signal,0.3679211324226571,36.792113242265714,60.568000000000005,46.3,LOW
2029,ML-00879,ENGINEERING,Point & Crossing,0.3961947206545719,39.61947206545719,56.287499999999994,46.29,LOW
2030,ML-01620,ENGINEERING,Point & Crossing,0.33173799759754563,33.173799759754566,65.9445,46.28,LOW
2031,ML-00767,ENGINEERING,Point & Crossing,0.3920553990672901,39.20553990672901,56.8605,46.27,LOW
2032,ML-01532,TRD,OHE,0.4358902017815218,43.58902017815218,50.292500000000004,46.27,LOW
2033,ML-02838,S&T,Point Machine,0.4865074520165429,48.65074520165429,42.6805,46.26,LOW
2034,ML-00768,ENGINEERING,Bridge,0.588507794652508,58.8507794652508,27.385,46.26,LOW
2035,ML-04310,ENGINEERING,Track,0.45380926931259724,45.38092693125972,47.587,46.26,LOW
2036,ML-04228,ENGINEERING,Bridge,0.4207721366699737,42.07721366699737,52.497,46.25,LOW
2037,ML-00950,TRD,Section Insulator,0.3553388521867862,35.53388521867862,62.312999999999995,46.25,LOW
2038,ML-02597,S&T,Axle Counter,0.4054300740114766,40.54300740114766,54.7735,46.24,LOW
2039,ML-04746,S&T,Point Machine,0.423468225783332,42.346822578333196,52.036500000000004,46.22,LOW
2040,ML-02736,ENGINEERING,Track,0.4031656007001917,40.31656007001917,55.044000000000004,46.21,LOW
2041,ML-03170,S&T,Axle Counter,0.39963705311595077,39.96370531159508,55.546,46.2,LOW
2042,ML-00048,TRD,Section Insulator,0.5205175533323249,52.051755333232485,37.4275,46.2,LOW
2043,ML-03051,TRD,OHE,0.30764782583648953,30.76478258364895,69.3475,46.2,LOW
2044,ML-03386,TRD,OHE,0.4149712374312264,41.497123743122636,53.224000000000004,46.19,LOW
2045,ML-01563,TRD,Transformer,0.4235611440888374,42.35611440888374,51.952,46.19,LOW
2046,ML-03957,ENGINEERING,Bridge,0.4113372983861294,41.13372983861294,53.76499999999999,46.19,LOW
2047,ML-00939,TRD,Transformer,0.40342574639573703,40.342574639573705,54.966,46.19,LOW
2048,ML-00751,TRD,OHE,0.434846495838365,43.4846495838365,50.2295,46.18,LOW
2049,ML-02297,ENGINEERING,Point & Crossing,0.38060473078967805,38.0604730789678,58.31250000000001,46.16,LOW
2050,ML-02705,ENGINEERING,Bridge,0.4105110520417171,41.05110520417171,53.8335,46.16,LOW
2051,ML-00566,TRD,OHE,0.41924369585610677,41.92436958561068,52.501000000000005,46.16,LOW
2052,ML-03326,S&T,Signal,0.4417402525071917,44.17402525071917,49.111000000000004,46.15,LOW
2053,ML-02752,TRD,Section Insulator,0.356229318572801,35.6229318572801,61.91133333333334,46.14,LOW
2054,ML-01263,ENGINEERING,Point & Crossing,0.49038807883406577,49.03880788340658,41.7955,46.14,LOW
2055,ML-01114,TRD,OHE,0.4613651458567209,46.13651458567209,46.1545,46.14,LOW
2056,ML-03140,ENGINEERING,Bridge,0.40029437666052936,40.029437666052935,55.318,46.14,LOW
2057,ML-02032,S&T,Signal,0.3674402147261884,36.74402147261884,60.239000000000004,46.14,LOW
2058,ML-02276,ENGINEERING,Bridge,0.39275615065854647,39.275615065854645,56.4155,46.13,LOW
2059,ML-01631,ENGINEERING,Point & Crossing,0.422533716153282,42.2533716153282,51.941,46.13,LOW
2060,ML-03568,S&T,Axle Counter,0.3819461468552683,38.19461468552683,57.98466666666667,46.11,LOW
2061,ML-00523,ENGINEERING,Track,0.4972371002413725,49.723710024137254,40.6625,46.1,LOW
2062,ML-02479,TRD,OHE,0.4280678196804657,42.80678196804657,51.036,46.1,LOW
2063,ML-01851,ENGINEERING,Point & Crossing,0.4536628045724293,45.36628045724293,47.1865,46.09,LOW
2064,ML-03478,TRD,Section Insulator,0.4205754501375024,42.05754501375024,52.1385,46.09,LOW
2065,ML-04200,ENGINEERING,Point & Crossing,0.3208334172574105,32.08334172574105,67.06983333333335,46.08,LOW
2066,ML-00826,TRD,Section Insulator,0.31499113933818457,31.499113933818457,67.90966666666667,46.06,LOW
2067,ML-00869,ENGINEERING,Bridge,0.4222935265769378,42.22935265769378,51.796,46.06,LOW
2068,ML-02935,TRD,OHE,0.33406067966054015,33.40606796605402,65.0245,46.05,LOW
2069,ML-04840,ENGINEERING,Track,0.40255534340108506,40.255534340108504,54.6785,46.02,LOW
2070,ML-01248,S&T,Signal,0.4616317049211744,46.16317049211744,45.8155,46.02,LOW
2071,ML-02350,S&T,Signal,0.394263141217241,39.4263141217241,55.8755,46.01,LOW
2072,ML-02875,ENGINEERING,Bridge,0.3193449623618401,31.934496236184014,67.066,45.99,LOW
2073,ML-01067,S&T,Signal,0.47944637039462096,47.944637039462094,43.0595,45.99,LOW
2074,ML-00311,ENGINEERING,Bridge,0.42626296429630905,42.626296429630905,51.016,45.98,LOW
2075,ML-02049,TRD,Section Insulator,0.3817633188356112,38.17633188356112,57.6875,45.98,LOW
2076,ML-04643,ENGINEERING,Bridge,0.3620238352054791,36.20238352054791,60.616499999999995,45.97,LOW
2077,ML-04140,TRD,OHE,0.4224878401850984,42.24878401850984,51.543,45.97,LOW
2078,ML-03832,S&T,Signal,0.37749508886127664,37.749508886127664,58.277,45.96,LOW
2079,ML-03823,S&T,Point Machine,0.3828762682961975,38.28762682961975,57.4765,45.96,LOW
2080,ML-02782,S&T,Point Machine,0.3661930514200013,36.61930514200013,59.962500000000006,45.96,LOW
2081,ML-00528,S&T,Point Machine,0.44715908316927616,44.71590831692762,47.746,45.93,LOW
2082,ML-00035,TRD,OHE,0.3779950423180186,37.79950423180186,58.092000000000006,45.92,LOW
2083,ML-03964,ENGINEERING,Track,0.401700693871569,40.1700693871569,54.48033333333334,45.89,LOW
2084,ML-03452,ENGINEERING,Track,0.3358712654981856,33.58712654981856,64.3195,45.88,LOW
2085,ML-03772,S&T,Axle Counter,0.46980829813891267,46.98082981389127,44.1995,45.87,LOW
2086,ML-00505,ENGINEERING,Point & Crossing,0.40875652785450484,40.875652785450484,53.364000000000004,45.87,LOW
2087,ML-00518,ENGINEERING,Bridge,0.44595555080548877,44.59555508054888,47.752,45.86,LOW
2088,ML-04192,S&T,Point Machine,0.4672125303303048,46.72125303303048,44.557,45.86,LOW
2089,ML-01319,ENGINEERING,Track,0.4151920324398442,41.51920324398442,52.3835,45.86,LOW
2090,ML-02931,TRD,Section Insulator,0.4199010477049008,41.99010477049008,51.6745,45.86,LOW
2091,ML-00255,TRD,Section Insulator,0.4562067101406433,45.62067101406433,46.1855,45.85,LOW
2092,ML-03501,TRD,Transformer,0.4049323610217838,40.49323610217838,53.867,45.84,LOW
2093,ML-02697,S&T,Signal,0.407982419923506,40.7982419923506,53.415000000000006,45.84,LOW
2094,ML-02825,ENGINEERING,Point & Crossing,0.3812144909360964,38.12144909360964,57.39450000000001,45.83,LOW
2095,ML-02588,S&T,Axle Counter,0.41521845800547885,41.52184580054789,52.271,45.82,LOW
2096,ML-04016,TRD,Section Insulator,0.386258108480666,38.6258108480666,56.54,45.79,LOW
2097,ML-00296,TRD,Transformer,0.3567461933331715,35.674619333317146,60.957,45.79,LOW
2098,ML-01023,TRD,Section Insulator,0.4126996911898537,41.26996911898537,52.5675,45.79,LOW
2099,ML-04376,TRD,Transformer,0.3586286056402938,35.86286056402938,60.666500000000006,45.78,LOW
2100,ML-04088,S&T,Signal,0.3854780810565632,38.54780810565632,56.569500000000005,45.76,LOW
2101,ML-04022,S&T,Axle Counter,0.2995183180009135,29.951831800091348,69.447,45.75,LOW
2102,ML-02881,ENGINEERING,Track,0.39330110557754433,39.33011055775443,55.3635,45.74,LOW
2103,ML-00412,S&T,Point Machine,0.4019813620541426,40.19813620541426,54.0365,45.73,LOW
2104,ML-02455,ENGINEERING,Point & Crossing,0.362605676446773,36.2605676446773,59.9075,45.72,LOW
2105,ML-01196,ENGINEERING,Track,0.384079602754507,38.4079602754507,56.68,45.72,LOW
2106,ML-04541,ENGINEERING,Track,0.4407773902788177,44.07773902788177,48.158,45.71,LOW
2107,ML-01059,ENGINEERING,Track,0.32555060829724264,32.55506082972426,65.42099999999999,45.7,LOW
2108,ML-02261,TRD,Section Insulator,0.4214125211318984,42.14125211318984,51.0305,45.7,LOW
2109,ML-00191,ENGINEERING,Track,0.41373288084329607,41.37328808432961,52.1775,45.69,LOW
2110,ML-01318,ENGINEERING,Track,0.37499900259296326,37.499900259296325,57.98616666666666,45.69,LOW
2111,ML-04467,TRD,Transformer,0.4884915130066922,48.84915130066922,40.9275,45.68,LOW
2112,ML-04129,ENGINEERING,Track,0.3972202184347908,39.72202184347908,54.619,45.68,LOW
2113,ML-00110,ENGINEERING,Track,0.3327723711493855,33.27723711493855,64.29650000000001,45.68,LOW
2114,ML-01674,S&T,Signal,0.4131693982942408,41.31693982942408,52.18750000000001,45.67,LOW
2115,ML-04133,ENGINEERING,Track,0.44842546719591525,44.842546719591525,46.9045,45.67,LOW
2116,ML-02278,ENGINEERING,Bridge,0.40942779129000884,40.94277912900088,52.757,45.67,LOW
2117,ML-04656,TRD,OHE,0.3987100943433088,39.87100943433088,54.3155,45.65,LOW
2118,ML-00913,S&T,Axle Counter,0.46857472286641483,46.85747228664148,43.831,45.65,LOW
2119,ML-04197,ENGINEERING,Bridge,0.41031291862643904,41.031291862643904,52.5475,45.64,LOW
2120,ML-03713,ENGINEERING,Bridge,0.48899523029626935,48.899523029626934,40.7545,45.64,LOW
2121,ML-00810,ENGINEERING,Track,0.4108048995939534,41.08048995939534,52.457,45.63,LOW
2122,ML-03321,ENGINEERING,Track,0.4320893955655064,43.20893955655064,49.248999999999995,45.62,LOW
2123,ML-03119,TRD,OHE,0.3586843071575517,35.86843071575517,60.2425,45.62,LOW
2124,ML-01858,ENGINEERING,Point & Crossing,0.42072851723684257,42.07285172368426,50.829,45.58,LOW
2125,ML-02615,S&T,Signal,0.3575749287831404,35.75749287831404,60.313500000000005,45.58,LOW
2126,ML-03139,TRD,Transformer,0.34598791152943476,34.59879115294348,62.04366666666667,45.58,LOW
2127,ML-04443,ENGINEERING,Track,0.45282090916605955,45.28209091660595,45.987500000000004,45.56,LOW
2128,ML-00889,TRD,Section Insulator,0.383984586086129,38.3984586086129,56.265666666666675,45.55,LOW
2129,ML-01602,S&T,Axle Counter,0.37145120924642816,37.14512092464282,58.13250000000001,45.54,LOW
2130,ML-02094,ENGINEERING,Track,0.46797485098474323,46.797485098474326,43.6575,45.54,LOW
2131,ML-01101,TRD,Transformer,0.4077839230381866,40.77839230381866,52.646499999999996,45.53,LOW
2132,ML-01853,TRD,OHE,0.44860255362420737,44.86025536242074,46.5335,45.53,LOW
2133,ML-02225,TRD,Section Insulator,0.3881142760825614,38.81142760825614,55.588499999999996,45.52,LOW
2134,ML-04945,S&T,Point Machine,0.4562824166212854,45.62824166212854,45.366,45.52,LOW
2135,ML-02223,S&T,Axle Counter,0.3661074087317976,36.61074087317976,58.8565,45.51,LOW
2136,ML-03390,TRD,Section Insulator,0.44422605628017126,44.42260562801712,47.142,45.51,LOW
2137,ML-00418,TRD,Transformer,0.40395544259910193,40.395544259910196,53.164,45.5,LOW
2138,ML-01082,ENGINEERING,Point & Crossing,0.4429724509799244,44.29724509799244,47.316,45.5,LOW
2139,ML-02882,TRD,Transformer,0.3501397113483655,35.01397113483655,61.193333333333335,45.49,LOW
2140,ML-02663,TRD,Transformer,0.5032110904419834,50.321109044198344,38.22,45.48,LOW
2141,ML-03630,ENGINEERING,Bridge,0.38016874791913435,38.01687479191344,56.624,45.46,LOW
2142,ML-01028,TRD,OHE,0.4582137273261166,45.82137273261166,44.908500000000004,45.46,LOW
2143,ML-03484,S&T,Signal,0.4537857674762437,45.37857674762437,45.548500000000004,45.45,LOW
2144,ML-04170,TRD,OHE,0.3390028610864503,33.90028610864503,62.7725,45.45,LOW
2145,ML-03826,ENGINEERING,Track,0.3594696006581165,35.94696006581165,59.6725,45.44,LOW
2146,ML-02340,S&T,Point Machine,0.43290232820052255,43.29023282005225,48.674,45.44,LOW
2147,ML-01612,TRD,Transformer,0.4249819532998327,42.49819532998327,49.823499999999996,45.43,LOW
2148,ML-03846,S&T,Axle Counter,0.332393413000242,33.2393413000242,63.681,45.42,LOW
2149,ML-04235,TRD,OHE,0.409221887397593,40.9221887397593,52.1645,45.42,LOW
2150,ML-02279,TRD,Section Insulator,0.34806716020629247,34.806716020629246,61.351000000000006,45.42,LOW
2151,ML-02652,TRD,OHE,0.40235800769067337,40.23580076906734,53.205,45.42,LOW
2152,ML-02518,S&T,Axle Counter,0.37747317170247496,37.7473171702475,56.9225,45.42,LOW
2153,ML-02561,ENGINEERING,Point & Crossing,0.4549077783942061,45.49077783942061,45.2725,45.4,LOW
2154,ML-02216,TRD,Transformer,0.3402444830044479,34.02444830044479,62.46300000000001,45.4,LOW
2155,ML-04246,S&T,Signal,0.3535599736369414,35.355997363694144,60.4175,45.38,LOW
2156,ML-00619,ENGINEERING,Track,0.40358206255415924,40.35820625541592,52.918499999999995,45.38,LOW
2157,ML-00562,TRD,Transformer,0.4451210268781108,44.51210268781108,46.6555,45.37,LOW
2158,ML-04437,TRD,Section Insulator,0.45111842505467803,45.111842505467806,45.7295,45.36,LOW
2159,ML-04712,TRD,Section Insulator,0.34623626782873695,34.62362678287369,61.433499999999995,45.35,LOW
2160,ML-03819,ENGINEERING,Point & Crossing,0.4017936338350075,40.17936338350075,53.0985,45.35,LOW
2161,ML-04793,S&T,Axle Counter,0.43833281576689914,43.83328157668991,47.6235,45.35,LOW
2162,ML-03310,S&T,Signal,0.41129015023956605,41.129015023956605,51.687,45.35,LOW
2163,ML-04064,ENGINEERING,Point & Crossing,0.37749565645127403,37.749565645127404,56.7195,45.34,LOW
2164,ML-02884,ENGINEERING,Bridge,0.5626906076109157,56.26906076109157,28.94,45.34,LOW
2165,ML-04169,ENGINEERING,Point & Crossing,0.4493759947615175,44.93759947615175,45.899,45.32,LOW
2166,ML-02642,TRD,Transformer,0.4392184146211718,43.92184146211718,47.429500000000004,45.32,LOW
2167,ML-01409,ENGINEERING,Track,0.3942541060672518,39.42541060672518,54.1455,45.31,LOW
2168,ML-01830,S&T,Point Machine,0.5941725261434627,59.417252614346275,24.1235,45.3,LOW
2169,ML-01287,TRD,Section Insulator,0.3179611376218713,31.79611376218713,65.5615,45.3,LOW
2170,ML-00447,ENGINEERING,Track,0.31568538749677755,31.568538749677757,65.8835,45.29,LOW
2171,ML-02851,TRD,OHE,0.3659227817641886,36.59227817641886,58.3265,45.29,LOW
2172,ML-03607,S&T,Point Machine,0.41494172458434464,41.49417245843446,50.991,45.29,LOW
2173,ML-02199,TRD,Section Insulator,0.33126690027612915,33.126690027612916,63.5445,45.29,LOW
2174,ML-01085,ENGINEERING,Point & Crossing,0.3425830340652678,34.25830340652678,61.811,45.28,LOW
2175,ML-02612,ENGINEERING,Track,0.38362871333094817,38.362871333094816,55.6565,45.28,LOW
2176,ML-00541,ENGINEERING,Point & Crossing,0.3854473693530533,38.54473693530533,55.357,45.27,LOW
2177,ML-03266,S&T,Signal,0.4239829964201445,42.39829964201445,49.5565,45.26,LOW
2178,ML-01518,TRD,Section Insulator,0.37641874413735493,37.64187441373549,56.6665,45.25,LOW
2179,ML-01865,S&T,Signal,0.34942145751887616,34.942145751887615,60.690000000000005,45.24,LOW
2180,ML-02866,S&T,Point Machine,0.34267227215673146,34.267227215673145,61.679500000000004,45.23,LOW
2181,ML-04447,S&T,Axle Counter,0.3232006791377803,32.320067913778026,64.60666666666667,45.23,LOW
2182,ML-01103,TRD,Section Insulator,0.3793104276251151,37.93104276251151,56.185500000000005,45.23,LOW
2183,ML-03704,ENGINEERING,Track,0.360223867167349,36.0223867167349,59.0225,45.22,LOW
2184,ML-01913,TRD,Transformer,0.40476482823283283,40.476482823283284,52.292,45.2,LOW
2185,ML-03053,TRD,OHE,0.4882200710741509,48.82200710741509,39.778999999999996,45.2,LOW
2186,ML-01755,TRD,Transformer,0.39213105252198344,39.213105252198346,54.170500000000004,45.2,LOW
2187,ML-00409,ENGINEERING,Bridge,0.32847837775382155,32.84783777538215,63.697500000000005,45.19,LOW
2188,ML-00190,S&T,Point Machine,0.4433394291057682,44.333942910576816,46.4765,45.19,LOW
2189,ML-03315,S&T,Axle Counter,0.38898983568457735,38.89898356845774,54.631,45.19,LOW
2190,ML-02692,TRD,Transformer,0.4090983783637023,40.90983783637023,51.599500000000006,45.19,LOW
2191,ML-02323,ENGINEERING,Point & Crossing,0.3729693358344383,37.29693358344383,57.004000000000005,45.18,LOW
2192,ML-02136,ENGINEERING,Bridge,0.32835578566409646,32.835578566409644,63.7,45.18,LOW
2193,ML-04333,S&T,Axle Counter,0.38884989179920254,38.884989179920254,54.624,45.18,LOW
2194,ML-00145,ENGINEERING,Point & Crossing,0.4512620671217427,45.12620671217427,45.263,45.18,LOW
2195,ML-01731,S&T,Axle Counter,0.3814445331462457,38.14445331462457,55.724000000000004,45.18,LOW
2196,ML-01489,TRD,OHE,0.3738816800028647,37.38816800028647,56.832,45.17,LOW
2197,ML-01536,ENGINEERING,Track,0.4257949678818295,42.57949678818295,49.05,45.17,LOW
2198,ML-03733,ENGINEERING,Point & Crossing,0.4649500747275678,46.495007472756775,43.1925,45.17,LOW
2199,ML-02538,TRD,Section Insulator,0.4338588277613891,43.385882776138914,47.8255,45.16,LOW
2200,ML-02801,S&T,Axle Counter,0.4364338377020519,43.64338377020519,47.432500000000005,45.16,LOW
2201,ML-00339,S&T,Signal,0.3289427625146949,32.89427625146949,63.523,45.15,LOW
2202,ML-02695,ENGINEERING,Track,0.3491593524511219,34.91593524511219,60.488499999999995,45.14,LOW
2203,ML-01396,TRD,Transformer,0.48153680696048434,48.15368069604843,40.560500000000005,45.12,LOW
2204,ML-00580,S&T,Point Machine,0.3985986997574066,39.85986997574066,52.989000000000004,45.11,LOW
2205,ML-04760,TRD,OHE,0.4046188975168236,40.461889751682364,52.068,45.1,LOW
2206,ML-02055,S&T,Axle Counter,0.38515452168225645,38.51545216822564,54.938,45.08,LOW
2207,ML-03836,TRD,OHE,0.4670758478082965,46.70758478082965,42.612,45.07,LOW
2208,ML-03302,S&T,Signal,0.43964498131870244,43.96449813187024,46.73950000000001,45.07,LOW
2209,ML-02368,S&T,Point Machine,0.3664816674653568,36.64816674653568,57.712,45.07,LOW
2210,ML-03506,ENGINEERING,Point & Crossing,0.39440788993055903,39.440788993055904,53.4825,45.06,LOW
2211,ML-00887,ENGINEERING,Bridge,0.48527717173782925,48.527717173782925,39.864999999999995,45.06,LOW
2212,ML-01627,ENGINEERING,Bridge,0.3532470778384672,35.32470778384672,59.6685,45.06,LOW
2213,ML-03705,ENGINEERING,Point & Crossing,0.4169614003217033,41.696140032170334,50.0805,45.05,LOW
2214,ML-03189,TRD,Section Insulator,0.32340967027279477,32.340967027279476,64.0775,45.04,LOW
2215,ML-01790,ENGINEERING,Point & Crossing,0.30793842332919874,30.793842332919873,66.3715,45.02,LOW
2216,ML-01756,S&T,Signal,0.43650810779276583,43.65081077927658,47.065999999999995,45.02,LOW
2217,ML-03621,ENGINEERING,Point & Crossing,0.34099591553588604,34.0995915535886,61.379,45.01,LOW
2218,ML-01100,ENGINEERING,Point & Crossing,0.34270909569296315,34.270909569296315,61.1185,45.01,LOW
2219,ML-00004,TRD,Transformer,0.3455053536469723,34.55053536469723,60.707,45.01,LOW
2220,ML-03481,S&T,Signal,0.39345996771837477,39.34599677183748,53.4885,45.0,LOW
2221,ML-04599,TRD,OHE,0.46769987875172636,46.76998787517264,42.355500000000006,45.0,LOW
2222,ML-03181,TRD,Transformer,0.40659550646795145,40.65955064679515,51.5205,45.0,LOW
2223,ML-00637,ENGINEERING,Bridge,0.43103564583438225,43.10356458343823,47.8075,44.99,LOW
2224,ML-00530,ENGINEERING,Bridge,0.40002222834343515,40.00222283434351,52.471000000000004,44.99,LOW
2225,ML-02132,TRD,Section Insulator,0.40511988334270077,40.51198833427008,51.64933333333334,44.97,LOW
2226,ML-02729,TRD,Transformer,0.40000851397348497,40.0008513973485,52.397999999999996,44.96,LOW
2227,ML-01772,S&T,Signal,0.3810143279968544,38.10143279968544,55.2425,44.96,LOW
2228,ML-02408,ENGINEERING,Track,0.40747045632098905,40.7470456320989,51.272000000000006,44.96,LOW
2229,ML-00875,S&T,Signal,0.405875162729136,40.5875162729136,51.52883333333334,44.96,LOW
2230,ML-04695,ENGINEERING,Point & Crossing,0.3999897599281381,39.99897599281381,52.379000000000005,44.95,LOW
2231,ML-03462,ENGINEERING,Point & Crossing,0.360351422256476,36.0351422256476,58.278999999999996,44.93,LOW
2232,ML-01615,TRD,Section Insulator,0.43346958021559834,43.346958021559836,47.2885,44.92,LOW
2233,ML-01891,TRD,Transformer,0.41763641065208446,41.763641065208446,49.6325,44.91,LOW
2234,ML-00870,TRD,OHE,0.4098867403534127,40.98867403534127,50.781499999999994,44.91,LOW
2235,ML-01954,TRD,Section Insulator,0.3818892311210527,38.18892311210527,54.9985,44.91,LOW
2236,ML-03335,TRD,Transformer,0.4261655108474425,42.616551084744245,48.3395,44.91,LOW
2237,ML-02438,ENGINEERING,Point & Crossing,0.40575533810544206,40.57553381054421,51.375499999999995,44.9,LOW
2238,ML-04126,TRD,Section Insulator,0.37019540502366105,37.019540502366105,56.711000000000006,44.9,LOW
2239,ML-00682,TRD,OHE,0.3850706480008326,38.50706480008326,54.4755,44.89,LOW
2240,ML-04875,ENGINEERING,Point & Crossing,0.41538954848574255,41.53895484857426,49.917500000000004,44.89,LOW
2241,ML-00356,ENGINEERING,Bridge,0.4257461509724264,42.57461509724264,48.36533333333334,44.89,LOW
2242,ML-01331,S&T,Axle Counter,0.40807747703660363,40.80774770366036,51.022999999999996,44.89,LOW
2243,ML-03381,S&T,Axle Counter,0.3792269417805065,37.92269417805065,55.2855,44.87,LOW
2244,ML-04089,ENGINEERING,Point & Crossing,0.41495769083129663,41.495769083129666,49.8715,44.85,LOW
2245,ML-04149,TRD,Section Insulator,0.38160739166164764,38.16073916616477,54.861000000000004,44.84,LOW
2246,ML-03849,TRD,Transformer,0.39467542461931676,39.46754246193168,52.9075,44.84,LOW
2247,ML-04911,S&T,Axle Counter,0.3476448622134719,34.76448622134719,59.920500000000004,44.83,LOW
2248,ML-00965,ENGINEERING,Bridge,0.3632062063963386,36.32062063963386,57.563500000000005,44.82,LOW
2249,ML-00148,ENGINEERING,Point & Crossing,0.5004632928907016,50.04632928907016,36.964,44.81,LOW
2250,ML-02113,TRD,Section Insulator,0.4019030215680132,40.19030215680132,51.678,44.79,LOW
2251,ML-03513,ENGINEERING,Bridge,0.4394175414086726,43.94175414086726,46.0315,44.78,LOW
2252,ML-00403,ENGINEERING,Track,0.4060546450757355,40.60546450757355,51.019,44.77,LOW
2253,ML-03690,ENGINEERING,Track,0.3618415838113652,36.18415838113652,57.650999999999996,44.77,LOW
2254,ML-01013,ENGINEERING,Bridge,0.4254328834333607,42.54328834333607,48.072500000000005,44.75,LOW
2255,ML-00388,S&T,Axle Counter,0.46406501091939406,46.406501091939404,42.2705,44.75,LOW
2256,ML-01352,TRD,Section Insulator,0.39934012946173075,39.93401294617308,51.9835,44.75,LOW
2257,ML-00010,TRD,Transformer,0.434231783004107,43.4231783004107,46.7485,44.75,LOW
2258,ML-04785,TRD,Transformer,0.3491696014811941,34.91696014811941,59.489,44.75,LOW
2259,ML-04296,ENGINEERING,Point & Crossing,0.4081586520379525,40.81586520379525,50.614000000000004,44.74,LOW
2260,ML-03576,TRD,Transformer,0.45519334743134415,45.519334743134415,43.524,44.72,LOW
2261,ML-03714,TRD,OHE,0.4039992314693043,40.399923146930426,51.189499999999995,44.72,LOW
2262,ML-00594,TRD,Section Insulator,0.42856961299387775,42.85696129938778,47.348,44.65,LOW
2263,ML-04606,TRD,Transformer,0.42959224141824826,42.959224141824826,47.197500000000005,44.65,LOW
2264,ML-02894,ENGINEERING,Track,0.34032621152473763,34.032621152473766,60.5695,44.65,LOW
2265,ML-00617,S&T,Point Machine,0.3708242848820555,37.08242848820555,55.994,44.65,LOW
2266,ML-03657,ENGINEERING,Point & Crossing,0.4387872896031259,43.87872896031259,45.813500000000005,44.65,LOW
2267,ML-00195,ENGINEERING,Track,0.3537046668678744,35.37046668678744,58.535,44.64,LOW
2268,ML-04342,TRD,Section Insulator,0.39102352112038624,39.10235211203862,52.935,44.64,LOW
2269,ML-03604,TRD,Section Insulator,0.44988977551748527,44.988977551748526,44.0985,44.63,LOW
2270,ML-04524,S&T,Signal,0.4463369445987947,44.63369445987947,44.627,44.63,LOW
2271,ML-01635,TRD,Transformer,0.37321309252712603,37.3213092527126,55.5645,44.62,LOW
2272,ML-01202,ENGINEERING,Point & Crossing,0.39124261511987457,39.124261511987456,52.856500000000004,44.62,LOW
2273,ML-01056,S&T,Point Machine,0.34828535906124086,34.82853590612409,59.27,44.61,LOW
2274,ML-01516,ENGINEERING,Point & Crossing,0.4893876608789848,48.93876608789848,38.071,44.59,LOW
2275,ML-02358,S&T,Point Machine,0.3841617254568227,38.41617254568227,53.859500000000004,44.59,LOW
2276,ML-00492,S&T,Signal,0.3308514865570477,33.08514865570477,61.832,44.58,LOW
2277,ML-00022,S&T,Signal,0.3778864114766296,37.78864114766296,54.774499999999996,44.58,LOW
2278,ML-02897,ENGINEERING,Bridge,0.432131899337428,43.213189933742804,46.6265,44.58,LOW
2279,ML-03735,TRD,Transformer,0.287578152962943,28.757815296294297,68.2825,44.57,LOW
2280,ML-02911,ENGINEERING,Point & Crossing,0.39655994703545105,39.655994703545105,51.906,44.56,LOW
2281,ML-04946,S&T,Signal,0.3854926999641725,38.54926999641725,53.56483333333333,44.56,LOW
2282,ML-01442,ENGINEERING,Bridge,0.5204253346069655,52.042533460696546,33.322,44.55,LOW
2283,ML-01570,S&T,Point Machine,0.39975746221919484,39.975746221919486,51.403999999999996,44.55,LOW
2284,ML-03631,S&T,Point Machine,0.3592937015324069,35.92937015324069,57.448,44.54,LOW
2285,ML-00762,S&T,Signal,0.48163662775131405,48.16366277513141,39.11150000000001,44.54,LOW
2286,ML-00820,ENGINEERING,Track,0.34245738908384005,34.245738908384006,59.987,44.54,LOW
2287,ML-01643,S&T,Point Machine,0.3199732695637043,31.99732695637043,63.3285,44.53,LOW
2288,ML-00166,ENGINEERING,Track,0.2892621588078357,28.926215880783566,67.923,44.52,LOW
2289,ML-02152,TRD,Section Insulator,0.41134637084085424,41.134637084085426,49.6045,44.52,LOW
2290,ML-02685,S&T,Point Machine,0.3314304572639328,33.143045726393275,61.55,44.51,LOW
2291,ML-01423,TRD,OHE,0.4086854780411928,40.86854780411928,49.980000000000004,44.51,LOW
2292,ML-00773,ENGINEERING,Track,0.3663988359365411,36.63988359365411,56.286,44.5,LOW
2293,ML-00746,S&T,Axle Counter,0.4783599426845717,47.83599426845717,39.477999999999994,44.49,LOW
2294,ML-02583,TRD,Section Insulator,0.39178495459063556,39.178495459063555,52.427,44.48,LOW
2295,ML-03996,TRD,Section Insulator,0.4379184754183693,43.79184754183693,45.5025,44.48,LOW
2296,ML-00198,ENGINEERING,Track,0.35950420449292225,35.950420449292224,57.2685,44.48,LOW
2297,ML-02645,TRD,OHE,0.36640184079998944,36.640184079998946,56.251000000000005,44.48,LOW
2298,ML-04685,ENGINEERING,Bridge,0.41835391520693377,41.83539152069338,48.4095,44.47,LOW
2299,ML-03828,ENGINEERING,Bridge,0.41958239998457153,41.95823999845715,48.177,44.45,LOW
2300,ML-01686,S&T,Point Machine,0.3442444142023638,34.42444142023638,59.468500000000006,44.44,LOW
2301,ML-02503,S&T,Signal,0.36474870413900495,36.4748704139005,56.36300000000001,44.43,LOW
2302,ML-03389,ENGINEERING,Track,0.42859976966369656,42.85997696636966,46.7855,44.43,LOW
2303,ML-04506,TRD,OHE,0.3821573188931243,38.21573188931243,53.7485,44.43,LOW
2304,ML-04319,ENGINEERING,Bridge,0.4122897402430729,41.22897402430729,49.164,44.4,LOW
2305,ML-02454,ENGINEERING,Bridge,0.3931360269403282,39.31360269403282,52.004999999999995,44.39,LOW
2306,ML-01080,TRD,Transformer,0.4071966963907377,40.71966963907377,49.88883333333334,44.39,LOW
2307,ML-04177,ENGINEERING,Track,0.4773843188866303,47.73843188866303,39.358000000000004,44.39,LOW
2308,ML-00186,TRD,OHE,0.3315926870261211,33.15926870261211,61.247,44.39,LOW
2309,ML-01468,TRD,OHE,0.4022469066271404,40.22469066271404,50.6015,44.38,LOW
2310,ML-03776,S&T,Signal,0.3723291746572962,37.23291746572962,55.079,44.37,LOW
2311,ML-01539,S&T,Point Machine,0.4082570907600501,40.82570907600501,49.655499999999996,44.36,LOW
2312,ML-02531,TRD,Transformer,0.40467268114724175,40.46726811472418,50.209,44.36,LOW
2313,ML-01621,ENGINEERING,Track,0.3607266652647695,36.07266652647695,56.7995,44.36,LOW
2314,ML-03692,ENGINEERING,Point & Crossing,0.45285433996770175,45.28543399677017,42.9395,44.35,LOW
2315,ML-04420,ENGINEERING,Point & Crossing,0.39287890223051647,39.28789022305165,51.9465,44.35,LOW
2316,ML-01192,TRD,Transformer,0.3679397317282868,36.79397317282868,55.662,44.34,LOW
2317,ML-02926,TRD,OHE,0.2853820085749222,28.538200857492217,68.035,44.34,LOW
2318,ML-04817,TRD,Transformer,0.385285640018726,38.5285640018726,53.0685,44.34,LOW
2319,ML-00331,ENGINEERING,Point & Crossing,0.4353634209752669,43.53634209752669,45.5545,44.34,LOW
2320,ML-01377,ENGINEERING,Point & Crossing,0.40387569553944613,40.387569553944616,50.231500000000004,44.33,LOW
2321,ML-01722,S&T,Signal,0.2731017236792793,27.310172367927933,69.8475,44.33,LOW
2322,ML-04631,ENGINEERING,Point & Crossing,0.29985344715889256,29.985344715889255,65.8495,44.33,LOW
2323,ML-03241,TRD,Transformer,0.41657715113400456,41.65771511340046,48.3265,44.33,LOW
2324,ML-01310,S&T,Point Machine,0.4533061066050421,45.33061066050421,42.801,44.32,LOW
2325,ML-00109,TRD,Section Insulator,0.32490095923123663,32.49009592312366,62.054,44.32,LOW
2326,ML-04534,ENGINEERING,Track,0.5096506843584545,50.96506843584545,34.3485,44.32,LOW
2327,ML-02613,S&T,Point Machine,0.3131036271133667,31.31036271133667,63.786,44.3,LOW
2328,ML-00061,S&T,Axle Counter,0.3760581152550743,37.605811525507434,54.341,44.3,LOW
2329,ML-02123,S&T,Signal,0.4594359101609624,45.94359101609624,41.801500000000004,44.29,LOW
2330,ML-04421,TRD,Section Insulator,0.4538425251156415,45.38425251156415,42.62283333333333,44.28,LOW
2331,ML-03901,S&T,Point Machine,0.48591557553270087,48.591557553270086,37.8215,44.28,LOW
2332,ML-00830,S&T,Axle Counter,0.3563047276024241,35.63047276024241,57.253,44.28,LOW
2333,ML-00479,TRD,Transformer,0.3257555084153328,32.57555084153328,61.8195,44.27,LOW
2334,ML-01325,ENGINEERING,Track,0.3466743569132389,34.66743569132389,58.656,44.26,LOW
2335,ML-01834,ENGINEERING,Bridge,0.3021158795288851,30.211587952888507,65.297,44.25,LOW
2336,ML-03454,S&T,Axle Counter,0.35056440806091776,35.05644080609178,58.006,44.24,LOW
2337,ML-00188,ENGINEERING,Point & Crossing,0.40680851590651507,40.68085159065151,49.57,44.24,LOW
2338,ML-04960,ENGINEERING,Bridge,0.41701290640367916,41.701290640367915,48.028333333333336,44.23,LOW
2339,ML-04604,TRD,OHE,0.42524614135191396,42.5246141351914,46.778,44.23,LOW
2340,ML-00571,S&T,Point Machine,0.3998826097298684,39.988260972986836,50.5995,44.23,LOW
2341,ML-00490,ENGINEERING,Track,0.3908810234531893,39.08810234531893,51.95,44.23,LOW
2342,ML-04961,ENGINEERING,Bridge,0.4151655071147024,41.51655071147024,48.2635,44.22,LOW
2343,ML-03141,S&T,Point Machine,0.4436407942293368,44.36407942293368,44.004000000000005,44.22,LOW
2344,ML-01598,ENGINEERING,Point & Crossing,0.3820005452949605,38.20005452949605,53.238,44.22,LOW
2345,ML-00880,TRD,Transformer,0.4648649320333868,46.48649320333868,40.786500000000004,44.21,LOW
2346,ML-01694,ENGINEERING,Point & Crossing,0.3653686154999815,36.53686154999815,55.684,44.2,LOW
2347,ML-04620,S&T,Point Machine,0.4015812345489625,40.15812345489625,50.227000000000004,44.19,LOW
2348,ML-02207,ENGINEERING,Bridge,0.41794461315283576,41.79446131528358,47.789500000000004,44.19,LOW
2349,ML-02956,ENGINEERING,Bridge,0.3832852030453915,38.32852030453915,52.978500000000004,44.19,LOW
2350,ML-01684,ENGINEERING,Track,0.40464053230239594,40.46405323023959,49.7795,44.19,LOW
2351,ML-03540,S&T,Signal,0.4885504573873897,48.85504573873897,37.161500000000004,44.18,LOW
2352,ML-02012,ENGINEERING,Track,0.37080720750244983,37.080720750244986,54.837999999999994,44.18,LOW
2353,ML-03109,S&T,Signal,0.40430719558145795,40.430719558145796,49.78,44.17,LOW
2354,ML-04226,ENGINEERING,Point & Crossing,0.4423057803826007,44.23057803826007,44.091499999999996,44.17,LOW
2355,ML-01104,S&T,Axle Counter,0.45303666543132975,45.30366654313298,42.476,44.17,LOW
2356,ML-03123,S&T,Axle Counter,0.38210932340534337,38.210932340534335,53.1205,44.17,LOW
2357,ML-04341,ENGINEERING,Track,0.34207705859999094,34.207705859999095,59.0965,44.16,LOW
2358,ML-02232,ENGINEERING,Point & Crossing,0.36254944233235803,36.254944233235804,56.014,44.16,LOW
2359,ML-04987,S&T,Point Machine,0.43055390123586557,43.055390123586555,45.82866666666666,44.16,LOW
2360,ML-03021,TRD,Section Insulator,0.377189211652494,37.718921165249405,53.8045,44.15,LOW
2361,ML-01113,TRD,Transformer,0.26759713658871265,26.759713658871263,70.1855,44.13,LOW
2362,ML-02765,TRD,Section Insulator,0.32966766431129346,32.966766431129344,60.8605,44.12,LOW
2363,ML-03810,TRD,OHE,0.34257388255960464,34.257388255960464,58.9165,44.12,LOW
2364,ML-03910,TRD,OHE,0.38990447067815176,38.990447067815175,51.793000000000006,44.11,LOW
2365,ML-02275,S&T,Signal,0.416527519139347,41.6527519139347,47.793499999999995,44.11,LOW
2366,ML-02899,ENGINEERING,Track,0.3245777748413567,32.45777748413567,61.577,44.11,LOW
2367,ML-02849,ENGINEERING,Track,0.4140430428035565,41.40430428035565,48.167,44.11,LOW
2368,ML-00502,ENGINEERING,Track,0.32464879737698965,32.464879737698965,61.5645,44.1,LOW
2369,ML-02777,TRD,OHE,0.3042843918508546,30.42843918508546,64.60849999999999,44.1,LOW
2370,ML-01596,S&T,Point Machine,0.3585071525201443,35.85071525201443,56.464,44.1,LOW
2371,ML-03814,S&T,Point Machine,0.4040070033885464,40.40070033885464,49.628,44.09,LOW
2372,ML-01857,S&T,Signal,0.36281237009704065,36.281237009704064,55.791,44.09,LOW
2373,ML-02721,ENGINEERING,Bridge,0.3333293641062665,33.33293641062665,60.2145,44.09,LOW
2374,ML-01499,TRD,Transformer,0.3921852316337375,39.218523163373746,51.3855,44.09,LOW
2375,ML-00706,S&T,Point Machine,0.3811663879766794,38.11663879766794,53.0355,44.08,LOW
2376,ML-03249,ENGINEERING,Point & Crossing,0.3821992678088919,38.21992678088919,52.878499999999995,44.08,LOW
2377,ML-02679,S&T,Point Machine,0.3992204442755323,39.92204442755323,50.283,44.07,LOW
2378,ML-03073,S&T,Axle Counter,0.295919367190804,29.591936719080397,65.7945,44.07,LOW
2379,ML-01512,S&T,Point Machine,0.4537177266519761,45.37177266519761,42.0995,44.06,LOW
2380,ML-02010,S&T,Signal,0.29772548164664,29.772548164664,65.4675,44.05,LOW
2381,ML-03789,TRD,OHE,0.35764179373948835,35.764179373948835,56.4795,44.05,LOW
2382,ML-04125,S&T,Signal,0.34041575913191685,34.041575913191686,59.0615,44.05,LOW
2383,ML-01486,ENGINEERING,Track,0.32146167448208,32.146167448208004,61.899,44.05,LOW
2384,ML-03290,ENGINEERING,Bridge,0.39201007244768105,39.20100724476811,51.3005,44.04,LOW
2385,ML-03350,S&T,Point Machine,0.4307485065447942,43.07485065447942,45.498,44.04,LOW
2386,ML-02025,ENGINEERING,Bridge,0.34337369958800784,34.337369958800785,58.57666666666667,44.03,LOW
2387,ML-02367,S&T,Signal,0.4284152697526386,42.84152697526386,45.79,44.02,LOW
2388,ML-04571,S&T,Point Machine,0.280781195946231,28.078119594623104,67.934,44.02,LOW
2389,ML-02046,ENGINEERING,Bridge,0.3638771871763802,36.387718717638016,55.437,44.01,LOW
2390,ML-01349,ENGINEERING,Point & Crossing,0.4371519461476747,43.71519461476747,44.453,44.01,LOW
2391,ML-02834,TRD,OHE,0.38954199712165866,38.95419971216587,51.559000000000005,44.0,LOW
2392,ML-04925,ENGINEERING,Track,0.38276420029215574,38.27642002921557,52.5965,44.0,LOW
2393,ML-03660,S&T,Point Machine,0.4072132602663636,40.72132602663636,48.896,43.99,LOW
2394,ML-00063,TRD,OHE,0.3364297300795095,33.64297300795095,59.5225,43.99,LOW
2395,ML-03412,S&T,Point Machine,0.4552324023258701,45.52324023258701,41.696,43.99,LOW
2396,ML-04989,ENGINEERING,Point & Crossing,0.32826715835424575,32.82671583542457,60.706,43.98,LOW
2397,ML-01337,ENGINEERING,Track,0.32869880567957765,32.869880567957765,60.6145,43.97,LOW
2398,ML-02810,TRD,Transformer,0.4144783623623145,41.44783623623145,47.74016666666667,43.96,LOW
2399,ML-03492,TRD,OHE,0.33781093519661226,33.781093519661226,59.2315,43.96,LOW
2400,ML-00130,ENGINEERING,Point & Crossing,0.4182155741023629,41.82155741023629,47.129,43.94,LOW
2401,ML-01115,S&T,Signal,0.40419084684986173,40.419084684986174,49.211,43.94,LOW
2402,ML-04986,S&T,Signal,0.40605734551605466,40.605734551605465,48.925,43.93,LOW
2403,ML-00793,ENGINEERING,Bridge,0.40276645349630835,40.27664534963083,49.4095,43.93,LOW
2404,ML-00811,ENGINEERING,Track,0.37158569229398586,37.15856922939859,54.069500000000005,43.92,LOW
2405,ML-00778,S&T,Point Machine,0.33251950887393983,33.25195088739398,59.89450000000001,43.91,LOW
2406,ML-01985,S&T,Point Machine,0.3378837161273356,33.788371612733556,59.076499999999996,43.9,LOW
2407,ML-00851,TRD,OHE,0.42207753914826157,42.20775391482616,46.450500000000005,43.9,LOW
2408,ML-03954,S&T,Axle Counter,0.4217335108599821,42.17335108599821,46.4925,43.9,LOW
2409,ML-00069,ENGINEERING,Track,0.37893183930299723,37.89318393029972,52.874,43.89,LOW
2410,ML-00489,TRD,Section Insulator,0.42579672693614545,42.57967269361455,45.8435,43.89,LOW
2411,ML-03260,TRD,Transformer,0.3852952726637165,38.52952726637165,51.925999999999995,43.89,LOW
2412,ML-02363,ENGINEERING,Point & Crossing,0.3617453403728097,36.17453403728097,55.471,43.89,LOW
2413,ML-01774,TRD,Transformer,0.37243412429512956,37.24341242951296,53.8095,43.87,LOW
2414,ML-04450,ENGINEERING,Bridge,0.3758938205933079,37.58938205933079,53.2885,43.87,LOW
2415,ML-03050,S&T,Point Machine,0.32709393402518666,32.709393402518664,60.588,43.86,LOW
2416,ML-01808,TRD,Section Insulator,0.46161847134450334,46.16184713445033,40.3775,43.85,LOW
2417,ML-01392,S&T,Axle Counter,0.4304551495920159,43.04551495920159,45.024499999999996,43.84,LOW
2418,ML-03667,TRD,Transformer,0.33486438178838995,33.486438178838995,59.366,43.84,LOW
2419,ML-00469,TRD,Transformer,0.3167719327679258,31.677193276792583,62.0635,43.83,LOW
2420,ML-01135,S&T,Point Machine,0.4134318176194089,41.34318176194089,47.506,43.81,LOW
2421,ML-01214,S&T,Axle Counter,0.4737518900187321,47.37518900187321,38.471500000000006,43.81,LOW
2422,ML-01614,TRD,Section Insulator,0.42290351732636844,42.29035173263684,46.096000000000004,43.81,LOW
2423,ML-01234,TRD,Transformer,0.3923227032075992,39.23227032075992,50.6865,43.81,LOW
2424,ML-00440,S&T,Point Machine,0.4065875487143497,40.65875487143497,48.5435,43.81,LOW
2425,ML-04167,ENGINEERING,Bridge,0.44261006337684167,44.261006337684165,43.101,43.8,LOW
2426,ML-04403,TRD,OHE,0.46414500819294136,46.41450081929413,39.873999999999995,43.8,LOW
2427,ML-03232,ENGINEERING,Bridge,0.5010961422492319,50.10961422492319,34.3455,43.8,LOW
2428,ML-01887,ENGINEERING,Track,0.4223052352001003,42.23052352001003,46.1325,43.79,LOW
2429,ML-03999,ENGINEERING,Track,0.34721266132227524,34.72126613222753,57.379999999999995,43.78,LOW
2430,ML-01073,S&T,Point Machine,0.38717243266827006,38.717243266827005,51.382666666666665,43.78,LOW
2431,ML-01237,TRD,Section Insulator,0.3169493222700343,31.69493222700343,61.885,43.77,LOW
2432,ML-03947,ENGINEERING,Point & Crossing,0.2961625145167614,29.61625145167614,64.963,43.75,LOW
2433,ML-00344,ENGINEERING,Track,0.39769636048253365,39.76963604825337,49.715,43.75,LOW
2434,ML-00809,S&T,Point Machine,0.594644017811229,59.4644017811229,20.189,43.75,LOW
2435,ML-01216,S&T,Axle Counter,0.409567527849529,40.9567527849529,47.9065,43.74,LOW
2436,ML-03504,TRD,Section Insulator,0.4068020606680217,40.68020606680217,48.341,43.74,LOW
2437,ML-00381,S&T,Signal,0.43556507350668205,43.556507350668205,43.9965,43.73,LOW
2438,ML-01219,ENGINEERING,Track,0.22305271730487924,22.305271730487924,75.878,43.73,LOW
2439,ML-03877,ENGINEERING,Bridge,0.4360408967614148,43.60408967614148,43.9195,43.73,LOW
2440,ML-01526,ENGINEERING,Track,0.47371242096847493,47.371242096847496,38.2035,43.7,LOW
2441,ML-02943,S&T,Signal,0.3964797925712446,39.64797925712446,49.7575,43.69,LOW
2442,ML-04910,ENGINEERING,Track,0.36030763003735367,36.030763003735366,55.141999999999996,43.68,LOW
2443,ML-04950,ENGINEERING,Point & Crossing,0.40310134841683065,40.310134841683066,48.6345,43.64,LOW
2444,ML-03336,S&T,Signal,0.4207025722585038,42.07025722585038,46.0,43.64,LOW
2445,ML-03409,ENGINEERING,Point & Crossing,0.38265351159415184,38.26535115941518,51.7075,43.64,LOW
2446,ML-03688,S&T,Axle Counter,0.45418651106766,45.418651106766,40.933,43.62,LOW
2447,ML-00857,ENGINEERING,Point & Crossing,0.4066779706436164,40.667797064361636,48.036500000000004,43.62,LOW
2448,ML-02737,S&T,Signal,0.34242556147075126,34.24255614707513,57.69,43.62,LOW
2449,ML-02229,ENGINEERING,Point & Crossing,0.39717691732703037,39.71769173270304,49.4785,43.62,LOW
2450,ML-02194,TRD,OHE,0.3913415233193133,39.13415233193133,50.29900000000001,43.6,LOW
2451,ML-04260,TRD,Section Insulator,0.3775689369096122,37.75689369096122,52.3745,43.6,LOW
2452,ML-00301,TRD,Section Insulator,0.2433642495863894,24.33642495863894,72.4965,43.6,LOW
2453,ML-04027,ENGINEERING,Bridge,0.3416641508208172,34.16641508208172,57.758,43.6,LOW
2454,ML-02385,S&T,Signal,0.2548513990873211,25.48513990873211,70.69550000000001,43.57,LOW
2455,ML-01813,ENGINEERING,Bridge,0.3942704574918367,39.42704574918367,49.748000000000005,43.56,LOW
2456,ML-04646,S&T,Axle Counter,0.6081950540816572,60.81950540816572,17.672,43.56,LOW
2457,ML-04715,ENGINEERING,Track,0.38778265367692966,38.77826536769297,50.7055,43.55,LOW
2458,ML-01046,ENGINEERING,Track,0.3869022602768649,38.69022602768649,50.83,43.55,LOW
2459,ML-02991,ENGINEERING,Bridge,0.37246280685607275,37.246280685607275,53.0135,43.55,LOW
2460,ML-03411,ENGINEERING,Point & Crossing,0.3285940996643388,32.85940996643388,59.572,43.54,LOW
2461,ML-02526,ENGINEERING,Track,0.3438404957167387,34.38404957167387,57.248,43.53,LOW
2462,ML-04156,ENGINEERING,Track,0.4321963188288935,43.219631882889345,43.991,43.53,LOW
2463,ML-03998,ENGINEERING,Track,0.3754028954511789,37.540289545117886,52.504999999999995,43.53,LOW
2464,ML-00984,S&T,Point Machine,0.33035554830622216,33.03555483062222,59.264,43.53,LOW
2465,ML-01032,TRD,Transformer,0.3132795647931315,31.32795647931315,61.7825,43.51,LOW
2466,ML-01555,ENGINEERING,Track,0.3513617467430764,35.13617467430764,56.0535,43.5,LOW
2467,ML-03768,ENGINEERING,Bridge,0.3506080278342642,35.06080278342642,56.143,43.49,LOW
2468,ML-00485,ENGINEERING,Point & Crossing,0.3375989651370543,33.75989651370543,58.089000000000006,43.49,LOW
2469,ML-04992,ENGINEERING,Track,0.4925227786539297,49.25227786539297,34.83,43.48,LOW
2470,ML-02664,ENGINEERING,Bridge,0.3731561777161071,37.31561777161071,52.716,43.48,LOW
2471,ML-00299,ENGINEERING,Point & Crossing,0.39529917812548726,39.529917812548724,49.4005,43.48,LOW
2472,ML-00506,ENGINEERING,Point & Crossing,0.3500708230049051,35.00708230049051,56.153,43.47,LOW
2473,ML-00184,S&T,Axle Counter,0.34403355841006117,34.40335584100612,57.03450000000001,43.46,LOW
2474,ML-00249,TRD,Section Insulator,0.3820898542203014,38.20898542203014,51.3335,43.46,LOW
2475,ML-01093,ENGINEERING,Point & Crossing,0.3640394301707125,36.40394301707125,54.033,43.46,LOW
2476,ML-00218,S&T,Point Machine,0.48727031332969917,48.727031332969915,35.5375,43.45,LOW
2477,ML-02643,S&T,Signal,0.469857266791684,46.9857266791684,38.158,43.45,LOW
2478,ML-01092,ENGINEERING,Point & Crossing,0.43542895258756187,43.54289525875619,43.3095,43.45,LOW
2479,ML-00969,ENGINEERING,Track,0.3965775055308922,39.65775055308922,49.1215,43.44,LOW
2480,ML-03595,TRD,Transformer,0.42951148504515274,42.951148504515274,44.173,43.44,LOW
2481,ML-01276,TRD,Section Insulator,0.3428719042020651,34.28719042020651,57.164,43.44,LOW
2482,ML-02291,ENGINEERING,Track,0.3337153385100041,33.371533851000414,58.4825,43.42,LOW
2483,ML-04230,ENGINEERING,Bridge,0.4292367621913364,42.92367621913364,44.1565,43.42,LOW
2484,ML-00757,TRD,Transformer,0.36937183084721315,36.93718308472131,53.1125,43.41,LOW
2485,ML-01359,TRD,Transformer,0.3720052532816738,37.20052532816738,52.714,43.41,LOW
2486,ML-02535,TRD,Section Insulator,0.41438930082986614,41.438930082986616,46.345,43.4,LOW
2487,ML-00508,TRD,Transformer,0.37178776481015996,37.178776481015994,52.712500000000006,43.39,LOW
2488,ML-00444,ENGINEERING,Point & Crossing,0.3192369483468821,31.92369483468821,60.563,43.38,LOW
2489,ML-02650,ENGINEERING,Track,0.3025896630573567,30.25896630573567,63.0645,43.38,LOW
2490,ML-03938,ENGINEERING,Track,0.33629873873784505,33.629873873784504,58.001,43.38,LOW
2491,ML-02102,S&T,Point Machine,0.4067308875847298,40.67308875847298,47.4215,43.37,LOW
2492,ML-02761,ENGINEERING,Bridge,0.40098828479688736,40.098828479688734,48.274,43.37,LOW
2493,ML-01357,S&T,Signal,0.37355201769653607,37.355201769653604,52.36,43.36,LOW
2494,ML-04919,ENGINEERING,Point & Crossing,0.4222278306542628,42.22278306542628,45.0455,43.35,LOW
2495,ML-02088,S&T,Axle Counter,0.31019636589353766,31.019636589353766,61.8435,43.35,LOW
2496,ML-00303,S&T,Axle Counter,0.3491654151102964,34.91654151102964,55.994,43.35,LOW
2497,ML-02857,S&T,Axle Counter,0.4052397542293617,40.52397542293617,47.5945,43.35,LOW
2498,ML-01757,S&T,Axle Counter,0.3161135093488718,31.611350934887177,60.9065,43.33,LOW
2499,ML-01368,S&T,Signal,0.3619577169985957,36.19577169985957,54.0435,43.33,LOW
2500,ML-02855,S&T,Signal,0.342180147935154,34.2180147935154,57.004000000000005,43.33,LOW
2501,ML-03922,ENGINEERING,Bridge,0.3397975705222533,33.97975705222533,57.299,43.31,LOW
2502,ML-03695,TRD,Section Insulator,0.3477412879664369,34.77412879664369,56.095,43.3,LOW
2503,ML-03334,TRD,Section Insulator,0.25094424239830726,25.094424239830726,70.60300000000001,43.3,LOW
2504,ML-04833,TRD,Section Insulator,0.40851032785293356,40.851032785293356,46.957,43.29,LOW
2505,ML-02469,TRD,OHE,0.4181300628402952,41.81300628402952,45.5075,43.29,LOW
2506,ML-04740,S&T,Axle Counter,0.3732490779359931,37.32490779359931,52.245,43.29,LOW
2507,ML-01903,S&T,Signal,0.4230963220856839,42.30963220856839,44.743,43.28,LOW
2508,ML-02127,ENGINEERING,Track,0.3452598802968357,34.52598802968357,56.411833333333334,43.28,LOW
2509,ML-02167,ENGINEERING,Track,0.3878840834284064,38.78840834284064,50.024,43.28,LOW
2510,ML-01062,ENGINEERING,Track,0.3778113656079198,37.78113656079198,51.5035,43.27,LOW
2511,ML-04870,ENGINEERING,Track,0.33919434132462556,33.919434132462555,57.288,43.27,LOW
2512,ML-01356,TRD,Section Insulator,0.39308870430814735,39.308870430814736,49.191,43.26,LOW
2513,ML-03345,TRD,Section Insulator,0.4225891663355527,42.25891663355527,44.753,43.26,LOW
2514,ML-04110,ENGINEERING,Track,0.2818554521240059,28.18554521240059,65.8375,43.25,LOW
2515,ML-03399,ENGINEERING,Track,0.4155320346932423,41.55320346932423,45.783,43.25,LOW
2516,ML-04184,ENGINEERING,Bridge,0.32549030993687816,32.549030993687815,59.2705,43.24,LOW
2517,ML-01108,ENGINEERING,Track,0.314118360149277,31.4118360149277,60.988499999999995,43.24,LOW
2518,ML-00763,S&T,Signal,0.3631117036547035,36.31117036547035,53.6025,43.23,LOW
2519,ML-00070,S&T,Axle Counter,0.4903562526589482,49.03562526589482,34.4815,43.21,LOW
2520,ML-04000,TRD,Section Insulator,0.3834632583739685,38.34632583739685,50.4885,43.2,LOW
2521,ML-01519,TRD,Section Insulator,0.3908802149473724,39.08802149473724,49.370999999999995,43.2,LOW
2522,ML-00009,ENGINEERING,Point & Crossing,0.2868164283145039,28.68164283145039,64.9655,43.2,LOW
2523,ML-04052,ENGINEERING,Bridge,0.46748597313783846,46.74859731378385,37.864000000000004,43.19,LOW
2524,ML-00935,ENGINEERING,Track,0.33671880234234236,33.67188023423424,57.477000000000004,43.19,LOW
2525,ML-01564,ENGINEERING,Track,0.37096770285335373,37.096770285335374,52.324,43.19,LOW
2526,ML-02773,S&T,Point Machine,0.27107557657250664,27.107557657250663,67.3035,43.19,LOW
2527,ML-02969,ENGINEERING,Track,0.3817388768815072,38.17388768815072,50.721000000000004,43.19,LOW
2528,ML-00613,ENGINEERING,Track,0.3091750049098373,30.91750049098373,61.578,43.18,LOW
2529,ML-04993,TRD,OHE,0.36470610706862805,36.47061070686281,53.2385,43.18,LOW
2530,ML-04351,S&T,Point Machine,0.3890972695749534,38.90972695749534,49.5775,43.18,LOW
2531,ML-00760,TRD,Transformer,0.3759041110122705,37.59041110122705,51.54716666666667,43.17,LOW
2532,ML-00272,TRD,Transformer,0.3158635875790105,31.58635875790105,60.536500000000004,43.17,LOW
2533,ML-00943,TRD,OHE,0.2401125048881308,24.01125048881308,71.8805,43.16,LOW
2534,ML-02338,S&T,Axle Counter,0.2938023419036618,29.380234190366178,63.829499999999996,43.16,LOW
2535,ML-02867,ENGINEERING,Track,0.4253594687064299,42.53594687064299,44.0625,43.15,LOW
2536,ML-03167,ENGINEERING,Bridge,0.3505269868497591,35.05269868497591,55.2935,43.15,LOW
2537,ML-01952,TRD,OHE,0.3456059204328871,34.560592043288715,56.0075,43.14,LOW
2538,ML-03797,S&T,Axle Counter,0.34089238468204724,34.08923846820473,56.716,43.14,LOW
2539,ML-00445,ENGINEERING,Track,0.3759821228698695,37.59821228698695,51.43866666666666,43.13,LOW
2540,ML-01724,ENGINEERING,Bridge,0.3350640444034008,33.506404440340084,57.564,43.13,LOW
2541,ML-03719,TRD,Transformer,0.24589701500600852,24.589701500600853,70.928,43.13,LOW
2542,ML-02266,ENGINEERING,Bridge,0.46152771545539706,46.15277154553971,38.5715,43.12,LOW
2543,ML-01711,TRD,OHE,0.37857588488174476,37.85758848817448,51.016999999999996,43.12,LOW
2544,ML-04456,TRD,OHE,0.34140976186739513,34.140976186739515,56.5935,43.12,LOW
2545,ML-00340,S&T,Axle Counter,0.37215408417517454,37.21540841751745,51.941,43.11,LOW
2546,ML-04175,S&T,Signal,0.3388950079555717,33.88950079555717,56.947500000000005,43.11,LOW
2547,ML-01651,ENGINEERING,Point & Crossing,0.43139797544277203,43.1397975442772,43.0715,43.11,LOW
2548,ML-03024,S&T,Signal,0.3686948008708073,36.86948008708073,52.455,43.1,LOW
2549,ML-00002,ENGINEERING,Track,0.5594394196253941,55.94394196253941,23.826666666666668,43.1,LOW
2550,ML-02220,S&T,Axle Counter,0.3731017154432676,37.31017154432676,51.782000000000004,43.1,LOW
2551,ML-03855,TRD,Transformer,0.3598362728632442,35.98362728632442,53.759,43.09,LOW
2552,ML-01154,TRD,OHE,0.32434282818588017,32.43428281858802,59.043,43.08,LOW
2553,ML-02252,TRD,Section Insulator,0.3498190635708692,34.98190635708692,55.157,43.05,LOW
2554,ML-01295,TRD,Transformer,0.35702514700219573,35.702514700219574,54.0505,43.04,LOW
2555,ML-03435,ENGINEERING,Point & Crossing,0.31777649959321386,31.777649959321387,59.94383333333334,43.04,LOW
2556,ML-00349,S&T,Signal,0.32332609300999143,32.332609300999145,59.081,43.03,LOW
2557,ML-03571,S&T,Axle Counter,0.3343220262433732,33.43220262433732,57.4095,43.02,LOW
2558,ML-04598,S&T,Signal,0.38340865763470433,38.34086576347043,50.045500000000004,43.02,LOW
2559,ML-04936,ENGINEERING,Point & Crossing,0.39982901655204756,39.982901655204756,47.516,43.0,LOW
2560,ML-01169,S&T,Point Machine,0.417312415849913,41.7312415849913,44.886,42.99,LOW
2561,ML-00823,ENGINEERING,Bridge,0.3734411773107923,37.34411773107923,51.438,42.98,LOW
2562,ML-00656,S&T,Point Machine,0.3999797858481939,39.997978584819386,47.458,42.98,LOW
2563,ML-02298,S&T,Signal,0.366652477864725,36.6652477864725,52.448,42.98,LOW
2564,ML-01998,TRD,OHE,0.2886224808694393,28.862248086943932,64.128,42.97,LOW
2565,ML-04142,ENGINEERING,Track,0.38278014333071725,38.278014333071724,49.999500000000005,42.97,LOW
2566,ML-02574,TRD,Section Insulator,0.39002206003574935,39.00220600357493,48.898,42.96,LOW
2567,ML-01038,TRD,Transformer,0.37171807309736626,37.17180730973663,51.6035,42.94,LOW
2568,ML-01749,TRD,OHE,0.47618297987938063,47.618297987938064,35.9045,42.93,LOW
2569,ML-02415,ENGINEERING,Track,0.373341936049692,37.3341936049692,51.288000000000004,42.92,LOW
2570,ML-00543,S&T,Point Machine,0.4055879969518096,40.55879969518096,46.4345,42.91,LOW
2571,ML-02995,TRD,Transformer,0.37838048817903497,37.8380488179035,50.4875,42.9,LOW
2572,ML-02066,ENGINEERING,Bridge,0.3686603982137852,36.86603982137852,51.942499999999995,42.9,LOW
2573,ML-00900,TRD,Section Insulator,0.31337306427034217,31.337306427034218,60.1995,42.88,LOW
2574,ML-00614,S&T,Point Machine,0.4682174315666778,46.82174315666778,36.966,42.88,LOW
2575,ML-01048,S&T,Axle Counter,0.37325630459980824,37.32563045998082,51.1905,42.87,LOW
2576,ML-01467,ENGINEERING,Bridge,0.5166418491240576,51.664184912405766,29.662,42.86,LOW
2577,ML-00819,TRD,Transformer,0.3763825639888122,37.63825639888122,50.6825,42.86,LOW
2578,ML-02923,ENGINEERING,Bridge,0.35240202407881377,35.24020240788138,54.2695,42.85,LOW
2579,ML-04011,TRD,OHE,0.3221310222658926,32.21310222658926,58.79750000000001,42.85,LOW
2580,ML-01805,ENGINEERING,Bridge,0.37806026500628265,37.80602650062826,50.3795,42.84,LOW
2581,ML-01718,ENGINEERING,Bridge,0.34588634507332033,34.58863450733203,55.212,42.84,LOW
2582,ML-01930,ENGINEERING,Bridge,0.41975093775339567,41.975093775339566,44.147,42.84,LOW
2583,ML-03231,S&T,Signal,0.42540195339960946,42.540195339960945,43.298500000000004,42.84,LOW
2584,ML-03879,ENGINEERING,Track,0.3625649054716052,36.25649054716052,52.6955,42.83,LOW
2585,ML-01251,S&T,Signal,0.4057380928612471,40.573809286124714,46.1935,42.82,LOW
2586,ML-01084,TRD,Section Insulator,0.36944954530186286,36.94495453018629,51.6365,42.82,LOW
2587,ML-03561,ENGINEERING,Track,0.3259109704186276,32.59109704186276,58.16,42.82,LOW
2588,ML-00284,ENGINEERING,Track,0.3761787059340922,37.61787059340922,50.589,42.81,LOW
2589,ML-00759,S&T,Point Machine,0.32135781091146093,32.13578109114609,58.821,42.81,LOW
2590,ML-01209,S&T,Signal,0.3505341230077972,35.05341230077972,54.4195,42.8,LOW
2591,ML-00025,ENGINEERING,Bridge,0.34380622917679,34.380622917679,55.4385,42.8,LOW
2592,ML-00509,S&T,Axle Counter,0.39887842159125847,39.887842159125846,47.172,42.8,LOW
2593,ML-04568,TRD,Section Insulator,0.36995388925074535,36.995388925074536,51.501000000000005,42.8,LOW
2594,ML-04350,TRD,OHE,0.4015163661960749,40.15163661960749,46.741,42.79,LOW
2595,ML-03448,TRD,Section Insulator,0.37484866531428,37.484866531428004,50.7045,42.77,LOW
2596,ML-00101,S&T,Signal,0.4896726313432368,48.96726313432368,33.473,42.77,LOW
2597,ML-02316,ENGINEERING,Bridge,0.3660446092834262,36.60446092834262,52.0285,42.77,LOW
2598,ML-00229,TRD,Section Insulator,0.38555873541259145,38.555873541259146,49.078500000000005,42.76,LOW
2599,ML-01847,ENGINEERING,Point & Crossing,0.36147901671390004,36.14790167139,52.6725,42.76,LOW
2600,ML-00422,TRD,OHE,0.3371484185790218,33.71484185790218,56.2725,42.74,LOW
2601,ML-03491,ENGINEERING,Bridge,0.39763421672501076,39.763421672501075,47.197,42.74,LOW
2602,ML-01680,ENGINEERING,Point & Crossing,0.3287133858404035,32.87133858404035,57.518,42.73,LOW
2603,ML-03610,ENGINEERING,Point & Crossing,0.3828254274685512,38.28254274685512,49.384,42.72,LOW
2604,ML-00260,S&T,Axle Counter,0.332257327223794,33.2257327223794,56.953,42.72,LOW
2605,ML-04968,S&T,Axle Counter,0.3966654693753434,39.66654693753434,47.291000000000004,42.72,LOW
2606,ML-04063,S&T,Point Machine,0.323818248124368,32.3818248124368,58.214,42.71,LOW
2607,ML-04691,ENGINEERING,Track,0.4823457407882897,48.23457407882897,34.412,42.71,LOW
2608,ML-04394,ENGINEERING,Point & Crossing,0.3366648267606939,33.66648267606939,56.2815,42.71,LOW
2609,ML-04778,ENGINEERING,Point & Crossing,0.4331523958486435,43.31523958486435,41.755,42.69,LOW
2610,ML-03043,ENGINEERING,Point & Crossing,0.4679372935618609,46.79372935618609,36.534499999999994,42.69,LOW
2611,ML-02098,ENGINEERING,Track,0.37102317342808894,37.102317342808895,51.0535,42.68,LOW
2612,ML-03522,ENGINEERING,Track,0.4605479464062923,46.05479464062923,37.586,42.67,LOW
2613,ML-02644,ENGINEERING,Bridge,0.47539630607536215,47.53963060753622,35.3705,42.67,LOW
2614,ML-03304,TRD,Section Insulator,0.41874135278814434,41.874135278814435,43.8595,42.67,LOW
2615,ML-02246,ENGINEERING,Bridge,0.32319905942782917,32.31990594278292,58.207,42.67,LOW
2616,ML-02653,TRD,OHE,0.32858871535138445,32.85887153513845,57.38466666666667,42.67,LOW
2617,ML-04093,TRD,OHE,0.3613083438172759,36.13083438172759,52.489000000000004,42.67,LOW
2618,ML-04789,ENGINEERING,Track,0.40152276693168737,40.15227669316874,46.427,42.66,LOW
2619,ML-01051,TRD,Section Insulator,0.42354094799355435,42.35409479935544,43.120000000000005,42.66,LOW
2620,ML-00362,TRD,Transformer,0.37739586765799743,37.73958676579974,50.044500000000006,42.66,LOW
2621,ML-03013,TRD,OHE,0.5322976040138641,53.22976040138641,26.787,42.65,LOW
2622,ML-00227,TRD,Section Insulator,0.32505933130776177,32.50593313077618,57.806,42.63,LOW
2623,ML-04118,TRD,Transformer,0.38048049260034555,38.04804926003455,49.496500000000005,42.63,LOW
2624,ML-01883,S&T,Axle Counter,0.3542228322219799,35.42228322219799,53.4445,42.63,LOW
2625,ML-02045,ENGINEERING,Track,0.3377308598445189,33.77308598445189,55.841833333333334,42.6,LOW
2626,ML-01592,S&T,Signal,0.37699550581890706,37.699550581890705,49.916,42.59,LOW
2627,ML-01504,TRD,OHE,0.3776457489630504,37.76457489630504,49.8375,42.59,LOW
2628,ML-02495,ENGINEERING,Point & Crossing,0.43250728677070016,43.250728677070015,41.562,42.58,LOW
2629,ML-01250,ENGINEERING,Point & Crossing,0.42799927493196627,42.79992749319663,42.2605,42.58,LOW
2630,ML-03548,S&T,Signal,0.41917923255244893,41.917923255244894,43.54,42.57,LOW
2631,ML-01546,S&T,Axle Counter,0.30528677033364304,30.528677033364303,60.618,42.56,LOW
2632,ML-00168,S&T,Point Machine,0.28329336714703657,28.329336714703658,63.90416666666667,42.56,LOW
2633,ML-03159,S&T,Signal,0.36431408334437043,36.431408334437045,51.738,42.55,LOW
2634,ML-02250,TRD,Transformer,0.39508776497830556,39.50877649783055,47.047,42.52,LOW
2635,ML-00961,S&T,Point Machine,0.3797663432102235,37.97663432102235,49.331,42.52,LOW
2636,ML-03644,TRD,OHE,0.25613971343497416,25.613971343497415,67.8845,42.52,LOW
2637,ML-02506,S&T,Point Machine,0.3456052290164143,34.56052290164143,54.4465,42.51,LOW
2638,ML-02056,TRD,OHE,0.36804642363128115,36.80464236312812,51.078,42.51,LOW
2639,ML-03617,TRD,Section Insulator,0.38966029705281197,38.966029705281194,47.812,42.5,LOW
2640,ML-02407,ENGINEERING,Point & Crossing,0.40409237776590684,40.409237776590686,45.6305,42.5,LOW
2641,ML-01111,S&T,Signal,0.40519983619098504,40.519983619098504,45.3645,42.46,LOW
2642,ML-04855,ENGINEERING,Track,0.30511250187643,30.511250187643,60.368,42.45,LOW
2643,ML-04070,ENGINEERING,Bridge,0.32745783868935313,32.74578386893531,56.99250000000001,42.44,LOW
2644,ML-04227,TRD,Transformer,0.3211646494663357,32.11646494663357,57.889500000000005,42.43,LOW
2645,ML-03299,ENGINEERING,Point & Crossing,0.41091691034379246,41.091691034379245,44.438,42.43,LOW
2646,ML-00832,TRD,OHE,0.31451572109839376,31.451572109839375,58.849,42.41,LOW
2647,ML-00934,ENGINEERING,Bridge,0.273039482188263,27.303948218826303,65.0815,42.41,LOW
2648,ML-01710,TRD,Transformer,0.35763783937251575,35.763783937251574,52.38,42.41,LOW
2649,ML-02035,S&T,Axle Counter,0.4046311350602322,40.46311350602322,45.310500000000005,42.4,LOW
2650,ML-01807,TRD,Section Insulator,0.3665424547195853,36.65424547195853,50.993,42.39,LOW
2651,ML-04868,ENGINEERING,Point & Crossing,0.3450738017349781,34.50738017349781,54.22,42.39,LOW
2652,ML-01434,S&T,Axle Counter,0.38948226026954197,38.948226026954195,47.5165,42.38,LOW
2653,ML-00142,ENGINEERING,Point & Crossing,0.37473429677208114,37.47342967720812,49.75,42.38,LOW
2654,ML-02313,ENGINEERING,Bridge,0.2973112749822147,29.731127498221472,61.31700000000001,42.37,LOW
2655,ML-00788,TRD,OHE,0.3384989783134783,33.84989783134783,55.148,42.37,LOW
2656,ML-04564,TRD,Section Insulator,0.34291885411449025,34.29188541144902,54.4335,42.35,LOW
2657,ML-00534,S&T,Point Machine,0.30334813059005294,30.334813059005295,60.343500000000006,42.34,LOW
2658,ML-03327,S&T,Axle Counter,0.30503657118749083,30.503657118749082,60.086999999999996,42.34,LOW
2659,ML-00632,TRD,OHE,0.3991042937843147,39.91042937843147,45.955000000000005,42.33,LOW
2660,ML-02779,ENGINEERING,Bridge,0.4045250773809564,40.45250773809564,45.1245,42.32,LOW
2661,ML-01668,TRD,Transformer,0.3725262943520207,37.252629435202074,49.898833333333336,42.31,LOW
2662,ML-01096,ENGINEERING,Track,0.29780997915489693,29.780997915489692,61.1095,42.31,LOW
2663,ML-00568,TRD,OHE,0.32986343743050583,32.98634374305058,56.272,42.3,LOW
2664,ML-01159,ENGINEERING,Track,0.36900016477930064,36.900016477930066,50.396499999999996,42.3,LOW
2665,ML-04178,ENGINEERING,Bridge,0.3721040503833096,37.21040503833096,49.908500000000004,42.29,LOW
2666,ML-00936,TRD,Transformer,0.47475919638075725,47.47591963807572,34.5215,42.29,LOW
2667,ML-04546,ENGINEERING,Track,0.27895324581985265,27.895324581985264,63.8845,42.29,LOW
2668,ML-03385,ENGINEERING,Track,0.38042805924249185,38.04280592424919,48.6505,42.29,LOW
2669,ML-02224,S&T,Axle Counter,0.36263444924215504,36.263444924215506,51.318999999999996,42.29,LOW
2670,ML-02484,S&T,Axle Counter,0.36504041408540194,36.504041408540196,50.941,42.28,LOW
2671,ML-00802,ENGINEERING,Bridge,0.22263179650384013,22.263179650384014,72.311,42.28,LOW
2672,ML-03560,TRD,Transformer,0.362103709536839,36.2103709536839,51.27,42.23,LOW
2673,ML-03738,S&T,Point Machine,0.3364144726890527,33.641447268905274,55.102,42.23,LOW
2674,ML-02806,TRD,Transformer,0.3277815861774942,32.77815861774942,56.405,42.23,LOW
2675,ML-01921,S&T,Axle Counter,0.30678428763622223,30.67842876362222,59.5305,42.22,LOW
2676,ML-03131,TRD,Transformer,0.40915402382096067,40.91540238209607,44.183,42.22,LOW
2677,ML-00203,ENGINEERING,Point & Crossing,0.37031625378301714,37.03162537830171,49.9535,42.2,LOW
2678,ML-00487,S&T,Signal,0.2954692650473774,29.54692650473774,61.1605,42.19,LOW
2679,ML-00529,S&T,Signal,0.2551824571286692,25.51824571286692,67.202,42.19,LOW
2680,ML-01148,ENGINEERING,Point & Crossing,0.3608544580103945,36.08544580103945,51.319,42.18,LOW
2681,ML-01049,S&T,Axle Counter,0.3431466344053485,34.31466344053485,53.927499999999995,42.16,LOW
2682,ML-03639,TRD,Transformer,0.39729268470792656,39.729268470792654,45.8185,42.16,LOW
2683,ML-01628,ENGINEERING,Track,0.3513565996472785,35.13565996472785,52.6395,42.14,LOW
2684,ML-04464,S&T,Axle Counter,0.3804250789335286,38.04250789335286,48.2715,42.13,LOW
2685,ML-01255,TRD,OHE,0.4778928415371542,47.78928415371542,33.6315,42.13,LOW
2686,ML-03320,S&T,Signal,0.34012856348452025,34.012856348452026,54.2945,42.13,LOW
2687,ML-04549,ENGINEERING,Track,0.36067026675897634,36.06702667589764,51.2355,42.13,LOW
2688,ML-00916,ENGINEERING,Track,0.3678313957305031,36.78313957305031,50.123,42.12,LOW
2689,ML-02202,S&T,Point Machine,0.3702525478343633,37.02525478343633,49.7445,42.11,LOW
2690,ML-02895,TRD,Section Insulator,0.35274886602574185,35.274886602574185,52.364000000000004,42.11,LOW
2691,ML-02639,TRD,OHE,0.3579385195758308,35.79385195758308,51.565,42.1,LOW
2692,ML-01645,S&T,Axle Counter,0.36741455735919665,36.741455735919665,50.1355,42.1,LOW
2693,ML-04139,ENGINEERING,Point & Crossing,0.32918708598970653,32.91870859897065,55.86,42.1,LOW
2694,ML-04221,S&T,Signal,0.3563338651814187,35.63338651814187,51.812,42.1,LOW
2695,ML-04225,S&T,Axle Counter,0.34604497626479314,34.604497626479315,53.348499999999994,42.1,LOW
2696,ML-04808,S&T,Axle Counter,0.3541298791566674,35.41298791566674,52.099000000000004,42.09,LOW
2697,ML-03118,ENGINEERING,Track,0.30646942562774554,30.646942562774555,59.267,42.09,LOW
2698,ML-04083,S&T,Axle Counter,0.3181541293233362,31.81541293233362,57.447,42.07,LOW
2699,ML-00434,ENGINEERING,Point & Crossing,0.4216882560596181,42.168825605961814,41.911,42.07,LOW
2700,ML-01547,TRD,OHE,0.41395466408880927,41.39546640888093,43.077000000000005,42.07,LOW
2701,ML-01881,ENGINEERING,Bridge,0.3798657589582444,37.986575895824444,48.197,42.07,LOW
2702,ML-04713,ENGINEERING,Track,0.43045287178127434,43.04528717812743,40.578,42.06,LOW
2703,ML-01899,S&T,Point Machine,0.294981798835871,29.4981798835871,60.898,42.06,LOW
2704,ML-01778,TRD,Section Insulator,0.3502084803612181,35.02084803612181,52.566,42.04,LOW
2705,ML-03995,S&T,Signal,0.33144164729324443,33.144164729324444,55.364000000000004,42.03,LOW
2706,ML-01866,S&T,Axle Counter,0.35798921069523876,35.79892106952388,51.3465,42.02,LOW
2707,ML-04538,ENGINEERING,Bridge,0.4446113014582055,44.46113014582055,38.353,42.02,LOW
2708,ML-03974,TRD,OHE,0.3656792736795788,36.56792736795788,50.138999999999996,42.0,LOW
2709,ML-03142,TRD,OHE,0.41585144925375866,41.585144925375864,42.608,41.99,LOW
2710,ML-03085,ENGINEERING,Point & Crossing,0.4791572252337673,47.91572252337673,33.087,41.98,LOW
2711,ML-04385,ENGINEERING,Point & Crossing,0.3551742782811635,35.51742782811635,51.6715,41.98,LOW
2712,ML-01420,ENGINEERING,Point & Crossing,0.41670157153432236,41.670157153432235,42.411500000000004,41.97,LOW
2713,ML-01161,TRD,Transformer,0.32208201178343804,32.208201178343806,56.61816666666667,41.97,LOW
2714,ML-01707,ENGINEERING,Bridge,0.3427636676760335,34.27636676760335,53.496,41.96,LOW
2715,ML-01997,ENGINEERING,Bridge,0.2925266561659554,29.252665616595543,61.008500000000005,41.95,LOW
2716,ML-04239,TRD,Transformer,0.352429406984502,35.2429406984502,51.9595,41.93,LOW
2717,ML-04104,ENGINEERING,Track,0.2786979414756898,27.86979414756898,63.00866666666667,41.93,LOW
2718,ML-02330,ENGINEERING,Bridge,0.40952791300132413,40.95279130013241,43.3805,41.92,LOW
2719,ML-03503,TRD,Section Insulator,0.36473095493122615,36.473095493122614,50.0965,41.92,LOW
2720,ML-01398,S&T,Signal,0.4748819822696157,47.48819822696157,33.528999999999996,41.9,LOW
2721,ML-00267,TRD,OHE,0.3590371750866913,35.90371750866913,50.8875,41.9,LOW
2722,ML-03337,ENGINEERING,Track,0.40856919301236594,40.856919301236594,43.467,41.9,LOW
2723,ML-04507,S&T,Axle Counter,0.40831645941847916,40.83164594184792,43.503,41.9,LOW
2724,ML-03144,ENGINEERING,Point & Crossing,0.30413393993461146,30.413393993461145,59.138999999999996,41.9,LOW
2725,ML-02430,S&T,Signal,0.45063903062193267,45.06390306219327,37.12049999999999,41.89,LOW
2726,ML-01704,ENGINEERING,Track,0.4104231669568667,41.04231669568667,43.1295,41.88,LOW
2727,ML-01149,TRD,Transformer,0.3841607910872866,38.41607910872866,47.0715,41.88,LOW
2728,ML-02853,ENGINEERING,Point & Crossing,0.42402302953677284,42.402302953677285,41.085499999999996,41.88,LOW
2729,ML-03649,TRD,Section Insulator,0.33146001744661757,33.14600174466176,54.952,41.87,LOW
2730,ML-04654,S&T,Axle Counter,0.37039918863012866,37.039918863012865,49.112500000000004,41.87,LOW
2731,ML-03865,TRD,Section Insulator,0.3903073102839775,39.03073102839775,46.120999999999995,41.87,LOW
2732,ML-03130,ENGINEERING,Bridge,0.3329967506588401,33.29967506588401,54.7025,41.86,LOW
2733,ML-00775,ENGINEERING,Point & Crossing,0.42498212589143847,42.49821258914385,40.885999999999996,41.85,LOW
2734,ML-02449,TRD,Section Insulator,0.2926388553247924,29.26388553247924,60.723,41.85,LOW
2735,ML-04001,TRD,Transformer,0.2744973990555306,27.44973990555306,63.42700000000001,41.84,LOW
2736,ML-02900,S&T,Signal,0.3574161000829008,35.74161000829008,50.9845,41.84,LOW
2737,ML-04787,TRD,Transformer,0.4531513876222137,45.315138762221366,36.5585,41.81,LOW
2738,ML-02158,ENGINEERING,Track,0.44001680388319747,44.00168038831975,38.492000000000004,41.8,LOW
2739,ML-02619,TRD,Transformer,0.4521459909929781,45.21459909929781,36.672,41.8,LOW
2740,ML-01849,S&T,Axle Counter,0.4391766807725833,43.917668077258334,38.627,41.8,LOW
2741,ML-02749,ENGINEERING,Track,0.4459494133627466,44.594941336274665,37.601,41.8,LOW
2742,ML-04522,ENGINEERING,Point & Crossing,0.36007207936914015,36.007207936914014,50.49550000000001,41.8,LOW
2743,ML-02533,ENGINEERING,Bridge,0.3544046924432543,35.44046924432543,51.335,41.8,LOW
2744,ML-02816,TRD,OHE,0.29317282337722594,29.317282337722595,60.465,41.78,LOW
2745,ML-01428,S&T,Point Machine,0.32402483282407263,32.40248328240726,55.856500000000004,41.78,LOW
2746,ML-02334,S&T,Point Machine,0.3537849335509411,35.37849335509411,51.358000000000004,41.77,LOW
2747,ML-00878,TRD,OHE,0.3834075202488945,38.340752024889454,46.9005,41.76,LOW
2748,ML-01579,S&T,Point Machine,0.3794893006456592,37.94893006456592,47.479,41.76,LOW
2749,ML-03494,TRD,Section Insulator,0.4116632411394697,41.16632411394697,42.650000000000006,41.76,LOW
2750,ML-03894,TRD,Transformer,0.37815043260270076,37.81504326027007,47.6845,41.76,LOW
2751,ML-01515,ENGINEERING,Bridge,0.44021526976087477,44.02152697608748,38.340500000000006,41.75,LOW
2752,ML-01380,TRD,OHE,0.3583341495253798,35.83341495253798,50.6135,41.75,LOW
2753,ML-00030,TRD,OHE,0.35477190494864025,35.477190494864026,51.155,41.75,LOW
2754,ML-00555,S&T,Signal,0.3871856370247798,38.71856370247798,46.28116666666667,41.74,LOW
2755,ML-03508,ENGINEERING,Bridge,0.3511927378472416,35.11927378472416,51.662,41.74,LOW
2756,ML-01708,ENGINEERING,Bridge,0.3548961189553552,35.489611895535525,51.1145,41.74,LOW
2757,ML-00835,TRD,Transformer,0.3081992651358956,30.819926513589557,58.1025,41.73,LOW
2758,ML-02544,TRD,OHE,0.36378759751930995,36.37875975193099,49.749500000000005,41.73,LOW
2759,ML-01792,ENGINEERING,Point & Crossing,0.4103638274149528,41.03638274149528,42.771,41.73,LOW
2760,ML-02577,S&T,Axle Counter,0.3200150594814628,32.00150594814628,56.279,41.71,LOW
2761,ML-00187,S&T,Point Machine,0.3511070036531554,35.11070036531554,51.579,41.7,LOW
2762,ML-02731,ENGINEERING,Track,0.30480924683087485,30.480924683087483,58.539500000000004,41.7,LOW
2763,ML-02530,TRD,Transformer,0.4272833638671908,42.72833638671908,40.1265,41.69,LOW
2764,ML-02516,ENGINEERING,Point & Crossing,0.33810039519210355,33.810039519210356,53.484,41.68,LOW
2765,ML-01689,TRD,Section Insulator,0.42145944734712587,42.145944734712586,40.986999999999995,41.68,LOW
2766,ML-02305,TRD,Section Insulator,0.2928771715435894,29.287717154358937,60.229000000000006,41.66,LOW
2767,ML-03917,ENGINEERING,Point & Crossing,0.43468728964105174,43.468728964105175,38.943,41.66,LOW
2768,ML-04411,ENGINEERING,Point & Crossing,0.36729591183133403,36.7295911831334,49.0295,41.65,LOW
2769,ML-02912,S&T,Signal,0.3728895867802702,37.288958678027015,48.1935,41.65,LOW
2770,ML-04340,TRD,Transformer,0.3086909645048414,30.86909645048414,57.804,41.64,LOW
2771,ML-00019,TRD,Section Insulator,0.2949198467297224,29.491984672972237,59.8555,41.64,LOW
2772,ML-04315,S&T,Signal,0.37405630797112893,37.40563079711289,47.989,41.64,LOW
2773,ML-02987,TRD,Section Insulator,0.3025664226460582,30.25664226460582,58.685500000000005,41.63,LOW
2774,ML-04662,ENGINEERING,Point & Crossing,0.37422949781678083,37.422949781678085,47.9495,41.63,LOW
2775,ML-01153,TRD,OHE,0.4497459952376982,44.97459952376982,36.5965,41.62,LOW
2776,ML-02308,ENGINEERING,Point & Crossing,0.4425762686519262,44.25762686519262,37.674,41.62,LOW
2777,ML-03628,TRD,OHE,0.3720002538839091,37.20002538839091,48.244,41.62,LOW
2778,ML-00416,ENGINEERING,Track,0.39829334088219454,39.829334088219454,44.304500000000004,41.62,LOW
2779,ML-01788,S&T,Axle Counter,0.2508224390173373,25.08224390173373,66.405,41.61,LOW
2780,ML-00241,ENGINEERING,Bridge,0.39413486901252165,39.41348690125216,44.8885,41.6,LOW
2781,ML-00171,S&T,Point Machine,0.40404980357705866,40.40498035770587,43.4005,41.6,LOW
2782,ML-00713,ENGINEERING,Track,0.298679233221753,29.8679233221753,59.2055,41.6,LOW
2783,ML-03509,TRD,OHE,0.35465375942333455,35.46537594233345,50.757,41.58,LOW
2784,ML-01919,S&T,Axle Counter,0.3712736108121431,37.12736108121431,48.2485,41.58,LOW
2785,ML-03194,ENGINEERING,Point & Crossing,0.36009403819832314,36.009403819832315,49.9045,41.57,LOW
2786,ML-02945,S&T,Signal,0.32621817899651495,32.6218178996515,54.982000000000006,41.57,LOW
2787,ML-03278,TRD,Transformer,0.38569599894245504,38.569599894245506,46.056,41.56,LOW
2788,ML-01737,TRD,Transformer,0.42143009841151224,42.143009841151226,40.653499999999994,41.55,LOW
2789,ML-04647,TRD,OHE,0.3887393671931727,38.87393671931727,45.56,41.55,LOW
2790,ML-00664,ENGINEERING,Point & Crossing,0.43016373483394277,43.016373483394275,39.343500000000006,41.55,LOW
2791,ML-00952,TRD,Section Insulator,0.30039744299348803,30.039744299348804,58.8115,41.55,LOW
2792,ML-04880,TRD,Section Insulator,0.37153517375485384,37.153517375485386,48.1195,41.54,LOW
2793,ML-03850,S&T,Signal,0.5296048560330648,52.96048560330648,24.35,41.52,LOW
2794,ML-00550,TRD,Section Insulator,0.3917347909244166,39.17347909244166,45.033,41.52,LOW
2795,ML-03851,TRD,Section Insulator,0.396681756111333,39.6681756111333,44.269,41.51,LOW
2796,ML-00266,ENGINEERING,Track,0.3383137403418899,33.83137403418899,53.04,41.51,LOW
2797,ML-02328,TRD,Section Insulator,0.390519172616382,39.0519172616382,45.147999999999996,41.49,LOW
2798,ML-02187,S&T,Point Machine,0.2933864756646382,29.33864756646382,59.7005,41.48,LOW
2799,ML-03455,ENGINEERING,Point & Crossing,0.32870716510286807,32.870716510286805,54.3885,41.48,LOW
2800,ML-03599,TRD,OHE,0.3464891682124324,34.64891682124324,51.698499999999996,41.47,LOW
2801,ML-00342,TRD,OHE,0.3231707116430869,32.31707116430869,55.2035,41.47,LOW
2802,ML-02171,S&T,Signal,0.2975840232563935,29.75840232563935,59.040499999999994,41.47,LOW
2803,ML-02295,ENGINEERING,Bridge,0.33263790487860784,33.26379048786078,53.782000000000004,41.47,LOW
2804,ML-02972,ENGINEERING,Track,0.29709285400176083,29.709285400176082,59.0925,41.46,LOW
2805,ML-01659,S&T,Point Machine,0.3425280539887898,34.252805398878984,52.234500000000004,41.45,LOW
2806,ML-02785,ENGINEERING,Track,0.3140729727514038,31.40729727514038,56.474500000000006,41.43,LOW
2807,ML-02547,ENGINEERING,Point & Crossing,0.39103538344904054,39.10353834490405,44.93066666666666,41.43,LOW
2808,ML-04157,TRD,Transformer,0.35307251350807,35.307251350807,50.585499999999996,41.42,LOW
2809,ML-04941,S&T,Axle Counter,0.3902456138276454,39.02456138276454,45.019,41.42,LOW
2810,ML-04366,ENGINEERING,Bridge,0.29839381321527275,29.839381321527274,58.7375,41.4,LOW
2811,ML-04628,S&T,Axle Counter,0.39263920302839334,39.26392030283933,44.586,41.39,LOW
2812,ML-04594,ENGINEERING,Track,0.35734433846994607,35.734433846994605,49.868500000000004,41.39,LOW
2813,ML-04094,ENGINEERING,Track,0.4160614712073752,41.60614712073752,41.049499999999995,41.38,LOW
2814,ML-01288,ENGINEERING,Point & Crossing,0.38571458425593286,38.571458425593285,45.586,41.38,LOW
2815,ML-03283,ENGINEERING,Track,0.38781037977768934,38.78103797776893,45.285000000000004,41.38,LOW
2816,ML-04567,S&T,Signal,0.3712512312137322,37.12512312137322,47.701,41.36,LOW
2817,ML-01687,TRD,Section Insulator,0.34232973491865587,34.232973491865586,52.04,41.36,LOW
2818,ML-03234,TRD,Section Insulator,0.34272368611011195,34.272368611011196,51.918000000000006,41.33,LOW
2819,ML-04275,ENGINEERING,Bridge,0.26836601615370415,26.836601615370416,63.0445,41.32,LOW
2820,ML-01090,ENGINEERING,Bridge,0.2884230178085764,28.84230178085764,60.020500000000006,41.31,LOW
2821,ML-03200,ENGINEERING,Point & Crossing,0.31365773756539805,31.365773756539806,56.1945,41.3,LOW
2822,ML-00595,ENGINEERING,Track,0.24002469835145804,24.002469835145803,67.238,41.3,LOW
2823,ML-02267,TRD,Transformer,0.3478179850014247,34.78179850014247,51.062000000000005,41.29,LOW
2824,ML-00265,S&T,Axle Counter,0.35366085833948424,35.366085833948425,50.176500000000004,41.29,LOW
2825,ML-03233,TRD,Transformer,0.36970455692942894,36.97045569294289,47.7775,41.29,LOW
2826,ML-03209,TRD,Section Insulator,0.31155053459104676,31.155053459104675,56.4695,41.28,LOW
2827,ML-04048,ENGINEERING,Bridge,0.358292694339313,35.8292694339313,49.464999999999996,41.28,LOW
2828,ML-03787,ENGINEERING,Point & Crossing,0.5697513480504887,56.97513480504887,17.729,41.28,LOW
2829,ML-01333,S&T,Point Machine,0.3759924076679178,37.59924076679178,46.7775,41.27,LOW
2830,ML-01037,ENGINEERING,Bridge,0.2724371468066759,27.24371468066759,62.321,41.27,LOW
2831,ML-01738,S&T,Axle Counter,0.3729885672102808,37.29885672102808,47.224000000000004,41.27,LOW
2832,ML-01747,TRD,Section Insulator,0.4008603414868512,40.086034148685115,43.0395,41.27,LOW
2833,ML-04134,S&T,Axle Counter,0.4210398392499848,42.10398392499848,39.9675,41.25,LOW
2834,ML-00516,ENGINEERING,Track,0.3362049247864767,33.62049247864767,52.700500000000005,41.25,LOW
2835,ML-01974,TRD,Transformer,0.30178075128921267,30.178075128921268,57.826,41.24,LOW
2836,ML-04158,TRD,Transformer,0.2955440972305047,29.55440972305047,58.7695,41.24,LOW
2837,ML-01089,ENGINEERING,Point & Crossing,0.5142117450548433,51.42117450548434,25.9525,41.23,LOW
2838,ML-04829,ENGINEERING,Bridge,0.334933986948112,33.4933986948112,52.825500000000005,41.23,LOW
2839,ML-02747,TRD,Transformer,0.41434717960064055,41.434717960064056,40.931666666666665,41.23,LOW
2840,ML-03618,TRD,Section Insulator,0.3683653957153064,36.83653957153064,47.784000000000006,41.22,LOW
2841,ML-02659,S&T,Point Machine,0.3402568955914388,34.02568955914388,51.982666666666674,41.21,LOW
2842,ML-02299,S&T,Signal,0.33284451171679097,33.284451171679095,53.095,41.21,LOW
2843,ML-00581,TRD,Section Insulator,0.3678126661911588,36.78126661911588,47.861,41.21,LOW
2844,ML-03074,TRD,Section Insulator,0.32679831536462745,32.67983153646274,54.001000000000005,41.21,LOW
2845,ML-04395,S&T,Point Machine,0.36035335929242157,36.03533592924216,48.941500000000005,41.2,LOW
2846,ML-03376,TRD,OHE,0.3957844185911252,39.578441859112516,43.637,41.2,LOW
2847,ML-03606,TRD,Transformer,0.2923085213858783,29.23085213858783,59.157000000000004,41.2,LOW
2848,ML-01283,S&T,Signal,0.3066566415935925,30.665664159359252,57.0095,41.2,LOW
2849,ML-01262,S&T,Point Machine,0.405202918654857,40.5202918654857,42.1935,41.19,LOW
2850,ML-03756,S&T,Signal,0.36541421795071516,36.541421795071514,48.156,41.19,LOW
2851,ML-00288,ENGINEERING,Point & Crossing,0.3996845751932419,39.96845751932419,42.9915,41.18,LOW
2852,ML-04435,TRD,Transformer,0.36198920649262895,36.198920649262895,48.6265,41.17,LOW
2853,ML-02117,ENGINEERING,Point & Crossing,0.3722594441924116,37.22594441924116,47.062000000000005,41.16,LOW
2854,ML-01146,TRD,Transformer,0.4099265252298828,40.99265252298828,41.41333333333334,41.16,LOW
2855,ML-00796,TRD,OHE,0.3381591134150524,33.81591134150524,52.17483333333334,41.16,LOW
2856,ML-03383,S&T,Signal,0.4225503416019884,42.25503416019884,39.527,41.16,LOW
2857,ML-03745,S&T,Point Machine,0.37858989488721617,37.85898948872162,46.085499999999996,41.15,LOW
2858,ML-04015,S&T,Axle Counter,0.38702456402314345,38.70245640231435,44.8315,41.15,LOW
2859,ML-03736,S&T,Point Machine,0.3372476243629163,33.72476243629163,52.2705,41.14,LOW
2860,ML-01661,ENGINEERING,Bridge,0.4196544501074624,41.96544501074624,39.9135,41.14,LOW
2861,ML-03955,TRD,Transformer,0.29117460908015813,29.117460908015815,59.16850000000001,41.14,LOW
2862,ML-01240,ENGINEERING,Bridge,0.4079756569782156,40.79756569782156,41.6575,41.14,LOW
2863,ML-01982,ENGINEERING,Bridge,0.34394957957925065,34.394957957925065,51.236999999999995,41.13,LOW
2864,ML-01670,S&T,Axle Counter,0.3507917288357728,35.07917288357728,50.2165,41.13,LOW
2865,ML-03424,S&T,Signal,0.41228112207034734,41.228112207034734,40.988,41.13,LOW
2866,ML-00844,TRD,OHE,0.4370184894834391,43.70184894834391,37.244,41.12,LOW
2867,ML-01699,TRD,Section Insulator,0.4345484644931406,43.45484644931406,37.581,41.11,LOW
2868,ML-01733,S&T,Axle Counter,0.299641672882861,29.9641672882861,57.789,41.09,LOW
2869,ML-02982,S&T,Signal,0.3530099414880858,35.30099414880858,49.755,41.08,LOW
2870,ML-03603,TRD,Transformer,0.42315522356488666,42.315522356488664,39.2335,41.08,LOW
2871,ML-02622,S&T,Signal,0.40558689634717643,40.558689634717645,41.839,41.07,LOW
2872,ML-01748,S&T,Axle Counter,0.3933182906717885,39.331829067178845,43.6445,41.06,LOW
2873,ML-04995,ENGINEERING,Bridge,0.40801208254576016,40.80120825457602,41.444,41.06,LOW
2874,ML-04189,S&T,Axle Counter,0.3859738206526002,38.59738206526002,44.719,41.05,LOW
2875,ML-03165,S&T,Axle Counter,0.4936940645688616,49.36940645688616,28.553,41.04,LOW
2876,ML-02011,S&T,Point Machine,0.3625976013782984,36.259760137829836,48.160500000000006,41.02,LOW
2877,ML-02406,TRD,Transformer,0.39142747893788266,39.14274789378827,43.825,41.02,LOW
2878,ML-02205,ENGINEERING,Track,0.29443201455344625,29.443201455344624,58.3765,41.02,LOW
2879,ML-02978,ENGINEERING,Point & Crossing,0.3406087161610642,34.06087161610642,51.381499999999996,40.99,LOW
2880,ML-00450,TRD,OHE,0.3092740357590193,30.92740357590193,56.05800000000001,40.98,LOW
2881,ML-03380,ENGINEERING,Bridge,0.33562530524213124,33.56253052421312,52.114000000000004,40.98,LOW
2882,ML-00076,ENGINEERING,Bridge,0.3645323502644985,36.453235026449846,47.739,40.97,LOW
2883,ML-03437,TRD,Section Insulator,0.2870075535273956,28.70075535273956,59.352000000000004,40.96,LOW
2884,ML-04033,S&T,Signal,0.4127070222325854,41.27070222325854,40.48983333333334,40.96,LOW
2885,ML-00305,TRD,OHE,0.3469379198108877,34.693791981088765,50.3665,40.96,LOW
2886,ML-01794,ENGINEERING,Point & Crossing,0.3958378681056225,39.58378681056225,42.997,40.95,LOW
2887,ML-02601,S&T,Signal,0.36056790939967187,36.056790939967186,48.292500000000004,40.95,LOW
2888,ML-03323,ENGINEERING,Bridge,0.34840539572316453,34.84053957231645,50.0835,40.94,LOW
2889,ML-04841,TRD,OHE,0.4591217184848637,45.91217184848637,33.462,40.93,LOW
2890,ML-04102,ENGINEERING,Point & Crossing,0.2905648573569744,29.05648573569744,58.727500000000006,40.92,LOW
2891,ML-02631,ENGINEERING,Point & Crossing,0.35758691391576664,35.75869139157666,48.647,40.91,LOW
2892,ML-02949,S&T,Signal,0.36277937220832135,36.277937220832136,47.837,40.9,LOW
2893,ML-00425,S&T,Signal,0.2998096487069488,29.980964870694883,57.2875,40.9,LOW
2894,ML-02841,S&T,Signal,0.46321618940525866,46.321618940525866,32.7585,40.9,LOW
2895,ML-02296,TRD,Transformer,0.388517044980887,38.8517044980887,43.9395,40.89,LOW
2896,ML-01586,S&T,Axle Counter,0.40912669909315397,40.9126699093154,40.858000000000004,40.89,LOW
2897,ML-01537,ENGINEERING,Bridge,0.37488005261611074,37.48800526161107,45.945,40.87,LOW
2898,ML-03625,ENGINEERING,Track,0.3266200611950609,32.66200611950609,53.184000000000005,40.87,LOW
2899,ML-00784,ENGINEERING,Track,0.34460681916846775,34.460681916846774,50.4805,40.87,LOW
2900,ML-04736,ENGINEERING,Bridge,0.43204102242095155,43.20410224209515,37.349999999999994,40.86,LOW
2901,ML-04653,ENGINEERING,Track,0.4313887634035554,43.138876340355544,37.408500000000004,40.85,LOW
2902,ML-03833,S&T,Point Machine,0.3600125709135352,36.00125709135352,48.12650000000001,40.85,LOW
2903,ML-01638,S&T,Point Machine,0.35041795752530186,35.041795752530184,49.55500000000001,40.85,LOW
2904,ML-00461,TRD,Section Insulator,0.3947857468370788,39.478574683707876,42.8715,40.84,LOW
2905,ML-00557,TRD,Section Insulator,0.36356734013682596,36.3567340136826,47.566,40.84,LOW
2906,ML-00065,TRD,Transformer,0.28496447676742237,28.496447676742235,59.349,40.84,LOW
2907,ML-02043,TRD,Section Insulator,0.31079005607102056,31.079005607102054,55.4745,40.84,LOW
2908,ML-01712,TRD,OHE,0.332952345671794,33.2952345671794,52.168,40.84,LOW
2909,ML-02374,TRD,Transformer,0.3743191621018489,37.43191621018489,45.937,40.83,LOW
2910,ML-04867,TRD,Section Insulator,0.31271693968158354,31.271693968158353,55.131,40.82,LOW
2911,ML-00779,ENGINEERING,Bridge,0.34304799232781447,34.30479923278145,50.5635,40.81,LOW
2912,ML-01795,ENGINEERING,Point & Crossing,0.3695980826990374,36.95980826990374,46.5835,40.81,LOW
2913,ML-02673,S&T,Axle Counter,0.3772905362035224,37.72905362035224,45.4385,40.81,LOW
2914,ML-01600,ENGINEERING,Track,0.3400378306045615,34.00378306045615,51.020500000000006,40.81,LOW
2915,ML-01753,ENGINEERING,Bridge,0.3093587248329858,30.93587248329858,55.6325,40.81,LOW
2916,ML-03309,TRD,Section Insulator,0.47324828120893786,47.324828120893784,31.0135,40.8,LOW
2917,ML-01977,S&T,Point Machine,0.42737692234320707,42.737692234320704,37.894000000000005,40.8,LOW
2918,ML-01782,S&T,Axle Counter,0.2886137180341916,28.86137180341916,58.69500000000001,40.79,LOW
2919,ML-03253,TRD,OHE,0.316650111829923,31.6650111829923,54.4635,40.78,LOW
2920,ML-03906,TRD,Section Insulator,0.4330006302168526,43.30006302168526,37.0095,40.78,LOW
2921,ML-03799,ENGINEERING,Bridge,0.3466737928884629,34.66737928884629,49.9035,40.76,LOW
2922,ML-02093,ENGINEERING,Bridge,0.3033868503096161,30.33868503096161,56.393,40.76,LOW
2923,ML-01166,ENGINEERING,Point & Crossing,0.3762824999363827,37.62824999363827,45.448,40.76,LOW
2924,ML-03483,ENGINEERING,Point & Crossing,0.3099366899224917,30.99366899224917,55.377500000000005,40.75,LOW
2925,ML-03689,ENGINEERING,Point & Crossing,0.3263451703531481,32.63451703531481,52.888,40.74,LOW
2926,ML-04323,S&T,Signal,0.3659294685847343,36.59294685847343,46.962500000000006,40.74,LOW
2927,ML-01151,TRD,Transformer,0.29744578702304586,29.744578702304587,57.147000000000006,40.71,LOW
2928,ML-02669,S&T,Axle Counter,0.30257345490841936,30.257345490841935,56.383500000000005,40.71,LOW
2929,ML-02108,ENGINEERING,Point & Crossing,0.36174512867330366,36.174512867330364,47.4955,40.7,LOW
2930,ML-02395,TRD,Section Insulator,0.3749679687987186,37.49679687987186,45.51,40.7,LOW
2931,ML-01798,ENGINEERING,Bridge,0.3520929479084846,35.20929479084846,48.939,40.7,LOW
2932,ML-01698,S&T,Signal,0.36355077374787476,36.35507737478748,47.1695,40.68,LOW
2933,ML-04106,ENGINEERING,Track,0.4223884118156613,42.23884118156613,38.334999999999994,40.68,LOW
2934,ML-01458,S&T,Point Machine,0.4872719364844502,48.727193648445024,28.593500000000002,40.67,LOW
2935,ML-01027,ENGINEERING,Track,0.4144318095936651,41.44318095936651,39.4845,40.66,LOW
2936,ML-04577,S&T,Point Machine,0.3946734933369634,39.46734933369634,42.445,40.66,LOW
2937,ML-03710,S&T,Axle Counter,0.295989094292713,29.5989094292713,57.202000000000005,40.64,LOW
2938,ML-03950,S&T,Axle Counter,0.3753988106499894,37.539881064998944,45.262,40.63,LOW
2939,ML-04217,TRD,OHE,0.4247609641986816,42.476096419868156,37.8605,40.63,LOW
2940,ML-02704,TRD,OHE,0.33105332166416035,33.105332166416034,51.9205,40.63,LOW
2941,ML-01836,ENGINEERING,Track,0.35302234248945136,35.30223424894513,48.618500000000004,40.63,LOW
2942,ML-03725,ENGINEERING,Bridge,0.3660696316822407,36.60696316822407,46.632000000000005,40.62,LOW
2943,ML-03149,ENGINEERING,Point & Crossing,0.38768160146889885,38.76816014688988,43.3765,40.61,LOW
2944,ML-00333,S&T,Signal,0.31918262912859846,31.918262912859845,53.644,40.61,LOW
2945,ML-04123,ENGINEERING,Track,0.34257731752964465,34.25773175296447,50.14783333333334,40.61,LOW
2946,ML-01915,TRD,Transformer,0.43758761224088844,43.75876122408884,35.878,40.61,LOW
2947,ML-01327,ENGINEERING,Point & Crossing,0.3641069560507685,36.410695605076846,46.883,40.6,LOW
2948,ML-03858,S&T,Signal,0.33442282952223357,33.44228295222336,51.341,40.6,LOW
2949,ML-02628,ENGINEERING,Bridge,0.32040065418634905,32.0400654186349,53.405499999999996,40.59,LOW
2950,ML-03549,TRD,Section Insulator,0.34002861259740663,34.00286125974066,50.462999999999994,40.59,LOW
2951,ML-02520,TRD,Section Insulator,0.3331129797363761,33.31129797363761,51.4995,40.59,LOW
2952,ML-02379,S&T,Signal,0.5138503985260773,51.385039852607726,24.366,40.58,LOW
2953,ML-01481,S&T,Axle Counter,0.4433274091196053,44.33274091196053,34.924,40.57,LOW
2954,ML-02528,ENGINEERING,Track,0.35274704076095204,35.274704076095205,48.492000000000004,40.56,LOW
2955,ML-00226,S&T,Point Machine,0.36212550166831975,36.212550166831974,47.059,40.55,LOW
2956,ML-02459,TRD,OHE,0.34908599982388383,34.90859998238838,48.977000000000004,40.54,LOW
2957,ML-04187,ENGINEERING,Point & Crossing,0.4243681180854417,42.43681180854417,37.693,40.54,LOW
2958,ML-02778,ENGINEERING,Point & Crossing,0.3473809338973355,34.73809338973355,49.2295,40.53,LOW
2959,ML-00695,ENGINEERING,Bridge,0.4022764457626369,40.227644576263685,40.986000000000004,40.53,LOW
2960,ML-04804,S&T,Signal,0.26841301206082063,26.841301206082065,61.028,40.52,LOW
2961,ML-02734,ENGINEERING,Point & Crossing,0.3506250786168769,35.06250786168769,48.7025,40.52,LOW
2962,ML-02985,S&T,Signal,0.35740011060414056,35.740011060414055,47.67250000000001,40.51,LOW
2963,ML-00459,TRD,Section Insulator,0.5410012678907308,54.10012678907308,20.122,40.51,LOW
2964,ML-01431,ENGINEERING,Point & Crossing,0.31550622590202443,31.550622590202444,53.919,40.5,LOW
2965,ML-02155,ENGINEERING,Point & Crossing,0.27798728996681965,27.798728996681966,59.5625,40.5,LOW
2966,ML-04885,ENGINEERING,Track,0.37295473600035345,37.29547360003534,45.295,40.5,LOW
2967,ML-04557,ENGINEERING,Track,0.38908643043190994,38.90864304319099,42.858000000000004,40.49,LOW
2968,ML-03182,ENGINEERING,Bridge,0.3168639200507859,31.686392005078588,53.7055,40.49,LOW
2969,ML-04983,TRD,OHE,0.29510437011993274,29.510437011993275,56.899499999999996,40.47,LOW
2970,ML-02304,TRD,Section Insulator,0.39642052029932473,39.64205202993247,41.702,40.47,LOW
2971,ML-01814,ENGINEERING,Track,0.4122797977012347,41.22797977012347,39.305,40.46,LOW
2972,ML-01988,TRD,Transformer,0.382326660683403,38.2326660683403,43.794000000000004,40.46,LOW
2973,ML-00612,S&T,Axle Counter,0.3632396390363625,36.323963903636255,46.66016666666667,40.46,LOW
2974,ML-03908,ENGINEERING,Point & Crossing,0.37102193285098617,37.102193285098615,45.499,40.46,LOW
2975,ML-02808,TRD,Transformer,0.2923445642293723,29.234456422937228,57.267500000000005,40.45,LOW
2976,ML-00466,S&T,Point Machine,0.3797094353843059,37.97094353843059,44.154,40.44,LOW
2977,ML-00225,ENGINEERING,Point & Crossing,0.337882487745142,33.7882487745142,50.416000000000004,40.44,LOW
2978,ML-02348,ENGINEERING,Point & Crossing,0.3960240863376025,39.60240863376025,41.692499999999995,40.44,LOW
2979,ML-02362,S&T,Signal,0.3334472347893971,33.344723478939706,51.0555,40.43,LOW
2980,ML-04837,ENGINEERING,Bridge,0.3606990341713099,36.06990341713099,46.957,40.42,LOW
2981,ML-04036,S&T,Signal,0.35121708200971097,35.1217082009711,48.327999999999996,40.4,LOW
2982,ML-04914,TRD,Transformer,0.4091342284163567,40.91342284163567,39.61783333333334,40.4,LOW
2983,ML-01746,TRD,Section Insulator,0.39149778493264437,39.149778493264435,42.285,40.4,LOW
2984,ML-00592,S&T,Axle Counter,0.33617120496356456,33.617120496356456,50.5575,40.39,LOW
2985,ML-04938,S&T,Axle Counter,0.3956290577071766,39.56290577071766,41.61,40.38,LOW
2986,ML-02198,ENGINEERING,Bridge,0.4265366758803008,42.65366758803008,36.946,40.37,LOW
2987,ML-02256,ENGINEERING,Track,0.3242211042897127,32.422110428971266,52.295500000000004,40.37,LOW
2988,ML-03875,S&T,Axle Counter,0.46410833390223283,46.41083339022328,31.3005,40.37,LOW
2989,ML-01365,ENGINEERING,Track,0.33545925682674926,33.54592568267493,50.5855,40.36,LOW
2990,ML-02967,ENGINEERING,Track,0.5258832950312292,52.58832950312292,21.919333333333334,40.32,LOW
2991,ML-01079,S&T,Axle Counter,0.3789012018449315,37.89012018449315,43.963,40.32,LOW
2992,ML-00357,S&T,Axle Counter,0.23466696016994645,23.466696016994646,65.5975,40.32,LOW
2993,ML-03784,ENGINEERING,Track,0.4024955544042605,40.24955544042605,40.3985,40.31,LOW
2994,ML-04562,TRD,Transformer,0.39511347084126464,39.51134708412646,41.513999999999996,40.31,LOW
2995,ML-04259,ENGINEERING,Bridge,0.2780487728976297,27.80487728976297,59.065,40.31,LOW
2996,ML-01000,ENGINEERING,Bridge,0.30257097855751963,30.25709785575196,55.37650000000001,40.3,LOW
2997,ML-01002,S&T,Point Machine,0.34554694781020856,34.55469478102086,48.897000000000006,40.29,LOW
2998,ML-03848,ENGINEERING,Track,0.39041822646258817,39.041822646258815,42.150999999999996,40.29,LOW
2999,ML-04019,TRD,Section Insulator,0.30486511764675944,30.486511764675946,54.966499999999996,40.28,LOW
3000,ML-03108,TRD,Section Insulator,0.4192031167899619,41.92031167899619,37.807500000000005,40.28,LOW
3001,ML-00988,S&T,Signal,0.25303860857524,25.303860857524,62.708,40.27,LOW
3002,ML-01242,S&T,Axle Counter,0.2736083482275518,27.36083482275518,59.624,40.27,LOW
3003,ML-02134,TRD,OHE,0.3371871743970419,33.718717439704186,50.08716666666666,40.27,LOW
3004,ML-03684,ENGINEERING,Point & Crossing,0.3259526063776819,32.59526063776819,51.7455,40.26,LOW
3005,ML-01979,ENGINEERING,Point & Crossing,0.43610388842154146,43.610388842154144,35.2355,40.26,LOW
3006,ML-04303,TRD,Transformer,0.3220577448760402,32.205774487604025,52.3255,40.25,LOW
3007,ML-02280,S&T,Axle Counter,0.27005568266052665,27.005568266052666,60.086999999999996,40.24,LOW
3008,ML-01110,S&T,Signal,0.3597307072344938,35.97307072344938,46.6415,40.24,LOW
3009,ML-04003,TRD,OHE,0.354290422529828,35.4290422529828,47.423500000000004,40.23,LOW
3010,ML-01385,TRD,Transformer,0.4021987035184289,40.21987035184289,40.242999999999995,40.23,LOW
3011,ML-00424,TRD,Section Insulator,0.3844293110891326,38.44293110891326,42.831500000000005,40.2,LOW
3012,ML-02952,S&T,Signal,0.3908716141351149,39.08716141351149,41.8635,40.2,LOW
3013,ML-03428,ENGINEERING,Bridge,0.39585205033678705,39.585205033678704,41.0935,40.19,LOW
3014,ML-02382,S&T,Point Machine,0.37373875338210005,37.373875338210006,44.4165,40.19,LOW
3015,ML-04388,TRD,OHE,0.26954506097573844,26.954506097573844,60.037,40.19,LOW
3016,ML-03782,ENGINEERING,Point & Crossing,0.5022546611585949,50.22546611585948,25.115000000000002,40.18,LOW
3017,ML-02238,ENGINEERING,Bridge,0.3253176547903025,32.53176547903025,51.635,40.17,LOW
3018,ML-01527,TRD,Section Insulator,0.3065935597345011,30.659355973450108,54.4475,40.17,LOW
3019,ML-02532,S&T,Point Machine,0.282608725417536,28.2608725417536,57.9745,40.15,LOW
3020,ML-00392,ENGINEERING,Track,0.3364333516329907,33.64333516329907,49.909000000000006,40.15,LOW
3021,ML-03605,ENGINEERING,Track,0.30705815934834724,30.705815934834725,54.2915,40.14,LOW
3022,ML-00240,TRD,Section Insulator,0.352759995213051,35.2759995213051,47.402,40.13,LOW
3023,ML-00520,TRD,OHE,0.36473568606214535,36.473568606214535,45.607,40.13,LOW
3024,ML-04034,ENGINEERING,Track,0.34411059540242983,34.41105954024298,48.67399999999999,40.12,LOW
3025,ML-02084,TRD,Section Insulator,0.3429258765734847,34.29258765734847,48.855999999999995,40.12,LOW
3026,ML-01421,TRD,Transformer,0.3101003107851631,31.01003107851631,53.7445,40.1,LOW
3027,ML-00390,ENGINEERING,Bridge,0.35041451732048706,35.041451732048706,47.6865,40.1,LOW
3028,ML-02341,ENGINEERING,Track,0.3593429092181984,35.93429092181984,46.317499999999995,40.09,LOW
3029,ML-00494,ENGINEERING,Point & Crossing,0.2467661829662191,24.67661829662191,63.20016666666666,40.09,LOW
3030,ML-03900,TRD,Transformer,0.3903109877416604,39.03109877416604,41.671499999999995,40.09,LOW
3031,ML-02213,S&T,Axle Counter,0.35532726844075085,35.532726844075086,46.89,40.08,LOW
3032,ML-02846,ENGINEERING,Bridge,0.288330452542876,28.833045254287597,56.937,40.07,LOW
3033,ML-00404,TRD,Transformer,0.365774347848886,36.5774347848886,45.309,40.07,LOW
3034,ML-03419,ENGINEERING,Bridge,0.34099036768972346,34.09903676897235,49.037,40.07,LOW
3035,ML-04537,TRD,Section Insulator,0.35084628258126904,35.084628258126905,47.535,40.06,LOW
3036,ML-02885,ENGINEERING,Point & Crossing,0.38715301918620154,38.715301918620156,42.0895,40.06,LOW
3037,ML-01848,ENGINEERING,Bridge,0.38100881656428937,38.10088165642894,42.999,40.06,LOW
3038,ML-03287,TRD,Section Insulator,0.29960342585917127,29.960342585917125,55.171499999999995,40.04,LOW
3039,ML-03248,ENGINEERING,Bridge,0.3696746722904307,36.96746722904307,44.64,40.04,LOW
3040,ML-00345,TRD,Transformer,0.3672267651195809,36.72267651195809,44.9805,40.03,LOW
3041,ML-03866,ENGINEERING,Track,0.3918072290143158,39.18072290143158,41.296,40.03,LOW
3042,ML-00956,S&T,Signal,0.3669214922937762,36.69214922937762,45.021,40.02,LOW
3043,ML-03098,TRD,Transformer,0.3912885901833426,39.12885901833426,41.356,40.02,LOW
3044,ML-00214,S&T,Point Machine,0.29211679443921434,29.211679443921433,56.230999999999995,40.02,LOW
3045,ML-02030,ENGINEERING,Point & Crossing,0.37983937194753864,37.983937194753864,43.049,40.01,LOW
3046,ML-04332,TRD,OHE,0.3398698035358585,33.98698035358585,49.037499999999994,40.01,LOW
3047,ML-01476,ENGINEERING,Point & Crossing,0.3798731025129769,37.98731025129769,43.044000000000004,40.01,LOW
3048,ML-02542,TRD,Section Insulator,0.3210608689227788,32.10608689227788,51.830999999999996,40.0,LOW
3049,ML-03089,ENGINEERING,Point & Crossing,0.3450879881586787,34.50879881586787,48.2225,39.99,LOW
3050,ML-01669,S&T,Axle Counter,0.36110626849522304,36.110626849522305,45.813,39.99,LOW
3051,ML-04081,ENGINEERING,Bridge,0.39467096856027745,39.467096856027744,40.7455,39.98,LOW
3052,ML-04579,TRD,Transformer,0.28962780112365305,28.962780112365305,56.453,39.96,LOW
3053,ML-01955,TRD,OHE,0.23204920610713362,23.204920610713362,65.074,39.95,LOW
3054,ML-01191,TRD,OHE,0.3746122566691421,37.46122566691421,43.658500000000004,39.94,LOW
3055,ML-03041,ENGINEERING,Point & Crossing,0.3401302888663384,34.01302888663384,48.82,39.94,LOW
3056,ML-01505,ENGINEERING,Bridge,0.28183478408826185,28.183478408826186,57.5545,39.93,LOW
3057,ML-04517,ENGINEERING,Track,0.39765871872215103,39.7658718722151,40.1505,39.92,LOW
3058,ML-01650,S&T,Axle Counter,0.36612260770531274,36.61226077053127,44.878,39.92,LOW
3059,ML-04432,S&T,Point Machine,0.21740458274494043,21.740458274494042,67.2015,39.92,LOW
3060,ML-00027,ENGINEERING,Point & Crossing,0.325210340863034,32.5210340863034,50.9875,39.91,LOW
3061,ML-00160,S&T,Signal,0.4283148015501264,42.83148015501264,35.519,39.91,LOW
3062,ML-01538,ENGINEERING,Track,0.32974323272256484,32.974323272256484,50.326,39.91,LOW
3063,ML-03759,TRD,Transformer,0.40977254168415833,40.97725416841583,38.269,39.89,LOW
3064,ML-00215,TRD,OHE,0.3586880547191591,35.86880547191591,45.92516666666666,39.89,LOW
3065,ML-04130,ENGINEERING,Bridge,0.3590194372874644,35.90194372874644,45.85,39.88,LOW
3066,ML-04491,TRD,Transformer,0.31567049853103196,31.567049853103196,52.341499999999996,39.88,LOW
3067,ML-00712,ENGINEERING,Point & Crossing,0.33282053654220933,33.28205365422093,49.74400000000001,39.87,LOW
3068,ML-01876,S&T,Point Machine,0.3688702809430972,36.88702809430972,44.347,39.87,LOW
3069,ML-03529,TRD,Transformer,0.38768824840533284,38.768824840533284,41.491,39.86,LOW
3070,ML-00150,TRD,Section Insulator,0.32310330281886196,32.310330281886195,51.15350000000001,39.85,LOW
3071,ML-01194,S&T,Signal,0.3949266800525123,39.49266800525123,40.3695,39.84,LOW
3072,ML-01767,S&T,Signal,0.29690022164036267,29.690022164036268,55.041000000000004,39.83,LOW
3073,ML-01438,ENGINEERING,Track,0.26584306669228097,26.5843066692281,59.708,39.83,LOW
3074,ML-00627,S&T,Axle Counter,0.3042908380542102,30.42908380542102,53.931000000000004,39.83,LOW
3075,ML-00278,S&T,Axle Counter,0.3449037672156767,34.49037672156767,47.7905,39.81,LOW
3076,ML-00982,ENGINEERING,Bridge,0.29191166058218987,29.191166058218986,55.724000000000004,39.8,LOW
3077,ML-00090,ENGINEERING,Point & Crossing,0.3601309037059311,36.01309037059311,45.4735,39.8,LOW
3078,ML-02665,ENGINEERING,Bridge,0.31993511343815206,31.993511343815207,51.504000000000005,39.8,LOW
3079,ML-04819,TRD,Section Insulator,0.38777427517868973,38.77742751786897,41.319,39.79,LOW
3080,ML-04896,S&T,Signal,0.5363185086836308,53.63185086836309,19.023,39.79,LOW
3081,ML-01127,S&T,Point Machine,0.38422402204214073,38.42240220421407,41.829,39.79,LOW
3082,ML-01966,ENGINEERING,Point & Crossing,0.3140527606874681,31.40527606874681,52.348000000000006,39.78,LOW
3083,ML-01401,TRD,OHE,0.41199738672041414,41.19973867204141,37.6465,39.78,LOW
3084,ML-01291,S&T,Axle Counter,0.28173746639584213,28.173746639584213,57.1555,39.77,LOW
3085,ML-01071,ENGINEERING,Point & Crossing,0.32645216523092857,32.645216523092856,50.452,39.77,LOW
3086,ML-00408,ENGINEERING,Bridge,0.3546247258075811,35.46247258075811,46.2235,39.77,LOW
3087,ML-03982,ENGINEERING,Track,0.16794553736623294,16.794553736623293,74.2175,39.76,LOW
3088,ML-02160,TRD,OHE,0.34434476324506624,34.434476324506626,47.739000000000004,39.76,LOW
3089,ML-03547,ENGINEERING,Point & Crossing,0.339597338448974,33.9597338448974,48.400499999999994,39.74,LOW
3090,ML-04514,ENGINEERING,Track,0.33091416144205477,33.091416144205475,49.658500000000004,39.72,LOW
3091,ML-03004,TRD,Transformer,0.4095596932457874,40.95596932457874,37.83,39.71,LOW
3092,ML-04821,TRD,Section Insulator,0.23911709490218908,23.911709490218907,63.378,39.7,LOW
3093,ML-04768,ENGINEERING,Point & Crossing,0.3149563562571451,31.495635625714506,51.99550000000001,39.7,LOW
3094,ML-03480,ENGINEERING,Bridge,0.3997039128696007,39.97039128696007,39.2675,39.69,LOW
3095,ML-01524,TRD,Section Insulator,0.29408143939439446,29.408143939439448,55.12,39.69,LOW
3096,ML-02365,TRD,Section Insulator,0.3771736331188076,37.71736331188076,42.6225,39.68,LOW
3097,ML-01897,TRD,Transformer,0.34707254116413194,34.707254116413196,47.1405,39.68,LOW
3098,ML-00808,TRD,Transformer,0.4909241651627254,49.09241651627254,25.554000000000002,39.68,LOW
3099,ML-01671,TRD,Transformer,0.2956192083813208,29.561920838132078,54.8275,39.67,LOW
3100,ML-00369,TRD,Section Insulator,0.386186118519678,38.6186118519678,41.225500000000004,39.66,LOW
3101,ML-04807,ENGINEERING,Bridge,0.42611850885085006,42.611850885085005,35.204499999999996,39.65,LOW
3102,ML-01633,S&T,Signal,0.30779020036668336,30.779020036668335,52.923500000000004,39.64,LOW
3103,ML-00026,ENGINEERING,Bridge,0.420409088853691,42.0409088853691,35.986000000000004,39.62,LOW
3104,ML-02482,S&T,Signal,0.3833062533125275,38.33062533125275,41.5345,39.61,LOW
3105,ML-04679,S&T,Point Machine,0.34732087399605893,34.732087399605895,46.90683333333333,39.6,LOW
3106,ML-02346,ENGINEERING,Track,0.32807325795445885,32.807325795445884,49.7885,39.6,LOW
3107,ML-02018,ENGINEERING,Track,0.40955789572097534,40.95578957209754,37.5355,39.59,LOW
3108,ML-04182,S&T,Point Machine,0.4849362868119544,48.49362868119544,26.181,39.57,LOW
3109,ML-01338,TRD,Transformer,0.3276125073493935,32.76125073493935,49.765,39.56,LOW
3110,ML-01763,TRD,Section Insulator,0.34341436889857,34.341436889857,47.4,39.56,LOW
3111,ML-00294,S&T,Signal,0.3018160761185458,30.181607611854577,53.6395,39.56,LOW
3112,ML-03245,ENGINEERING,Bridge,0.3457144670206976,34.57144670206976,47.028000000000006,39.55,LOW
3113,ML-01509,ENGINEERING,Bridge,0.34557354220738645,34.557354220738645,47.0045,39.54,LOW
3114,ML-02286,ENGINEERING,Bridge,0.39182842544622426,39.182842544622424,40.076499999999996,39.54,LOW
3115,ML-01677,TRD,OHE,0.3017521349836571,30.17521349836571,53.596000000000004,39.54,LOW
3116,ML-00157,ENGINEERING,Track,0.2510945957030526,25.10945957030526,61.1715,39.53,LOW
3117,ML-02732,TRD,Section Insulator,0.3296388709626052,32.96388709626052,49.36,39.52,LOW
3118,ML-02776,S&T,Axle Counter,0.39499576203142567,39.49957620314257,39.5475,39.52,LOW
3119,ML-04595,ENGINEERING,Track,0.267900790503875,26.7900790503875,58.6015,39.51,LOW
3120,ML-01294,ENGINEERING,Track,0.2713068386604311,27.13068386604311,58.053,39.5,LOW
3121,ML-04832,S&T,Axle Counter,0.312702099082556,31.270209908255598,51.852000000000004,39.5,LOW
3122,ML-01700,S&T,Point Machine,0.28940453629035096,28.940453629035094,55.3315,39.5,LOW
3123,ML-04409,S&T,Signal,0.2710590918156276,27.105909181562758,58.083,39.5,LOW
3124,ML-02060,TRD,Transformer,0.34445193322815504,34.445193322815506,47.0565,39.49,LOW
3125,ML-04501,TRD,Transformer,0.40525535685347075,40.52553568534707,37.9345,39.49,LOW
3126,ML-01660,S&T,Axle Counter,0.37504864209141836,37.504864209141836,42.4635,39.49,LOW
3127,ML-04770,S&T,Signal,0.2944987422601661,29.449874226016608,54.5135,39.48,LOW
3128,ML-01577,ENGINEERING,Track,0.3889071853048498,38.89071853048498,40.3425,39.47,LOW
3129,ML-02876,ENGINEERING,Bridge,0.4096155588034315,40.96155588034315,37.2435,39.47,LOW
3130,ML-04234,S&T,Point Machine,0.3054847840148311,30.54847840148311,52.8555,39.47,LOW
3131,ML-02914,ENGINEERING,Bridge,0.3635380474387826,36.35380474387826,44.1115,39.46,LOW
3132,ML-02916,S&T,Signal,0.31826622883276484,31.826622883276485,50.8845,39.45,LOW
3133,ML-01545,S&T,Signal,0.3947937166327932,39.47937166327932,39.3825,39.44,LOW
3134,ML-03720,TRD,OHE,0.3230055391237028,32.300553912370276,50.1595,39.44,LOW
3135,ML-01859,ENGINEERING,Bridge,0.39473502132305893,39.473502132305896,39.35683333333334,39.43,LOW
3136,ML-02337,S&T,Point Machine,0.35823715710527787,35.823715710527786,44.8455,39.43,LOW
3137,ML-04468,TRD,Transformer,0.29366247912490506,29.366247912490508,54.4945,39.42,LOW
3138,ML-03686,S&T,Axle Counter,0.35044173114514643,35.04417311451464,45.9735,39.42,LOW
3139,ML-00442,S&T,Point Machine,0.4536805914166911,45.36805914166911,30.470000000000002,39.41,LOW
3140,ML-03453,TRD,Section Insulator,0.32463387934049776,32.46338793404978,49.8025,39.4,LOW
3141,ML-04041,ENGINEERING,Track,0.36448817392308547,36.44881739230855,43.791,39.39,LOW
3142,ML-03583,S&T,Point Machine,0.327455495421952,32.7455495421952,49.321,39.38,LOW
3143,ML-04836,ENGINEERING,Bridge,0.3224225157204766,32.24225157204766,50.082499999999996,39.38,LOW
3144,ML-03057,S&T,Axle Counter,0.3217644642801742,32.17644642801742,50.131,39.36,LOW
3145,ML-02186,S&T,Point Machine,0.324396118297995,32.439611829799496,49.708,39.35,LOW
3146,ML-01744,ENGINEERING,Bridge,0.3273308092463364,32.73308092463364,49.241,39.34,LOW
3147,ML-04991,S&T,Signal,0.3799841817918756,37.99841817918756,41.307,39.32,LOW
3148,ML-03939,S&T,Axle Counter,0.31135449555622446,31.135449555622447,51.5675,39.31,LOW
3149,ML-02757,S&T,Point Machine,0.27501640148495043,27.501640148495042,56.987,39.3,LOW
3150,ML-03703,S&T,Axle Counter,0.354998095785526,35.4998095785526,44.9995,39.3,LOW
3151,ML-00556,S&T,Point Machine,0.348236839525783,34.8236839525783,45.9785,39.29,LOW
3152,ML-03749,ENGINEERING,Track,0.2928776155846877,29.287761558468773,54.294000000000004,39.29,LOW
3153,ML-00310,ENGINEERING,Bridge,0.39179072712995155,39.17907271299516,39.437,39.28,LOW
3154,ML-04010,ENGINEERING,Track,0.34148920708477254,34.148920708477256,46.9595,39.27,LOW
3155,ML-00563,S&T,Point Machine,0.30681013868463336,30.681013868463335,52.126,39.26,LOW
3156,ML-03944,S&T,Axle Counter,0.28431088344982713,28.43108834498271,55.5005,39.26,LOW
3157,ML-01605,S&T,Signal,0.3691051419207509,36.91051419207509,42.783500000000004,39.26,LOW
3158,ML-02077,TRD,Transformer,0.3487359766331188,34.87359766331188,45.822500000000005,39.25,LOW
3159,ML-01382,TRD,Section Insulator,0.3321520873411724,33.21520873411724,48.2795,39.24,LOW
3160,ML-00914,ENGINEERING,Track,0.28532860130203697,28.532860130203698,55.310500000000005,39.24,LOW
3161,ML-03262,TRD,Section Insulator,0.3401662057781794,34.01662057781794,47.084,39.24,LOW
3162,ML-02481,S&T,Axle Counter,0.39231651592111905,39.2316515921119,39.1985,39.22,LOW
3163,ML-00629,S&T,Signal,0.36024431055801154,36.02443105580115,44.023,39.22,LOW
3164,ML-02144,ENGINEERING,Bridge,0.4794059582579034,47.94059582579034,26.1305,39.22,LOW
3165,ML-01717,S&T,Axle Counter,0.342014608339043,34.2014608339043,46.7405,39.22,LOW
3166,ML-02303,TRD,Section Insulator,0.30938437042440525,30.938437042440526,51.599000000000004,39.2,LOW
3167,ML-01662,TRD,OHE,0.39889612689237786,39.88961268923779,38.163,39.2,LOW
3168,ML-03764,TRD,Transformer,0.3368219985322567,33.68219985322567,47.458,39.19,LOW
3169,ML-02630,ENGINEERING,Bridge,0.3605558686136439,36.05558686136439,43.8775,39.18,LOW
3170,ML-03110,ENGINEERING,Track,0.3770872450304969,37.70872450304969,41.358,39.17,LOW
3171,ML-00044,ENGINEERING,Bridge,0.4234953917577954,42.34953917577954,34.3835,39.16,LOW
3172,ML-00199,S&T,Point Machine,0.391141886863424,39.1141886863424,39.1935,39.15,LOW
3173,ML-01199,S&T,Signal,0.33229672422200607,33.22967242220061,48.042500000000004,39.15,LOW
3174,ML-02756,ENGINEERING,Bridge,0.3337636444796697,33.37636444796697,47.807500000000005,39.15,LOW
3175,ML-01980,TRD,Transformer,0.3523098439912689,35.23098439912689,44.9945,39.14,LOW
3176,ML-04099,TRD,Section Insulator,0.33261808472840243,33.261808472840244,47.95016666666667,39.14,LOW
3177,ML-00841,S&T,Axle Counter,0.32959357723956645,32.95935772395664,48.406000000000006,39.14,LOW
3178,ML-02236,TRD,OHE,0.376332363266566,37.6332363266566,41.363,39.13,LOW
3179,ML-02463,ENGINEERING,Bridge,0.4045923568443995,40.459235684439946,37.1425,39.13,LOW
3180,ML-00723,TRD,Transformer,0.3309090341876563,33.090903418765635,48.1535,39.12,LOW
3181,ML-03646,TRD,Transformer,0.32072794647859854,32.07279464785985,49.6845,39.12,LOW
3182,ML-04940,TRD,OHE,0.3418921208764109,34.18921208764109,46.512,39.12,LOW
3183,ML-03942,S&T,Signal,0.34689827953322305,34.68982795332231,45.7455,39.11,LOW
3184,ML-00780,TRD,OHE,0.32480143325091043,32.48014332509104,49.022999999999996,39.1,LOW
3185,ML-04345,S&T,Point Machine,0.3472889930873622,34.728899308736224,45.64,39.09,LOW
3186,ML-01322,TRD,OHE,0.39663974168718275,39.663974168718276,38.195,39.08,LOW
3187,ML-01106,TRD,OHE,0.2743382843495408,27.433828434954076,56.551500000000004,39.08,LOW
3188,ML-01840,ENGINEERING,Point & Crossing,0.37384821038039634,37.38482103803963,41.5985,39.07,LOW
3189,ML-04566,S&T,Axle Counter,0.32208853041014895,32.2088530410149,49.3725,39.07,LOW
3190,ML-00801,S&T,Axle Counter,0.38452179926911856,38.45217992691185,39.986000000000004,39.07,LOW
3191,ML-01535,TRD,Section Insulator,0.30901879895833106,30.901879895833105,51.2705,39.05,LOW
3192,ML-02431,S&T,Point Machine,0.3414500369035452,34.14500369035452,46.418,39.05,LOW
3193,ML-02688,ENGINEERING,Track,0.3004760194175155,30.04760194175155,52.539,39.04,LOW
3194,ML-04687,ENGINEERING,Bridge,0.34222623127181057,34.22262312718106,46.209999999999994,39.02,LOW
3195,ML-02054,S&T,Signal,0.2878187863214859,28.78187863214859,54.388999999999996,39.02,LOW
3196,ML-01297,S&T,Signal,0.3593881437403785,35.93881437403785,43.647000000000006,39.02,LOW
3197,ML-01419,ENGINEERING,Point & Crossing,0.2878949041650987,28.78949041650987,54.363499999999995,39.02,LOW
3198,ML-02344,ENGINEERING,Bridge,0.35914488010330436,35.91448801033044,43.689,39.02,LOW
3199,ML-01081,S&T,Signal,0.3360184344577704,33.60184344577704,47.1205,39.01,LOW
3200,ML-03079,ENGINEERING,Bridge,0.33550821375583295,33.5508213755833,47.1845,39.0,LOW
3201,ML-03188,ENGINEERING,Bridge,0.30409241785567015,30.409241785567016,51.877,39.0,LOW
3202,ML-02638,ENGINEERING,Point & Crossing,0.3643113660471969,36.43113660471969,42.839999999999996,38.99,LOW
3203,ML-02287,ENGINEERING,Bridge,0.3647195018410575,36.47195018410575,42.759,38.99,LOW
3204,ML-02551,TRD,Transformer,0.2890835787832279,28.90835787832279,54.0875,38.98,LOW
3205,ML-04865,ENGINEERING,Track,0.3019661716534507,30.196617165345067,52.1545,38.98,LOW
3206,ML-02796,TRD,Transformer,0.3567189441073355,35.67189441073355,43.946999999999996,38.98,LOW
3207,ML-03081,S&T,Signal,0.40064177454718475,40.064177454718475,37.3535,38.98,LOW
3208,ML-03711,ENGINEERING,Track,0.34479010142430133,34.479010142430134,45.734500000000004,38.98,LOW
3209,ML-00814,TRD,Transformer,0.41609620677835674,41.60962067783567,35.0115,38.97,LOW
3210,ML-01069,TRD,OHE,0.39497367735880423,39.497367735880424,38.147,38.96,LOW
3211,ML-00884,S&T,Point Machine,0.33670173300152245,33.67017330015224,46.884499999999996,38.96,LOW
3212,ML-00722,S&T,Signal,0.29167430921236137,29.167430921236136,53.656,38.96,LOW
3213,ML-00302,ENGINEERING,Track,0.2861100265899886,28.611002658998856,54.462,38.95,LOW
3214,ML-04194,TRD,Section Insulator,0.38179014425340013,38.179014425340014,40.1185,38.95,LOW
3215,ML-02375,S&T,Axle Counter,0.3349318124576081,33.49318124576081,47.1325,38.95,LOW
3216,ML-03577,ENGINEERING,Point & Crossing,0.285142651521096,28.5142651521096,54.5695,38.94,LOW
3217,ML-04617,ENGINEERING,Point & Crossing,0.3450894657013063,34.508946570130625,45.5325,38.92,LOW
3218,ML-00738,ENGINEERING,Point & Crossing,0.296933578331065,29.6933578331065,52.7365,38.91,LOW
3219,ML-03083,TRD,Transformer,0.2512005109147399,25.12005109147399,59.606,38.91,LOW
3220,ML-03148,ENGINEERING,Bridge,0.3910567892123575,39.10567892123575,38.6255,38.91,LOW
3221,ML-02281,ENGINEERING,Track,0.2667924218495181,26.67924218495181,57.217999999999996,38.89,LOW
3222,ML-02489,ENGINEERING,Track,0.311838790568146,31.1838790568146,50.455,38.89,LOW
3223,ML-02390,ENGINEERING,Track,0.34649888690716146,34.649888690716146,45.246500000000005,38.89,LOW
3224,ML-00974,ENGINEERING,Track,0.2777716904626953,27.777169046269528,55.511,38.87,LOW
3225,ML-02788,ENGINEERING,Bridge,0.3338222756926289,33.38222756926289,47.1,38.87,LOW
3226,ML-02353,S&T,Point Machine,0.34710203561978203,34.710203561978204,45.0515,38.85,LOW
3227,ML-01366,S&T,Axle Counter,0.3335442376953875,33.35442376953875,47.0865,38.85,LOW
3228,ML-04907,TRD,OHE,0.31152727912536515,31.152727912536516,50.3765,38.84,LOW
3229,ML-02716,TRD,Transformer,0.37659567044494535,37.65956704449454,40.546,38.81,LOW
3230,ML-02070,ENGINEERING,Point & Crossing,0.40400130027875597,40.4001300278756,36.416000000000004,38.81,LOW
3231,ML-01144,ENGINEERING,Bridge,0.3975611871275379,39.75611871275379,37.4005,38.81,LOW
3232,ML-03395,TRD,OHE,0.3976606252175071,39.76606252175071,37.362,38.8,LOW
3233,ML-00464,ENGINEERING,Bridge,0.30528373373237594,30.528373373237592,51.1905,38.79,LOW
3234,ML-02425,TRD,Section Insulator,0.3359065730860164,33.59065730860164,46.582499999999996,38.79,LOW
3235,ML-00615,TRD,Section Insulator,0.3522426098953311,35.224260989533114,44.099999999999994,38.77,LOW
3236,ML-04417,TRD,Section Insulator,0.41286751103662056,41.286751103662056,34.9965,38.77,LOW
3237,ML-01232,ENGINEERING,Point & Crossing,0.28187286015046853,28.18728601504685,54.632999999999996,38.77,LOW
3238,ML-02053,TRD,Section Insulator,0.30579907884538976,30.579907884538976,51.01733333333333,38.75,LOW
3239,ML-01490,S&T,Axle Counter,0.3881780551121178,38.81780551121178,38.641000000000005,38.75,LOW
3240,ML-01907,S&T,Axle Counter,0.28558432944407813,28.558432944407812,54.03966666666666,38.75,LOW
3241,ML-02452,S&T,Point Machine,0.4446578578017529,44.46578578017529,30.161000000000005,38.74,LOW
3242,ML-04903,ENGINEERING,Bridge,0.3235857971579095,32.35857971579095,48.269999999999996,38.72,LOW
3243,ML-02829,ENGINEERING,Point & Crossing,0.31324379686580195,31.324379686580194,49.7975,38.71,LOW
3244,ML-03128,ENGINEERING,Point & Crossing,0.34559279804121323,34.559279804121324,44.936,38.71,LOW
3245,ML-04665,S&T,Axle Counter,0.40162362197676926,40.16236219767693,36.507999999999996,38.7,LOW
3246,ML-01206,ENGINEERING,Point & Crossing,0.31054439486866187,31.054439486866187,50.173,38.7,LOW
3247,ML-01061,ENGINEERING,Bridge,0.28401580903904766,28.401580903904765,54.149,38.7,LOW
3248,ML-02269,S&T,Axle Counter,0.3642692181248038,36.42692181248038,42.0745,38.69,LOW
3249,ML-00861,ENGINEERING,Bridge,0.37196399879593395,37.19639987959339,40.917500000000004,38.68,LOW
3250,ML-01336,TRD,Section Insulator,0.2519135281355113,25.19135281355113,58.9155,38.68,LOW
3251,ML-01777,S&T,Point Machine,0.27416705411791725,27.416705411791725,55.543,38.67,LOW
3252,ML-01819,ENGINEERING,Bridge,0.4107237355679115,41.07237355679115,35.064,38.67,LOW
3253,ML-02476,S&T,Point Machine,0.3208204296984066,32.08204296984066,48.534000000000006,38.66,LOW
3254,ML-00230,ENGINEERING,Bridge,0.4063353185638843,40.63353185638843,35.6675,38.65,LOW
3255,ML-00304,ENGINEERING,Bridge,0.32251713022658246,32.251713022658244,48.23500000000001,38.65,LOW
3256,ML-04587,ENGINEERING,Bridge,0.3498384967399222,34.98384967399222,44.157000000000004,38.65,LOW
3257,ML-01142,ENGINEERING,Track,0.3759469937685902,37.59469937685902,40.1765,38.63,LOW
3258,ML-03516,TRD,OHE,0.41976347242728823,41.97634724272882,33.60900000000001,38.63,LOW
3259,ML-01133,ENGINEERING,Bridge,0.3006295028160117,30.062950281601168,51.486,38.63,LOW
3260,ML-01882,S&T,Signal,0.3310787759462604,33.10787759462604,46.887,38.62,LOW
3261,ML-00118,S&T,Signal,0.3480875483040456,34.80875483040456,44.3245,38.62,LOW
3262,ML-03088,ENGINEERING,Track,0.36219881867154124,36.21988186715412,42.179500000000004,38.6,LOW
3263,ML-00705,S&T,Signal,0.3777783782274225,37.77783782274225,39.7965,38.59,LOW
3264,ML-02428,S&T,Axle Counter,0.36669505678378245,36.66950567837824,41.4535,38.58,LOW
3265,ML-01736,ENGINEERING,Track,0.4040170288409444,40.40170288409444,35.8565,38.58,LOW
3266,ML-03288,TRD,OHE,0.41899142674231926,41.899142674231925,33.574,38.57,LOW
3267,ML-04846,TRD,Transformer,0.389584065354814,38.9584065354814,37.9815,38.57,LOW
3268,ML-03663,ENGINEERING,Point & Crossing,0.36484582800319104,36.4845828003191,41.673,38.56,LOW
3269,ML-03593,ENGINEERING,Bridge,0.415703679286495,41.570367928649496,34.0375,38.56,LOW
3270,ML-02593,TRD,Section Insulator,0.33972004674350076,33.972004674350075,45.4065,38.55,LOW
3271,ML-03135,ENGINEERING,Point & Crossing,0.35008472685277775,35.00847268527777,43.8695,38.55,LOW
3272,ML-03215,ENGINEERING,Bridge,0.3833789323761006,38.33789323761006,38.8595,38.55,LOW
3273,ML-03812,ENGINEERING,Point & Crossing,0.3712013564895236,37.12013564895236,40.692499999999995,38.55,LOW
3274,ML-03308,ENGINEERING,Bridge,0.3556990894341014,35.56990894341014,42.9885,38.54,LOW
3275,ML-02999,TRD,Section Insulator,0.3349980431744051,33.499804317440514,46.1025,38.54,LOW
3276,ML-01784,S&T,Axle Counter,0.359028467913873,35.9028467913873,42.488,38.54,LOW
3277,ML-01123,ENGINEERING,Track,0.29920988067665627,29.920988067665625,51.44,38.53,LOW
3278,ML-04611,TRD,Section Insulator,0.32846055049169365,32.846055049169365,47.031000000000006,38.52,LOW
3279,ML-00473,TRD,Section Insulator,0.4023462292530196,40.23462292530196,35.9435,38.52,LOW
3280,ML-03152,S&T,Axle Counter,0.38217094089885106,38.21709408988511,38.955,38.51,LOW
3281,ML-00535,S&T,Axle Counter,0.39260657217746414,39.26065721774641,37.370999999999995,38.5,LOW
3282,ML-02500,TRD,Transformer,0.32814178132510735,32.81417813251073,46.999,38.49,LOW
3283,ML-02443,S&T,Signal,0.33729759936506964,33.729759936506966,45.5775,38.47,LOW
3284,ML-03427,S&T,Signal,0.31090352819259437,31.090352819259437,49.501000000000005,38.45,LOW
3285,ML-02369,ENGINEERING,Bridge,0.3182228450646061,31.82228450646061,48.403999999999996,38.45,LOW
3286,ML-01477,ENGINEERING,Track,0.36009917196135327,36.009917196135326,42.097500000000004,38.44,LOW
3287,ML-00452,ENGINEERING,Bridge,0.3549887600816248,35.498876008162476,42.849666666666664,38.44,LOW
3288,ML-00981,TRD,OHE,0.30334423606078753,30.334423606078754,50.599500000000006,38.44,LOW
3289,ML-00165,TRD,Section Insulator,0.31215334385356813,31.21533438535681,49.255833333333335,38.43,LOW
3290,ML-03071,ENGINEERING,Bridge,0.33252473082289347,33.25247308228935,46.163000000000004,38.42,LOW
3291,ML-01466,S&T,Axle Counter,0.3453560575558965,34.53560575558965,44.217000000000006,38.41,LOW
3292,ML-04655,S&T,Axle Counter,0.2561001016480912,25.610010164809122,57.605,38.41,LOW
3293,ML-04632,ENGINEERING,Point & Crossing,0.20512348061580998,20.512348061580997,65.2205,38.4,LOW
3294,ML-04934,S&T,Axle Counter,0.29211518762340666,29.211518762340667,52.184333333333335,38.4,LOW
3295,ML-04884,TRD,Transformer,0.32980117131597786,32.98011713159779,46.5165,38.39,LOW
3296,ML-03499,S&T,Signal,0.394605240890487,39.4605240890487,36.7855,38.39,LOW
3297,ML-00911,S&T,Point Machine,0.2723029959472287,27.23029959472287,55.11966666666666,38.39,LOW
3298,ML-00902,TRD,Transformer,0.3254729318348034,32.54729318348034,47.086999999999996,38.36,LOW
3299,ML-02648,S&T,Axle Counter,0.35672068266080836,35.672068266080835,42.3965,38.36,LOW
3300,ML-00391,ENGINEERING,Point & Crossing,0.2895233618581809,28.95233618581809,52.471,38.36,LOW
3301,ML-03565,TRD,Transformer,0.28660277253212935,28.660277253212936,52.91,38.36,LOW
3302,ML-00679,ENGINEERING,Bridge,0.2681850045665804,26.81850045665804,55.637,38.35,LOW
3303,ML-00828,ENGINEERING,Track,0.30092989788277247,30.092989788277247,50.747,38.35,LOW
3304,ML-04068,TRD,OHE,0.3231609411298879,32.31609411298879,47.3675,38.34,LOW
3305,ML-04931,ENGINEERING,Track,0.3547501077807885,35.475010778078854,42.632999999999996,38.34,LOW
3306,ML-01246,ENGINEERING,Bridge,0.33856590290952765,33.85659029095277,45.031666666666666,38.33,LOW
3307,ML-00216,ENGINEERING,Bridge,0.3332629083125266,33.326290831252656,45.841,38.33,LOW
3308,ML-03222,ENGINEERING,Track,0.3635265145779901,36.35265145779901,41.287,38.33,LOW
3309,ML-03284,S&T,Axle Counter,0.3558741688644169,35.587416886441694,42.416,38.32,LOW
3310,ML-01026,S&T,Point Machine,0.35677704108577346,35.677704108577345,42.292,38.32,LOW
3311,ML-00639,TRD,Section Insulator,0.313105596409524,31.310559640952402,48.775999999999996,38.3,LOW
3312,ML-01266,TRD,Section Insulator,0.25126232082812183,25.126232082812184,58.0115,38.28,LOW
3313,ML-00017,TRD,Transformer,0.36008332663211307,36.008332663211306,41.691500000000005,38.28,LOW
3314,ML-01968,S&T,Signal,0.36127331282141334,36.127331282141334,41.4495,38.26,LOW
3315,ML-01646,ENGINEERING,Track,0.39378848041003783,39.378848041003785,36.5775,38.26,LOW
3316,ML-03268,TRD,Transformer,0.21118527611308757,21.118527611308757,63.935500000000005,38.25,LOW
3317,ML-02492,ENGINEERING,Point & Crossing,0.2986259278782964,29.86259278782964,50.818,38.24,LOW
3318,ML-03569,ENGINEERING,Point & Crossing,0.3275334101208749,32.75334101208749,46.43300000000001,38.23,LOW
3319,ML-03243,TRD,Section Insulator,0.41955593594016544,41.95559359401654,32.626000000000005,38.22,LOW
3320,ML-01530,ENGINEERING,Point & Crossing,0.309356380187741,30.935638018774096,49.1425,38.22,LOW
3321,ML-04554,TRD,Section Insulator,0.4574022035676837,45.74022035676837,26.948999999999998,38.22,LOW
3322,ML-04539,S&T,Signal,0.3034110207352393,30.341102073523928,49.998999999999995,38.2,LOW
3323,ML-02582,ENGINEERING,Point & Crossing,0.26604683605499496,26.604683605499496,55.5985,38.2,LOW
3324,ML-02000,TRD,Transformer,0.31547742210684154,31.547742210684156,48.168,38.2,LOW
3325,ML-00937,S&T,Signal,0.31474745702139645,31.474745702139646,48.2575,38.19,LOW
3326,ML-04650,TRD,Transformer,0.33957264504589135,33.95726450458913,44.527,38.19,LOW
3327,ML-03459,ENGINEERING,Track,0.3227586183912017,32.27586183912017,47.0275,38.18,LOW
3328,ML-02938,ENGINEERING,Track,0.2957426957143724,29.574269571437238,51.061,38.17,LOW
3329,ML-03146,S&T,Point Machine,0.2894505106622646,28.945051066226462,52.01133333333333,38.17,LOW
3330,ML-02723,TRD,OHE,0.2780332864525708,27.803328645257082,53.6935,38.16,LOW
3331,ML-00432,TRD,Transformer,0.40915557754495646,40.915557754495644,33.9975,38.15,LOW
3332,ML-04730,TRD,Section Insulator,0.30811627762070937,30.811627762070938,49.122,38.14,LOW
3333,ML-02812,ENGINEERING,Track,0.326569741734261,32.6569741734261,46.343,38.13,LOW
3334,ML-03783,TRD,OHE,0.29933408924486066,29.933408924486066,50.417,38.13,LOW
3335,ML-01315,TRD,OHE,0.29421532996802513,29.42153299680251,51.20399999999999,38.13,LOW
3336,ML-00081,ENGINEERING,Bridge,0.28660520916179283,28.660520916179284,52.3435,38.13,LOW
3337,ML-01261,TRD,Section Insulator,0.3255851149593972,32.55851149593972,46.476000000000006,38.13,LOW
3338,ML-03652,TRD,Transformer,0.3474127777392501,34.74127777392501,43.160000000000004,38.11,LOW
3339,ML-00576,S&T,Signal,0.29075573122145926,29.075573122145926,51.6355,38.1,LOW
3340,ML-00146,TRD,Section Insulator,0.3940283442473762,39.40283442473762,36.1265,38.09,LOW
3341,ML-04806,S&T,Point Machine,0.3945538309583695,39.45538309583695,36.041,38.09,LOW
3342,ML-03313,TRD,OHE,0.3041139817261593,30.41139817261593,49.584500000000006,38.08,LOW
3343,ML-03373,S&T,Point Machine,0.31203514973128543,31.20351497312854,48.36333333333334,38.07,LOW
3344,ML-01517,TRD,Section Insulator,0.3570479635723045,35.70479635723045,41.6095,38.07,LOW
3345,ML-01281,TRD,OHE,0.3336091175379547,33.36091175379547,45.126000000000005,38.07,LOW
3346,ML-04970,S&T,Point Machine,0.38914840100768755,38.91484010076876,36.7575,38.05,LOW
3347,ML-01676,ENGINEERING,Point & Crossing,0.3214421845382397,32.14421845382397,46.882999999999996,38.04,LOW
3348,ML-04748,S&T,Axle Counter,0.31418754915745384,31.418754915745385,47.94800000000001,38.03,LOW
3349,ML-01567,ENGINEERING,Bridge,0.277893186597129,27.789318659712904,53.3495,38.01,LOW
3350,ML-04744,TRD,Section Insulator,0.263600655479082,26.360065547908203,55.4895,38.01,LOW
3351,ML-02318,TRD,Transformer,0.32986032771527546,32.98603277152755,45.5515,38.01,LOW
3352,ML-01965,ENGINEERING,Point & Crossing,0.33092282063303197,33.092282063303195,45.38549999999999,38.01,LOW
3353,ML-03666,S&T,Point Machine,0.3069319963969082,30.69319963969082,48.972500000000004,38.0,LOW
3354,ML-04452,S&T,Point Machine,0.2979998570520043,29.79998570520043,50.298,38.0,LOW
3355,ML-04981,S&T,Signal,0.31070200443807183,31.070200443807185,48.377,37.99,LOW
3356,ML-02750,ENGINEERING,Point & Crossing,0.2621036996018297,26.210369960182973,55.6175,37.97,LOW
3357,ML-03672,ENGINEERING,Bridge,0.2919999507557789,29.19999507557789,51.105000000000004,37.96,LOW
3358,ML-02388,S&T,Point Machine,0.295317997412311,29.5317997412311,50.5675,37.95,LOW
3359,ML-03396,ENGINEERING,Bridge,0.33684026856412175,33.684026856412174,44.32933333333333,37.94,LOW
3360,ML-04816,TRD,OHE,0.2889055726368774,28.89055726368774,51.5085,37.94,LOW
3361,ML-02727,ENGINEERING,Bridge,0.29066892450943305,29.066892450943303,51.228,37.93,LOW
3362,ML-02649,TRD,OHE,0.22648227894821246,22.648227894821247,60.841499999999996,37.93,LOW
3363,ML-04686,TRD,OHE,0.37846177213086235,37.846177213086236,38.06099999999999,37.93,LOW
3364,ML-01274,ENGINEERING,Point & Crossing,0.2842237240173319,28.422372401733192,52.175,37.92,LOW
3365,ML-00787,ENGINEERING,Point & Crossing,0.33979540666666547,33.979540666666544,43.801,37.91,LOW
3366,ML-02762,TRD,Transformer,0.3103943738467371,31.03943738467371,48.1865,37.9,LOW
3367,ML-03842,TRD,Section Insulator,0.4947537146571632,49.47537146571632,20.5215,37.89,LOW
3368,ML-01395,ENGINEERING,Track,0.4164377694813735,41.64377694813735,32.252,37.89,LOW
3369,ML-03961,S&T,Axle Counter,0.30943389424537526,30.943389424537525,48.309000000000005,37.89,LOW
3370,ML-04408,S&T,Point Machine,0.38998722827353355,38.998722827353355,36.221999999999994,37.89,LOW
3371,ML-02909,S&T,Axle Counter,0.2886184995111663,28.861849951116632,51.4005,37.88,LOW
3372,ML-04095,TRD,OHE,0.38726722668515656,38.726722668515656,36.6105,37.88,LOW
3373,ML-03570,S&T,Point Machine,0.3747879183613979,37.47879183613979,38.438500000000005,37.86,LOW
3374,ML-04090,TRD,OHE,0.28856813690376776,28.856813690376775,51.3625,37.86,LOW
3375,ML-03843,S&T,Axle Counter,0.3210115928091459,32.10115928091459,46.481,37.85,LOW
3376,ML-02033,TRD,Transformer,0.3723448229038751,37.23448229038751,38.727500000000006,37.83,LOW
3377,ML-04704,ENGINEERING,Bridge,0.3528719759109875,35.28719759109875,41.63183333333333,37.83,LOW
3378,ML-03403,ENGINEERING,Point & Crossing,0.3758797508034914,37.58797508034914,38.156000000000006,37.82,LOW
3379,ML-04308,ENGINEERING,Bridge,0.26004942684588533,26.004942684588535,55.5495,37.82,LOW
3380,ML-04602,TRD,Transformer,0.34625431605223417,34.62543160522342,42.5545,37.8,LOW
3381,ML-03072,S&T,Point Machine,0.2962703209320159,29.62703209320159,50.023833333333336,37.79,LOW
3382,ML-02263,TRD,Section Insulator,0.30095697266630195,30.095697266630197,49.336,37.79,LOW
3383,ML-01951,S&T,Signal,0.23363427804066514,23.363427804066514,59.4105,37.78,LOW
3384,ML-02470,S&T,Axle Counter,0.36305436461078217,36.305436461078216,39.9815,37.78,LOW
3385,ML-03225,S&T,Signal,0.2615947487946092,26.15947487946092,55.1995,37.78,LOW
3386,ML-01595,ENGINEERING,Point & Crossing,0.3821531326561029,38.21531326561029,37.081,37.76,LOW
3387,ML-00041,ENGINEERING,Point & Crossing,0.28838721098621467,28.838721098621466,51.0905,37.74,LOW
3388,ML-03816,S&T,Point Machine,0.2598678985655742,25.98678985655742,55.3365,37.73,LOW
3389,ML-01317,ENGINEERING,Bridge,0.32625724763174907,32.62572476317491,45.395,37.73,LOW
3390,ML-00886,ENGINEERING,Track,0.3203775940182046,32.03775940182046,46.263,37.73,LOW
3391,ML-04117,ENGINEERING,Bridge,0.2812787628222631,28.12787628222631,52.1195,37.72,LOW
3392,ML-03264,TRD,OHE,0.3997389440183769,39.97389440183769,34.3445,37.72,LOW
3393,ML-02790,TRD,Transformer,0.30493423477428877,30.493423477428877,48.543000000000006,37.71,LOW
3394,ML-04504,ENGINEERING,Bridge,0.32455494234154086,32.45549423415409,45.599,37.71,LOW
3395,ML-03316,TRD,Transformer,0.3736191087695817,37.36191087695817,38.200500000000005,37.7,LOW
3396,ML-04470,ENGINEERING,Point & Crossing,0.2691498455895017,26.914984558950174,53.86600000000001,37.7,LOW
3397,ML-00008,S&T,Axle Counter,0.33658115420590934,33.65811542059093,43.774,37.7,LOW
3398,ML-01372,TRD,Section Insulator,0.27642762625630113,27.642762625630112,52.786,37.7,LOW
3399,ML-00263,TRD,Section Insulator,0.35977680499901415,35.97768049990142,40.279,37.7,LOW
3400,ML-02141,S&T,Axle Counter,0.3894730042472241,38.94730042472241,35.8145,37.69,LOW
3401,ML-04858,TRD,Transformer,0.2921425088420007,29.214250884200073,50.3965,37.69,LOW
3402,ML-03489,S&T,Point Machine,0.40206385821968504,40.2063858219685,33.927,37.69,LOW
3403,ML-00497,ENGINEERING,Point & Crossing,0.3701518327257688,37.01518327257688,38.6785,37.68,LOW
3404,ML-02871,S&T,Signal,0.4261254288753641,42.61254288753641,30.253,37.67,LOW
3405,ML-04042,ENGINEERING,Track,0.2820329916483262,28.203299164832618,51.8635,37.67,LOW
3406,ML-00864,ENGINEERING,Track,0.30273952942730853,30.27395294273085,48.7345,37.66,LOW
3407,ML-01451,ENGINEERING,Bridge,0.30903577882731825,30.903577882731824,47.784,37.66,LOW
3408,ML-00764,S&T,Signal,0.2744130060857425,27.44130060857425,52.9765,37.66,LOW
3409,ML-04250,TRD,Section Insulator,0.273820678937085,27.382067893708502,53.023999999999994,37.64,LOW
3410,ML-04248,ENGINEERING,Bridge,0.326548682875716,32.654868287571595,45.0805,37.63,LOW
3411,ML-03544,TRD,Transformer,0.40792334282134435,40.79233428213443,32.8705,37.62,LOW
3412,ML-02618,ENGINEERING,Bridge,0.3109056673521804,31.09056673521804,47.380500000000005,37.61,LOW
3413,ML-04798,S&T,Axle Counter,0.36719575624766265,36.719575624766264,38.95,37.61,LOW
3414,ML-02370,ENGINEERING,Track,0.3099914034275279,30.99914034275279,47.431,37.57,LOW
3415,ML-02426,ENGINEERING,Bridge,0.3267158228469441,32.67158228469441,44.924,37.57,LOW
3416,ML-00222,ENGINEERING,Point & Crossing,0.290227985541358,29.022798554135797,50.325,37.54,LOW
3417,ML-00598,ENGINEERING,Track,0.28789602324825514,28.789602324825513,50.6275,37.52,LOW
3418,ML-03824,ENGINEERING,Track,0.32051200734388574,32.05120073438857,45.713,37.52,LOW
3419,ML-01488,ENGINEERING,Track,0.4103712844824472,41.03712844824472,32.212500000000006,37.51,LOW
3420,ML-04071,TRD,Section Insulator,0.3484908669205399,34.84908669205399,41.506,37.51,LOW
3421,ML-00957,ENGINEERING,Point & Crossing,0.36621422522241515,36.62142252224152,38.854,37.51,LOW
3422,ML-01414,TRD,OHE,0.3136365791165954,31.363657911659544,46.74,37.51,LOW
3423,ML-03893,TRD,OHE,0.35713298127131843,35.71329812713184,40.186499999999995,37.5,LOW
3424,ML-03972,S&T,Point Machine,0.2905404868166602,29.05404868166602,50.177,37.5,LOW
3425,ML-03844,ENGINEERING,Point & Crossing,0.2689223609118832,26.89223609118832,53.354,37.48,LOW
3426,ML-03601,ENGINEERING,Track,0.38644504510962885,38.64450451096288,35.7405,37.48,LOW
3427,ML-02730,ENGINEERING,Point & Crossing,0.30997312616685835,30.997312616685836,47.179,37.47,LOW
3428,ML-02763,TRD,OHE,0.3151652908202389,31.516529082023894,46.3715,37.46,LOW
3429,ML-02831,ENGINEERING,Bridge,0.3025155593891036,30.251555938910364,48.268499999999996,37.46,LOW
3430,ML-01074,TRD,Transformer,0.30908198908840673,30.908198908840674,47.2495,37.44,LOW
3431,ML-01502,ENGINEERING,Track,0.2757059308690372,27.57059308690372,52.2245,37.43,LOW
3432,ML-04224,S&T,Signal,0.39152963703362587,39.15296370336259,34.815666666666665,37.42,LOW
3433,ML-02400,S&T,Point Machine,0.3077653322173111,30.77653322173111,47.348,37.41,LOW
3434,ML-03102,ENGINEERING,Point & Crossing,0.37926209946120715,37.926209946120714,36.599,37.4,LOW
3435,ML-00013,TRD,Section Insulator,0.29709020519045193,29.709020519045193,48.924499999999995,37.4,LOW
3436,ML-01107,TRD,OHE,0.2936491097250666,29.364910972506657,49.441,37.4,LOW
3437,ML-04254,S&T,Point Machine,0.28995348617095745,28.995348617095747,49.997,37.4,LOW
3438,ML-03035,TRD,Section Insulator,0.2648815200537986,26.48815200537986,53.7495,37.39,LOW
3439,ML-01950,TRD,Transformer,0.29262532368435407,29.262532368435405,49.557,37.38,LOW
3440,ML-01729,TRD,OHE,0.28790584725198015,28.790584725198016,50.221999999999994,37.36,LOW
3441,ML-04145,S&T,Signal,0.28703007117138346,28.703007117138345,50.296499999999995,37.34,LOW
3442,ML-03674,S&T,Signal,0.29991847765416224,29.991847765416225,48.335499999999996,37.33,LOW
3443,ML-01725,S&T,Point Machine,0.33069303306903863,33.06930330690386,43.7155,37.33,LOW
3444,ML-01743,TRD,Transformer,0.234265928588992,23.426592858899202,58.174,37.33,LOW
3445,ML-03874,ENGINEERING,Track,0.289958754973675,28.9958754973675,49.817,37.32,LOW
3446,ML-01040,S&T,Signal,0.2724161815188156,27.241618151881557,52.43,37.32,LOW
3447,ML-00991,TRD,Transformer,0.324375376481307,32.4375376481307,44.586,37.3,LOW
3448,ML-03897,ENGINEERING,Bridge,0.27177258402472815,27.177258402472816,52.4585,37.29,LOW
3449,ML-01958,TRD,Transformer,0.2699156439581872,26.991564395818717,52.724000000000004,37.28,LOW
3450,ML-02828,S&T,Axle Counter,0.32496822736702846,32.496822736702846,44.455,37.28,LOW
3451,ML-00739,TRD,OHE,0.39417643180092704,39.4176431800927,34.005,37.25,LOW
3452,ML-01180,S&T,Point Machine,0.30989118910925006,30.989118910925008,46.599000000000004,37.23,LOW
3453,ML-02536,ENGINEERING,Bridge,0.35050814097489,35.050814097489,40.429,37.2,LOW
3454,ML-01184,ENGINEERING,Bridge,0.2833394784621903,28.333947846219033,50.465999999999994,37.19,LOW
3455,ML-04428,TRD,Transformer,0.34274813683738325,34.27481368373832,41.5695,37.19,LOW
3456,ML-03696,ENGINEERING,Point & Crossing,0.21660200508516111,21.660200508516112,60.470000000000006,37.18,LOW
3457,ML-01300,ENGINEERING,Point & Crossing,0.2834304563169054,28.34304563169054,50.4425,37.18,LOW
3458,ML-03473,TRD,Section Insulator,0.28220696222836567,28.220696222836565,50.5865,37.17,LOW
3459,ML-00481,TRD,Transformer,0.3820916055277486,38.20916055277486,35.60466666666667,37.17,LOW
3460,ML-02940,ENGINEERING,Track,0.307397251379371,30.7397251379371,46.822,37.17,LOW
3461,ML-01354,TRD,Transformer,0.2913365660054316,29.133656600543162,49.2275,37.17,LOW
3462,ML-03471,TRD,Section Insulator,0.37868850437550544,37.86885043755054,36.1045,37.16,LOW
3463,ML-00147,S&T,Axle Counter,0.3305615982706709,33.05615982706709,43.3135,37.16,LOW
3464,ML-02294,ENGINEERING,Bridge,0.3750616299790057,37.506162997900574,36.623,37.15,LOW
3465,ML-03765,S&T,Signal,0.3790068385252256,37.90068385252256,36.032,37.15,LOW
3466,ML-01666,TRD,Transformer,0.3013189622149397,30.13189622149397,47.67700000000001,37.15,LOW
3467,ML-00032,TRD,Section Insulator,0.2942906528042009,29.42906528042009,48.7065,37.14,LOW
3468,ML-03157,TRD,Section Insulator,0.38108307395411956,38.108307395411956,35.698499999999996,37.14,LOW
3469,ML-04122,S&T,Point Machine,0.2856416960071627,28.564169600716273,49.984,37.13,LOW
3470,ML-00692,TRD,Transformer,0.28008959893364155,28.008959893364153,50.792500000000004,37.12,LOW
3471,ML-04499,ENGINEERING,Point & Crossing,0.3870735691035587,38.70735691035587,34.712666666666664,37.11,LOW
3472,ML-02764,ENGINEERING,Track,0.2966036703458846,29.660367034588457,48.276500000000006,37.11,LOW
3473,ML-01803,ENGINEERING,Track,0.26198741487019556,26.198741487019557,53.481500000000004,37.11,LOW
3474,ML-03031,ENGINEERING,Bridge,0.3308059110131418,33.08059110131418,43.1335,37.1,LOW
3475,ML-00178,ENGINEERING,Track,0.31460921859737684,31.460921859737685,45.543,37.09,LOW
3476,ML-04216,S&T,Signal,0.37002494901672406,37.00249490167241,37.142,37.06,LOW
3477,ML-01417,TRD,OHE,0.27589007108969127,27.589007108969128,51.266,37.06,LOW
3478,ML-02347,ENGINEERING,Track,0.3519400611577547,35.19400611577547,39.8345,37.05,LOW
3479,ML-03431,S&T,Signal,0.28401919153227057,28.401919153227055,50.031,37.05,LOW
3480,ML-02023,TRD,Transformer,0.35274293615029073,35.27429361502907,39.724000000000004,37.05,LOW
3481,ML-03774,S&T,Point Machine,0.39589946339302046,39.589946339302045,33.206,37.04,LOW
3482,ML-02029,S&T,Point Machine,0.3924601097234991,39.24601097234991,33.733000000000004,37.04,LOW
3483,ML-03340,TRD,Section Insulator,0.337474819244214,33.7474819244214,41.9735,37.04,LOW
3484,ML-03591,TRD,Section Insulator,0.2917676076322271,29.17676076322271,48.804500000000004,37.03,LOW
3485,ML-03936,ENGINEERING,Point & Crossing,0.2878217950680376,28.78217950680376,49.414,37.03,LOW
3486,ML-04882,TRD,Transformer,0.32160217940914465,32.160217940914464,44.3465,37.03,LOW
3487,ML-01835,ENGINEERING,Point & Crossing,0.2539472609807116,25.394726098071157,54.4565,37.02,LOW
3488,ML-00326,TRD,Transformer,0.3696659176947436,36.96659176947436,37.1085,37.02,LOW
3489,ML-02071,S&T,Point Machine,0.2805594830253662,28.05594830253662,50.431000000000004,37.01,LOW
3490,ML-00398,S&T,Point Machine,0.3455504793151345,34.55504793151345,40.683,37.01,LOW
3491,ML-03859,TRD,OHE,0.24598979873491597,24.598979873491597,55.615,37.01,LOW
3492,ML-01682,ENGINEERING,Track,0.30147934835901713,30.14793483590171,47.29333333333334,37.01,LOW
3493,ML-00854,S&T,Point Machine,0.23644907579203583,23.644907579203583,57.0255,37.0,LOW
3494,ML-02958,TRD,Transformer,0.2840063202987277,28.400632029872767,49.90266666666666,37.0,LOW
3495,ML-03393,ENGINEERING,Bridge,0.29407915201294005,29.407915201294006,48.367999999999995,36.99,LOW
3496,ML-02439,ENGINEERING,Track,0.35119624105073305,35.11962410507331,39.7695,36.98,LOW
3497,ML-03790,TRD,Section Insulator,0.3748769932575346,37.48769932575346,36.19666666666667,36.97,LOW
3498,ML-00313,S&T,Point Machine,0.3100581059338633,31.00581059338633,45.866,36.95,LOW
3499,ML-00693,ENGINEERING,Point & Crossing,0.3952727384542966,39.52727384542966,33.013000000000005,36.92,LOW
3500,ML-03643,TRD,Section Insulator,0.32838299480661165,32.83829948066116,43.0375,36.92,LOW
3501,ML-02372,ENGINEERING,Track,0.34438008770383877,34.438008770383874,40.595,36.9,LOW
3502,ML-03416,ENGINEERING,Point & Crossing,0.3326952833961911,33.26952833961911,42.318,36.89,LOW
3503,ML-00572,TRD,Transformer,0.3557003910035775,35.57003910035775,38.8745,36.89,LOW
3504,ML-00250,ENGINEERING,Point & Crossing,0.3882709999779117,38.82709999779117,33.9645,36.88,LOW
3505,ML-04745,S&T,Axle Counter,0.32177342866411446,32.17734286641144,43.9055,36.87,LOW
3506,ML-02743,TRD,Transformer,0.35430474765466363,35.430474765466364,39.0155,36.86,LOW
3507,ML-01739,TRD,OHE,0.32380535183527337,32.380535183527336,43.591,36.86,LOW
3508,ML-02289,S&T,Signal,0.28222594813396984,28.222594813396984,49.79600000000001,36.85,LOW
3509,ML-04774,ENGINEERING,Track,0.4048618964057688,40.48618964057688,31.4065,36.85,LOW
3510,ML-01741,ENGINEERING,Track,0.27600564777257286,27.600564777257286,50.7245,36.85,LOW
3511,ML-04028,S&T,Point Machine,0.24922058877118444,24.922058877118445,54.715,36.84,LOW
3512,ML-02508,TRD,Section Insulator,0.3253249672349544,32.53249672349544,43.275999999999996,36.83,LOW
3513,ML-04285,S&T,Signal,0.38044868476588145,38.04486847658814,35.0095,36.83,LOW
3514,ML-04453,S&T,Signal,0.2854700882162556,28.547008821625557,49.260999999999996,36.83,LOW
3515,ML-02744,ENGINEERING,Bridge,0.35237221949407627,35.237221949407626,39.188,36.82,LOW
3516,ML-01877,TRD,Section Insulator,0.3533362164323506,35.333621643235055,39.0185,36.81,LOW
3517,ML-04378,ENGINEERING,Bridge,0.28944151199554286,28.944151199554284,48.5295,36.78,LOW
3518,ML-04548,TRD,OHE,0.3170047160309161,31.70047160309161,44.403999999999996,36.78,LOW
3519,ML-02904,ENGINEERING,Bridge,0.33767567784833313,33.76756778483331,41.3035,36.78,LOW
3520,ML-00324,S&T,Point Machine,0.2567103890189855,25.67103890189855,53.409000000000006,36.77,LOW
3521,ML-01508,ENGINEERING,Bridge,0.35246944679637054,35.24694467963705,39.058,36.77,LOW
3522,ML-04729,ENGINEERING,Bridge,0.33374266481812076,33.37426648181208,41.8615,36.77,LOW
3523,ML-00560,TRD,Transformer,0.28272985804237605,28.272985804237607,49.4765,36.75,LOW
3524,ML-04731,S&T,Axle Counter,0.2702085567875994,27.020855678759943,51.325,36.74,LOW
3525,ML-01329,S&T,Signal,0.29631979679829845,29.631979679829847,47.414,36.74,LOW
3526,ML-01960,TRD,OHE,0.3740102997096097,37.40102997096097,35.75450000000001,36.74,LOW
3527,ML-00071,ENGINEERING,Point & Crossing,0.2315416170448499,23.15416170448499,57.0955,36.73,LOW
3528,ML-01215,TRD,Transformer,0.2572065941821933,25.720659418219334,53.2205,36.72,LOW
3529,ML-02702,TRD,OHE,0.41095326922727765,41.095326922727764,30.1095,36.7,LOW
3530,ML-04029,ENGINEERING,Point & Crossing,0.3043869571483196,30.438695714831958,46.102,36.7,LOW
3531,ML-04851,ENGINEERING,Track,0.2217867533018436,22.17867533018436,58.475,36.7,LOW
3532,ML-03092,TRD,Transformer,0.29975438420712774,29.975438420712774,46.7345,36.68,LOW
3533,ML-00933,TRD,Section Insulator,0.381826376283527,38.1826376283527,34.399,36.67,LOW
3534,ML-00208,TRD,Section Insulator,0.3523390468558443,35.23390468558443,38.8,36.66,LOW
3535,ML-00245,S&T,Axle Counter,0.30681655207340314,30.681655207340313,45.6185,36.66,LOW
3536,ML-03201,TRD,OHE,0.32383233851551274,32.383233851551275,42.99,36.63,LOW
3537,ML-03854,ENGINEERING,Point & Crossing,0.3346290876684839,33.46290876684839,41.35,36.62,LOW
3538,ML-02087,TRD,OHE,0.2170824322288632,21.70824322288632,58.975500000000004,36.62,LOW
3539,ML-00903,TRD,OHE,0.3554278860754544,35.54278860754544,38.185,36.6,LOW
3540,ML-02678,S&T,Point Machine,0.27739886243588324,27.739886243588323,49.865500000000004,36.59,LOW
3541,ML-02257,S&T,Axle Counter,0.32079279364637436,32.079279364637436,43.3525,36.59,LOW
3542,ML-00106,S&T,Axle Counter,0.3005737717312972,30.05737717312972,46.3655,36.58,LOW
3543,ML-03857,ENGINEERING,Point & Crossing,0.2739946883195996,27.39946883195996,50.342,36.58,LOW
3544,ML-02092,TRD,Section Insulator,0.284547529927998,28.454752992799797,48.7545,36.57,LOW
3545,ML-04825,ENGINEERING,Bridge,0.3161628649471221,31.61628649471221,43.993,36.57,LOW
3546,ML-00060,ENGINEERING,Bridge,0.3208157371832654,32.08157371832654,43.2755,36.56,LOW
3547,ML-04309,S&T,Axle Counter,0.23160010933556383,23.160010933556382,56.62650000000001,36.55,LOW
3548,ML-01685,ENGINEERING,Bridge,0.3587723853027099,35.877238530270986,37.5105,36.53,LOW
3549,ML-02429,ENGINEERING,Bridge,0.22869902153818397,22.869902153818398,57.0325,36.53,LOW
3550,ML-00239,S&T,Point Machine,0.28698719982776383,28.69871998277638,48.2815,36.53,LOW
3551,ML-03525,ENGINEERING,Bridge,0.28530600672109163,28.530600672109163,48.521,36.53,LOW
3552,ML-02424,ENGINEERING,Bridge,0.34691925915519733,34.69192591551973,39.27,36.52,LOW
3553,ML-03482,ENGINEERING,Track,0.2747593414310449,27.475934143104492,50.0695,36.51,LOW
3554,ML-02709,TRD,Section Insulator,0.27147719923571734,27.147719923571735,50.525,36.5,LOW
3555,ML-03267,S&T,Point Machine,0.1880881600780647,18.80881600780647,63.001,36.49,LOW
3556,ML-00185,S&T,Signal,0.3767361491892608,37.67361491892608,34.723,36.49,LOW
3557,ML-00006,ENGINEERING,Bridge,0.3342167556232056,33.42167556232056,41.057,36.48,LOW
3558,ML-02708,S&T,Axle Counter,0.24576360534549324,24.576360534549323,54.277,36.46,LOW
3559,ML-00364,ENGINEERING,Track,0.35409421860114615,35.40942186011461,38.0445,36.46,LOW
3560,ML-00959,TRD,OHE,0.32800175158158895,32.80017515815889,41.925,36.45,LOW
3561,ML-01558,ENGINEERING,Track,0.24513025433341507,24.513025433341507,54.32,36.44,LOW
3562,ML-02802,S&T,Point Machine,0.33934193996403406,33.93419399640341,40.178,36.43,LOW
3563,ML-00377,S&T,Signal,0.34820608561839655,34.820608561839656,38.826,36.42,LOW
3564,ML-04067,ENGINEERING,Track,0.21790028198370176,21.790028198370177,58.366,36.42,LOW
3565,ML-04822,ENGINEERING,Point & Crossing,0.31078235862102516,31.078235862102517,44.412,36.41,LOW
3566,ML-03229,ENGINEERING,Point & Crossing,0.2425441088290449,24.25441088290449,54.602,36.39,LOW
3567,ML-00845,S&T,Signal,0.2717099676471838,27.17099676471838,50.2185,36.39,LOW
3568,ML-02676,ENGINEERING,Point & Crossing,0.23858206514865984,23.858206514865984,55.183,36.39,LOW
3569,ML-00996,TRD,Section Insulator,0.27489739324863316,27.489739324863315,49.6825,36.37,LOW
3570,ML-00874,TRD,OHE,0.3342402554671618,33.42402554671618,40.7475,36.35,LOW
3571,ML-02513,S&T,Signal,0.2458763831928352,24.58763831928352,53.998999999999995,36.35,LOW
3572,ML-01701,ENGINEERING,Point & Crossing,0.32534122237974616,32.534122237974614,42.059,36.34,LOW
3573,ML-00731,S&T,Signal,0.3303596569370199,33.03596569370199,41.2615,36.33,LOW
3574,ML-04717,S&T,Signal,0.30648365873456834,30.648365873456836,44.827,36.32,LOW
3575,ML-03206,ENGINEERING,Bridge,0.3055115570956224,30.551155709562238,44.972,36.32,LOW
3576,ML-01920,TRD,Transformer,0.30287427112066184,30.287427112066183,45.31816666666667,36.3,LOW
3577,ML-03913,TRD,OHE,0.3636760378550175,36.36760378550175,36.198499999999996,36.3,LOW
3578,ML-04150,S&T,Signal,0.31343456482605103,31.343456482605102,43.704,36.29,LOW
3579,ML-04939,TRD,Transformer,0.29484810524721167,29.484810524721166,46.492000000000004,36.29,LOW
3580,ML-04474,TRD,Section Insulator,0.3518998205984125,35.18998205984125,37.905,36.28,LOW
3581,ML-00525,ENGINEERING,Point & Crossing,0.3880902107123743,38.80902107123743,32.488,36.28,LOW
3582,ML-04584,S&T,Axle Counter,0.17458777207644663,17.458777207644662,64.483,36.27,LOW
3583,ML-04621,S&T,Signal,0.3017075646169225,30.17075646169225,45.416,36.27,LOW
3584,ML-02968,S&T,Axle Counter,0.3008832878719831,30.08832878719831,45.513,36.26,LOW
3585,ML-02154,S&T,Signal,0.35534274674692967,35.534274674692966,37.3245,36.25,LOW
3586,ML-00727,ENGINEERING,Bridge,0.14630315422979417,14.630315422979418,68.606,36.22,LOW
3587,ML-00611,ENGINEERING,Point & Crossing,0.3309026946437335,33.09026946437335,40.911500000000004,36.22,LOW
3588,ML-04324,ENGINEERING,Point & Crossing,0.33638171934872246,33.63817193487225,40.076,36.21,LOW
3589,ML-04901,ENGINEERING,Track,0.25096056181811127,25.09605618181113,52.8845,36.21,LOW
3590,ML-02836,ENGINEERING,Bridge,0.31014806234862097,31.014806234862096,43.9745,36.2,LOW
3591,ML-02419,ENGINEERING,Track,0.32928639712484575,32.928639712484575,41.07483333333334,36.19,LOW
3592,ML-00662,ENGINEERING,Point & Crossing,0.3211024568030391,32.11024568030391,42.298,36.19,LOW
3593,ML-01075,TRD,Transformer,0.2365978424535582,23.65978424535582,54.979000000000006,36.19,LOW
3594,ML-02562,ENGINEERING,Point & Crossing,0.35638640809868455,35.638640809868456,37.0065,36.19,LOW
3595,ML-01791,S&T,Point Machine,0.27537535540341174,27.537535540341175,49.149,36.18,LOW
3596,ML-00389,S&T,Point Machine,0.26982879102721846,26.982879102721846,49.98650000000001,36.18,LOW
3597,ML-00650,ENGINEERING,Point & Crossing,0.38757106479982734,38.75710647998273,32.294,36.17,LOW
3598,ML-01155,S&T,Point Machine,0.26792786666418494,26.792786666418493,50.248000000000005,36.17,LOW
3599,ML-04307,TRD,Transformer,0.24888904323959868,24.888904323959867,53.081500000000005,36.17,LOW
3600,ML-03042,S&T,Point Machine,0.361255357846346,36.1255357846346,36.218,36.16,LOW
3601,ML-00244,TRD,OHE,0.2761658187485092,27.616581874850922,48.968,36.16,LOW
3602,ML-01041,S&T,Axle Counter,0.27605262970531674,27.605262970531676,48.964,36.15,LOW
3603,ML-02510,ENGINEERING,Bridge,0.4097392245816876,40.97392245816876,28.922,36.15,LOW
3604,ML-00363,S&T,Axle Counter,0.30179056141628147,30.179056141628145,45.0925,36.14,LOW
3605,ML-04243,ENGINEERING,Track,0.3573978362972045,35.73978362972045,36.739999999999995,36.14,LOW
3606,ML-01540,S&T,Axle Counter,0.35838202107275174,35.83820210727517,36.533500000000004,36.12,LOW
3607,ML-02573,ENGINEERING,Bridge,0.30547565010092265,30.547565010092264,44.428,36.1,LOW
3608,ML-00446,S&T,Signal,0.24682264848308755,24.682264848308755,53.186,36.08,LOW
3609,ML-02270,S&T,Signal,0.21510561953032167,21.510561953032166,57.9295,36.08,LOW
3610,ML-00269,TRD,Section Insulator,0.3484436927388461,34.84436927388461,37.854166666666664,36.05,LOW
3611,ML-04497,ENGINEERING,Point & Crossing,0.2968013142466052,29.680131424660523,45.6105,36.05,LOW
3612,ML-00374,S&T,Point Machine,0.23345838017564188,23.345838017564187,55.069500000000005,36.04,LOW
3613,ML-02120,ENGINEERING,Bridge,0.33390610807428983,33.390610807428985,39.987,36.03,LOW
3614,ML-01758,TRD,OHE,0.29809583172991494,29.809583172991495,45.355000000000004,36.03,LOW
3615,ML-01831,S&T,Signal,0.3089977817546624,30.899778175466242,43.733000000000004,36.03,LOW
3616,ML-01426,TRD,Section Insulator,0.3052568473091033,30.525684730910328,44.2655,36.02,LOW
3617,ML-01895,ENGINEERING,Bridge,0.31122815583243796,31.122815583243796,43.3735,36.02,LOW
3618,ML-00849,TRD,Transformer,0.3225549863900147,32.255498639001466,41.639,36.01,LOW
3619,ML-04871,ENGINEERING,Track,0.2897126046389717,28.97126046389717,46.5465,36.0,LOW
3620,ML-04607,ENGINEERING,Bridge,0.3541058720031413,35.41058720031413,36.858000000000004,35.99,LOW
3621,ML-02502,ENGINEERING,Bridge,0.2563091523701377,25.630915237013767,51.53766666666667,35.99,LOW
3622,ML-03619,S&T,Point Machine,0.3298815734368344,32.98815734368344,40.48950000000001,35.99,LOW
3623,ML-02951,ENGINEERING,Point & Crossing,0.3315157849297462,33.15157849297462,40.215,35.98,LOW
3624,ML-03926,TRD,Transformer,0.2567130689483718,25.67130689483718,51.42,35.97,LOW
3625,ML-04811,TRD,Transformer,0.30904044490341376,30.904044490341377,43.574,35.97,LOW
3626,ML-03640,TRD,Section Insulator,0.31499867097341133,31.499867097341134,42.62200000000001,35.95,LOW
3627,ML-01626,S&T,Signal,0.37826238194286355,37.826238194286354,33.108000000000004,35.94,LOW
3628,ML-01264,S&T,Signal,0.2664843686061362,26.64843686061362,49.886,35.94,LOW
3629,ML-02571,TRD,Transformer,0.2914262696237391,29.142626962373907,46.1365,35.94,LOW
3630,ML-03096,ENGINEERING,Bridge,0.3167392969749287,31.67392969749287,42.3085,35.93,LOW
3631,ML-04998,TRD,Section Insulator,0.3514948957512831,35.149489575128314,37.104,35.93,LOW
3632,ML-02410,S&T,Signal,0.3333697541856642,33.336975418566425,39.8055,35.92,LOW
3633,ML-01030,ENGINEERING,Bridge,0.35465351567436665,35.46535156743666,36.573499999999996,35.91,LOW
3634,ML-02243,ENGINEERING,Point & Crossing,0.3444266882058629,34.44266882058629,38.0935,35.9,LOW
3635,ML-03405,TRD,Section Insulator,0.29637333622260287,29.637333622260286,45.293499999999995,35.9,LOW
3636,ML-04370,S&T,Signal,0.30044482634817116,30.044482634817115,44.598166666666664,35.87,LOW
3637,ML-01182,TRD,OHE,0.34617264077197163,34.61726407719716,37.754000000000005,35.87,LOW
3638,ML-00704,TRD,Section Insulator,0.2623596061548838,26.23596061548838,50.3155,35.87,LOW
3639,ML-00589,TRD,Section Insulator,0.40391555057969525,40.391555057969526,29.029,35.85,LOW
3640,ML-01464,TRD,OHE,0.4956475847786171,49.56475847786171,15.2635,35.84,LOW
3641,ML-01976,TRD,OHE,0.3299460204581042,32.994602045810424,40.087500000000006,35.83,LOW
3642,ML-01239,ENGINEERING,Bridge,0.264621903289681,26.4621903289681,49.867000000000004,35.82,LOW
3643,ML-01433,S&T,Point Machine,0.3705349717563569,37.05349717563569,33.951499999999996,35.81,LOW
3644,ML-04448,S&T,Point Machine,0.295950629564519,29.5950629564519,45.042,35.77,LOW
3645,ML-01189,ENGINEERING,Track,0.3115069535836549,31.15069535836549,42.6695,35.76,LOW
3646,ML-04694,S&T,Signal,0.24965948011985917,24.965948011985915,51.963499999999996,35.76,LOW
3647,ML-03668,TRD,Section Insulator,0.26692868793831154,26.692868793831153,49.308499999999995,35.74,LOW
3648,ML-03192,S&T,Point Machine,0.3585412951077199,35.85412951077199,35.519499999999994,35.72,LOW
3649,ML-01644,TRD,Section Insulator,0.23134644228801968,23.134644228801967,54.568333333333335,35.71,LOW
3650,ML-01529,TRD,Section Insulator,0.2942610325351804,29.426103253518036,45.1075,35.7,LOW
3651,ML-03124,ENGINEERING,Bridge,0.25197523285226403,25.197523285226403,51.442499999999995,35.7,LOW
3652,ML-00836,TRD,Section Insulator,0.302608721634647,30.260872163464704,43.8325,35.69,LOW
3653,ML-03627,ENGINEERING,Track,0.3612069164747823,36.12069164747823,35.04416666666667,35.69,LOW
3654,ML-01742,ENGINEERING,Track,0.2589352527200431,25.893525272004307,50.3935,35.69,LOW
3655,ML-04482,TRD,OHE,0.25546422958571496,25.546422958571497,50.8975,35.69,LOW
3656,ML-01334,S&T,Axle Counter,0.4209281863620194,42.09281863620194,26.033,35.67,LOW
3657,ML-03496,S&T,Axle Counter,0.32076146796055854,32.07614679605585,41.06700000000001,35.67,LOW
3658,ML-01783,ENGINEERING,Bridge,0.4563116504390406,45.63116504390406,20.7235,35.67,LOW
3659,ML-02226,TRD,Transformer,0.37142590617202864,37.14259061720286,33.4315,35.66,LOW
3660,ML-01789,ENGINEERING,Point & Crossing,0.35772584464779444,35.77258446477944,35.485,35.66,LOW
3661,ML-00721,ENGINEERING,Point & Crossing,0.349029127867,34.9029127867,36.808,35.66,LOW
3662,ML-04879,ENGINEERING,Point & Crossing,0.2696301391698424,26.96301391698424,48.697,35.66,LOW
3663,ML-02719,ENGINEERING,Point & Crossing,0.3841392177042281,38.41392177042281,31.490000000000002,35.64,LOW
3664,ML-02847,S&T,Signal,0.32752966404523515,32.75296640452351,39.934,35.63,LOW
3665,ML-00728,TRD,Transformer,0.3208007552700907,32.08007552700907,40.956999999999994,35.63,LOW
3666,ML-03294,TRD,Section Insulator,0.28012175785915194,28.012175785915193,47.064,35.63,LOW
3667,ML-02245,ENGINEERING,Track,0.25384954860990894,25.384954860990895,50.975,35.62,LOW
3668,ML-04410,ENGINEERING,Bridge,0.30209096405253105,30.209096405253106,43.7325,35.62,LOW
3669,ML-01441,TRD,Section Insulator,0.30844561600845516,30.844561600845516,42.766000000000005,35.61,LOW
3670,ML-01390,ENGINEERING,Track,0.3091749685031915,30.917496850319147,42.6425,35.61,LOW
3671,ML-01066,TRD,OHE,0.24469064574605895,24.469064574605895,52.286,35.6,LOW
3672,ML-00206,TRD,Section Insulator,0.3266669735758032,32.66669735758032,39.916,35.57,LOW
3673,ML-00439,S&T,Axle Counter,0.2788060143030798,27.880601430307976,47.114000000000004,35.57,LOW
3674,ML-04490,S&T,Axle Counter,0.3527822242634769,35.27822242634769,35.9945,35.56,LOW
3675,ML-01721,TRD,Section Insulator,0.37884753291873285,37.88475329187329,32.038000000000004,35.55,LOW
3676,ML-01320,ENGINEERING,Track,0.3097896550015599,30.97896550015599,42.38850000000001,35.54,LOW
3677,ML-02116,TRD,OHE,0.31374265945816715,31.374265945816717,41.786500000000004,35.54,LOW
3678,ML-00137,ENGINEERING,Point & Crossing,0.30383472815238954,30.383472815238953,43.2635,35.54,LOW
3679,ML-02083,S&T,Signal,0.3349184034954533,33.491840349545335,38.578,35.53,LOW
3680,ML-00107,ENGINEERING,Bridge,0.3528226928666082,35.28226928666082,35.8615,35.51,LOW
3681,ML-02540,ENGINEERING,Track,0.32207379568217237,32.207379568217235,40.43899999999999,35.5,LOW
3682,ML-04255,TRD,Transformer,0.25063421554697524,25.063421554697523,51.118,35.49,LOW
3683,ML-04634,ENGINEERING,Track,0.30667549354430557,30.667549354430555,42.705,35.48,LOW
3684,ML-01582,ENGINEERING,Bridge,0.3029743825977443,30.297438259774427,43.249,35.48,LOW
3685,ML-04186,ENGINEERING,Track,0.3030227013574278,30.30227013574278,43.2345,35.48,LOW
3686,ML-03755,ENGINEERING,Bridge,0.2510657628406889,25.106576284068886,51.04899999999999,35.48,LOW
3687,ML-00237,ENGINEERING,Point & Crossing,0.22760915629790585,22.760915629790585,54.487,35.45,LOW
3688,ML-00078,S&T,Point Machine,0.3578289348681975,35.78289348681975,34.925,35.44,LOW
3689,ML-01321,S&T,Point Machine,0.3065592433980328,30.65592433980328,42.5955,35.43,LOW
3690,ML-04766,ENGINEERING,Bridge,0.28350350060907936,28.350350060907935,46.01950000000001,35.42,LOW
3691,ML-02947,TRD,OHE,0.3953021898739725,39.53021898739725,29.2,35.4,LOW
3692,ML-01407,S&T,Point Machine,0.2134360411310794,21.34360411310794,56.469,35.39,LOW
3693,ML-03418,TRD,Section Insulator,0.2981403180037257,29.81403180037257,43.747666666666674,35.39,LOW
3694,ML-03718,ENGINEERING,Point & Crossing,0.25779437425651064,25.779437425651064,49.803000000000004,35.39,LOW
3695,ML-00243,TRD,Transformer,0.37706845235242575,37.706845235242575,31.893,35.38,LOW
3696,ML-03006,ENGINEERING,Track,0.23681397829126144,23.681397829126144,52.9245,35.38,LOW
3697,ML-00742,TRD,Section Insulator,0.23523710355324187,23.523710355324187,53.0695,35.34,LOW
3698,ML-02606,ENGINEERING,Point & Crossing,0.25326948850626496,25.326948850626497,50.339000000000006,35.33,LOW
3699,ML-04525,S&T,Axle Counter,0.2644537873962432,26.44537873962432,48.632999999999996,35.32,LOW
3700,ML-02072,S&T,Signal,0.2939379330674732,29.39379330674732,44.214,35.32,LOW
3701,ML-00697,ENGINEERING,Track,0.27708817057984064,27.708817057984064,46.725,35.32,LOW
3702,ML-03867,S&T,Point Machine,0.3249203917399005,32.49203917399005,39.534,35.31,LOW
3703,ML-04926,ENGINEERING,Bridge,0.3717674159757559,37.17674159757559,32.5055,35.31,LOW
3704,ML-01664,ENGINEERING,Point & Crossing,0.31136929045724193,31.136929045724195,41.581,35.31,LOW
3705,ML-01456,S&T,Signal,0.3512698398623841,35.12698398623841,35.569,35.3,LOW
3706,ML-00675,S&T,Axle Counter,0.2846785310821042,28.467853108210424,45.522999999999996,35.29,LOW
3707,ML-03638,ENGINEERING,Track,0.17066491665590927,17.066491665590927,62.630500000000005,35.29,LOW
3708,ML-01557,ENGINEERING,Bridge,0.34064532601916736,34.06453260191674,37.1105,35.28,LOW
3709,ML-01583,ENGINEERING,Point & Crossing,0.34233581152732945,34.233581152732945,36.82,35.27,LOW
3710,ML-03687,S&T,Signal,0.2837522904522424,28.375229045224238,45.6145,35.27,LOW
3711,ML-00033,ENGINEERING,Track,0.26235920490972303,26.235920490972305,48.833,35.27,LOW
3712,ML-00295,TRD,Transformer,0.3037926433263152,30.37926433263152,42.58883333333334,35.26,LOW
3713,ML-03282,ENGINEERING,Track,0.3048526686071251,30.485266860712514,42.4165,35.26,LOW
3714,ML-04155,ENGINEERING,Point & Crossing,0.25400647530958914,25.400647530958913,49.9895,35.24,LOW
3715,ML-04889,ENGINEERING,Bridge,0.3473493969266338,34.73493969266338,35.948,35.22,LOW
3716,ML-00633,S&T,Point Machine,0.3031264165948894,30.312641659488943,42.5535,35.21,LOW
3717,ML-01658,ENGINEERING,Bridge,0.3059914514963688,30.59914514963688,42.126999999999995,35.21,LOW
3718,ML-00366,ENGINEERING,Point & Crossing,0.2532348273370536,25.32348273370536,50.0245,35.2,LOW
3719,ML-02201,ENGINEERING,Track,0.36263849555351124,36.26384955535112,33.58,35.19,LOW
3720,ML-02277,S&T,Signal,0.34667980754523803,34.6679807545238,35.9825,35.19,LOW
3721,ML-03027,ENGINEERING,Bridge,0.2855269273115908,28.55269273115908,45.15283333333334,35.19,LOW
3722,ML-04886,ENGINEERING,Track,0.24350424187735506,24.350424187735506,51.451499999999996,35.19,LOW
3723,ML-00837,S&T,Point Machine,0.27744310803596406,27.744310803596406,46.331500000000005,35.18,LOW
3724,ML-00709,TRD,Section Insulator,0.26017758528690466,26.017758528690464,48.891,35.17,LOW
3725,ML-00741,TRD,Transformer,0.3393452466142671,33.934524661426714,37.022,35.17,LOW
3726,ML-01253,TRD,Transformer,0.40309206019044863,40.309206019044865,27.4235,35.15,LOW
3727,ML-03114,TRD,Section Insulator,0.35383687933908675,35.383687933908675,34.7725,35.14,LOW
3728,ML-04667,S&T,Point Machine,0.2626685421482509,26.26685421482509,48.442499999999995,35.14,LOW
3729,ML-01402,TRD,Transformer,0.28321007901031964,28.321007901031965,45.30466666666667,35.11,LOW
3730,ML-04242,ENGINEERING,Track,0.3371760802896135,33.71760802896135,37.1905,35.11,LOW
3731,ML-03372,TRD,Transformer,0.28440741414503057,28.44074141450306,45.1195,35.11,LOW
3732,ML-02319,S&T,Signal,0.2912705711530125,29.127057115301252,44.064499999999995,35.1,LOW
3733,ML-01025,S&T,Axle Counter,0.33737657549835165,33.73765754983516,37.116,35.09,LOW
3734,ML-02514,S&T,Axle Counter,0.3360256345104563,33.60256345104563,37.331500000000005,35.09,LOW
3735,ML-01094,ENGINEERING,Point & Crossing,0.31777715098793174,31.777715098793173,40.025,35.08,LOW
3736,ML-04326,ENGINEERING,Point & Crossing,0.2967538856338173,29.675388563381734,43.160000000000004,35.07,LOW
3737,ML-01873,ENGINEERING,Track,0.2837619139186711,28.37619139186711,45.123000000000005,35.07,LOW
3738,ML-04321,S&T,Signal,0.3442287514259997,34.42287514259997,36.0325,35.07,LOW
3739,ML-02052,ENGINEERING,Bridge,0.3024035081837529,30.24035081837529,42.2785,35.06,LOW
3740,ML-00465,TRD,Section Insulator,0.251007877424894,25.1007877424894,50.0075,35.06,LOW
3741,ML-03798,TRD,OHE,0.2587494288375776,25.87494288375776,48.835499999999996,35.06,LOW
3742,ML-04661,ENGINEERING,Bridge,0.3799814323029123,37.998143230291234,30.646,35.06,LOW
3743,ML-01168,TRD,OHE,0.3436319169913116,34.363191699131164,36.061,35.04,LOW
3744,ML-04605,S&T,Signal,0.3208555156782158,32.08555156782158,39.39,35.01,LOW
3745,ML-01833,TRD,Transformer,0.26983446126805377,26.983446126805376,47.0535,35.01,LOW
3746,ML-02891,ENGINEERING,Bridge,0.2804932270061118,28.049322700611178,45.451,35.01,LOW
3747,ML-01544,ENGINEERING,Bridge,0.35579596501140753,35.579596501140756,34.150999999999996,35.01,LOW
3748,ML-00500,ENGINEERING,Point & Crossing,0.2643933735583682,26.439337355836823,47.835499999999996,35.0,LOW
3749,ML-02003,ENGINEERING,Point & Crossing,0.2956626019801274,29.56626019801274,43.1615,35.0,LOW
3750,ML-03940,ENGINEERING,Point & Crossing,0.45542866131394466,45.54286613139447,19.178,35.0,LOW
3751,ML-03103,S&T,Axle Counter,0.3675852531344763,36.758525313447635,32.3255,34.99,LOW
3752,ML-04462,TRD,OHE,0.2906495888662338,29.064958886623383,43.879999999999995,34.99,LOW
3753,ML-00315,S&T,Point Machine,0.29290467662646286,29.290467662646286,43.530499999999996,34.99,LOW
3754,ML-04166,TRD,Section Insulator,0.3290382036703366,32.90382036703366,38.11183333333334,34.99,LOW
3755,ML-03920,ENGINEERING,Point & Crossing,0.3494916681749542,34.94916681749542,34.989999999999995,34.97,LOW
3756,ML-02563,ENGINEERING,Bridge,0.21909068993541794,21.909068993541794,54.5735,34.97,LOW
3757,ML-00372,TRD,Transformer,0.280904611415678,28.0904611415678,45.204,34.94,LOW
3758,ML-02832,ENGINEERING,Point & Crossing,0.31469824421055015,31.469824421055016,40.144999999999996,34.94,LOW
3759,ML-02274,ENGINEERING,Track,0.2794708827046682,27.947088270466818,45.399,34.93,LOW
3760,ML-02592,ENGINEERING,Bridge,0.38075960161052663,38.07596016105266,30.176499999999997,34.92,LOW
3761,ML-00736,ENGINEERING,Bridge,0.2612487485936769,26.12487485936769,48.1235,34.92,LOW
3762,ML-03475,TRD,Section Insulator,0.24594532692380397,24.594532692380398,50.3995,34.92,LOW
3763,ML-04455,ENGINEERING,Track,0.2936540295080191,29.36540295080191,43.2235,34.91,LOW
3764,ML-03384,TRD,Section Insulator,0.28352902975608324,28.352902975608323,44.735,34.91,LOW
3765,ML-00978,S&T,Point Machine,0.3366441490197727,33.66441490197727,36.734,34.89,LOW
3766,ML-00471,TRD,OHE,0.2737953637223115,27.37953637223115,46.166000000000004,34.89,LOW
3767,ML-02852,TRD,Section Insulator,0.3198637510024795,31.986375100247948,39.233000000000004,34.89,LOW
3768,ML-02920,TRD,OHE,0.31449239745207874,31.449239745207873,40.0475,34.89,LOW
3769,ML-00601,TRD,OHE,0.22102984249793345,22.102984249793344,54.0375,34.88,LOW
3770,ML-00209,ENGINEERING,Track,0.4515359861376664,45.15359861376664,19.46,34.88,LOW
3771,ML-00498,TRD,Transformer,0.3578272791787607,35.78272791787607,33.5075,34.87,LOW
3772,ML-01068,ENGINEERING,Point & Crossing,0.32494076212467254,32.494076212467256,38.4105,34.86,LOW
3773,ML-02437,S&T,Point Machine,0.30579745647731366,30.579745647731364,41.275,34.86,LOW
3774,ML-02862,TRD,OHE,0.24214940026371579,24.21494002637158,50.8065,34.85,LOW
3775,ML-03443,S&T,Signal,0.37188449585075867,37.188449585075865,31.2835,34.83,LOW
3776,ML-04543,TRD,OHE,0.3818061488708222,38.18061488708222,29.811,34.83,LOW
3777,ML-03273,ENGINEERING,Point & Crossing,0.3180485075217566,31.80485075217566,39.332,34.82,LOW
3778,ML-03723,TRD,Section Insulator,0.259323741073717,25.932374107371697,48.135000000000005,34.81,LOW
3779,ML-03786,S&T,Axle Counter,0.28495181669810316,28.495181669810314,44.294000000000004,34.81,LOW
3780,ML-04198,TRD,Section Insulator,0.2946754096155926,29.46754096155926,42.793,34.8,LOW
3781,ML-02552,TRD,Section Insulator,0.33933752601014133,33.933752601014135,36.068,34.79,LOW
3782,ML-02963,ENGINEERING,Point & Crossing,0.3700605602759873,37.00605602759873,31.451500000000003,34.78,LOW
3783,ML-01208,S&T,Signal,0.33402788493615854,33.40278849361585,36.853,34.78,LOW
3784,ML-04208,TRD,Section Insulator,0.3071364194163403,30.71364194163403,40.87350000000001,34.78,LOW
3785,ML-01702,S&T,Axle Counter,0.3138734293550114,31.387342935501138,39.8185,34.76,LOW
3786,ML-04429,ENGINEERING,Track,0.2816738157663957,28.16738157663957,44.615500000000004,34.75,LOW
3787,ML-02047,ENGINEERING,Point & Crossing,0.32667324022363803,32.6673240223638,37.839,34.74,LOW
3788,ML-03240,TRD,OHE,0.20518161066148977,20.518161066148977,56.068,34.74,LOW
3789,ML-01500,S&T,Point Machine,0.31486429430873936,31.486429430873937,39.626999999999995,34.74,LOW
3790,ML-04540,TRD,Transformer,0.32805818596719305,32.805818596719305,37.6465,34.74,LOW
3791,ML-01482,TRD,Section Insulator,0.2778871341278146,27.78871341278146,45.141,34.73,LOW
3792,ML-04550,S&T,Axle Counter,0.38159743442571115,38.15974344257111,29.5625,34.72,LOW
3793,ML-01618,ENGINEERING,Bridge,0.31424715558166133,31.424715558166135,39.6295,34.71,LOW
3794,ML-01197,TRD,OHE,0.3544729169978147,35.447291699781466,33.5415,34.68,LOW
3795,ML-03445,ENGINEERING,Point & Crossing,0.31220844025261524,31.220844025261524,39.849,34.67,LOW
3796,ML-00277,S&T,Signal,0.2573402995931014,25.73402995931014,48.0555,34.66,LOW
3797,ML-03286,ENGINEERING,Track,0.27656406103778997,27.656406103779,45.1765,34.66,LOW
3798,ML-04438,ENGINEERING,Bridge,0.33794065141461643,33.794065141461644,35.933499999999995,34.65,LOW
3799,ML-01683,S&T,Signal,0.371965108836791,37.1965108836791,30.828999999999997,34.65,LOW
3800,ML-00647,S&T,Axle Counter,0.3178398425776264,31.783984257762636,38.959,34.65,LOW
3801,ML-04262,S&T,Signal,0.3514925780312849,35.14925780312849,33.8885,34.64,LOW
3802,ML-03451,S&T,Signal,0.3520297433969444,35.202974339694435,33.792500000000004,34.64,LOW
3803,ML-02925,S&T,Axle Counter,0.30079861701283334,30.079861701283335,41.463499999999996,34.63,LOW
3804,ML-04576,ENGINEERING,Track,0.2991972853030356,29.91972853030356,41.673500000000004,34.62,LOW
3805,ML-00833,S&T,Axle Counter,0.34851801926253956,34.851801926253955,34.206999999999994,34.59,LOW
3806,ML-03493,TRD,Section Insulator,0.24886131967717492,24.886131967717493,49.11366666666667,34.58,LOW
3807,ML-02839,ENGINEERING,Track,0.258392476387276,25.839247638727603,47.693999999999996,34.58,LOW
3808,ML-04847,S&T,Axle Counter,0.33870239675072755,33.87023967507275,35.650999999999996,34.58,LOW
3809,ML-00274,ENGINEERING,Point & Crossing,0.26156915815584125,26.156915815584124,47.1905,34.57,LOW
3810,ML-02014,TRD,Section Insulator,0.30116058950238767,30.116058950238767,41.189,34.55,LOW
3811,ML-00080,TRD,Section Insulator,0.345740735960839,34.5740735960839,34.452,34.53,LOW
3812,ML-00567,ENGINEERING,Point & Crossing,0.26817945963198403,26.817945963198405,46.0985,34.53,LOW
3813,ML-01256,ENGINEERING,Track,0.355992208221669,35.5992208221669,32.932,34.53,LOW
3814,ML-00954,TRD,Section Insulator,0.3003149276421957,30.03149276421957,41.2535,34.52,LOW
3815,ML-03342,ENGINEERING,Point & Crossing,0.2675054097531907,26.75054097531907,46.185500000000005,34.52,LOW
3816,ML-01070,ENGINEERING,Point & Crossing,0.27509233718772075,27.509233718772073,44.986,34.5,LOW
3817,ML-02206,ENGINEERING,Bridge,0.3367919879926463,33.67919879926463,35.73650000000001,34.5,LOW
3818,ML-02898,ENGINEERING,Track,0.30639843684549517,30.63984368454952,40.281000000000006,34.5,LOW
3819,ML-03524,S&T,Axle Counter,0.18446529416829618,18.44652941682962,58.5535,34.49,LOW
3820,ML-04066,TRD,OHE,0.29836802041310373,29.836802041310374,41.454,34.48,LOW
3821,ML-02491,ENGINEERING,Bridge,0.32838121961427386,32.83812196142738,36.941,34.48,LOW
3822,ML-04114,ENGINEERING,Point & Crossing,0.37821689783973045,37.82168978397304,29.4205,34.46,LOW
3823,ML-01147,ENGINEERING,Point & Crossing,0.33591739461448805,33.5917394614488,35.76166666666667,34.46,LOW
3824,ML-01599,ENGINEERING,Bridge,0.30815414067916147,30.815414067916148,39.933,34.46,LOW
3825,ML-00451,TRD,OHE,0.2440592178360832,24.40592178360832,49.515,34.45,LOW
3826,ML-02240,ENGINEERING,Track,0.36514816490722446,36.514816490722446,31.338,34.44,LOW
3827,ML-02632,ENGINEERING,Point & Crossing,0.29419518739995576,29.419518739995574,41.9745,34.44,LOW
3828,ML-02539,ENGINEERING,Bridge,0.2734843606586394,27.34843606586394,45.061499999999995,34.43,LOW
3829,ML-02817,S&T,Point Machine,0.3804885223805202,38.04885223805202,28.96166666666667,34.41,LOW
3830,ML-04074,S&T,Signal,0.36528059771362065,36.52805977136207,31.1815,34.39,LOW
3831,ML-01164,TRD,Section Insulator,0.2766910262577826,27.669102625778258,44.4455,34.38,LOW
3832,ML-04873,ENGINEERING,Track,0.28107530348368304,28.107530348368304,43.7935,34.38,LOW
3833,ML-00343,ENGINEERING,Point & Crossing,0.35865388117539176,35.865388117539176,32.1345,34.37,LOW
3834,ML-02880,ENGINEERING,Track,0.29641286315608073,29.641286315608074,41.456,34.37,LOW
3835,ML-01846,ENGINEERING,Point & Crossing,0.2979798229745069,29.79798229745069,41.207,34.36,LOW
3836,ML-01063,S&T,Point Machine,0.3175025704690365,31.750257046903652,38.285,34.36,LOW
3837,ML-03203,S&T,Axle Counter,0.34027467549952817,34.02746754995282,34.8295,34.35,LOW
3838,ML-01119,S&T,Signal,0.23700144429261255,23.700144429261254,50.307,34.34,LOW
3839,ML-01861,S&T,Signal,0.2678289781258307,26.782897812583066,45.674,34.34,LOW
3840,ML-00367,TRD,OHE,0.33704660803112996,33.70466080311299,35.274,34.33,LOW
3841,ML-04422,ENGINEERING,Track,0.2454692487248523,24.546924872485228,49.005500000000005,34.33,LOW
3842,ML-03172,TRD,Transformer,0.3228991819365296,32.28991819365296,37.36450000000001,34.32,LOW
3843,ML-04128,ENGINEERING,Track,0.33770851721934597,33.7708517219346,35.144,34.32,LOW
3844,ML-03331,TRD,OHE,0.24433341119780344,24.433341119780344,49.1495,34.32,LOW
3845,ML-00694,TRD,Transformer,0.23357046593618494,23.357046593618495,50.7315,34.31,LOW
3846,ML-04888,ENGINEERING,Track,0.3700113901935837,37.00113901935837,30.256,34.3,LOW
3847,ML-04721,ENGINEERING,Point & Crossing,0.23867981403788718,23.86798140378872,49.945166666666665,34.3,LOW
3848,ML-02854,S&T,Point Machine,0.20810086328680336,20.810086328680335,54.505500000000005,34.29,LOW
3849,ML-03137,ENGINEERING,Point & Crossing,0.3449952244564527,34.49952244564527,33.9735,34.29,LOW
3850,ML-01353,S&T,Point Machine,0.2548133929542827,25.481339295428267,47.463,34.27,LOW
3851,ML-03430,ENGINEERING,Bridge,0.27482487086090734,27.482487086090735,44.451,34.27,LOW
3852,ML-02883,ENGINEERING,Track,0.2823871137993704,28.238711379937044,43.2975,34.26,LOW
3853,ML-00462,ENGINEERING,Point & Crossing,0.23617266648587804,23.617266648587805,50.230000000000004,34.26,LOW
3854,ML-02309,TRD,OHE,0.3015725856872012,30.15725856872012,40.382000000000005,34.25,LOW
3855,ML-03028,ENGINEERING,Point & Crossing,0.3706565724780191,37.06565724780191,30.0255,34.25,LOW
3856,ML-04635,ENGINEERING,Point & Crossing,0.25487061120095544,25.487061120095543,47.3765,34.24,LOW
3857,ML-01156,TRD,Section Insulator,0.3027391364469961,30.27391364469961,40.1365,34.22,LOW
3858,ML-00350,TRD,OHE,0.2726722758620799,27.267227586207994,44.629,34.21,LOW
3859,ML-03580,ENGINEERING,Bridge,0.20756722608719116,20.756722608719116,54.3775,34.21,LOW
3860,ML-00743,ENGINEERING,Bridge,0.264576904004657,26.4576904004657,45.81916666666667,34.2,LOW
3861,ML-02396,TRD,Transformer,0.34371829812192156,34.37182981219215,33.9445,34.2,LOW
3862,ML-02221,ENGINEERING,Point & Crossing,0.25690552667604893,25.690552667604894,46.92466666666667,34.18,LOW
3863,ML-01042,TRD,OHE,0.22932015566644803,22.932015566644804,51.057500000000005,34.18,LOW
3864,ML-00853,TRD,OHE,0.3059290750332357,30.59290750332357,39.5445,34.17,LOW
3865,ML-00624,TRD,Transformer,0.29903712648070907,29.903712648070908,40.5775,34.17,LOW
3866,ML-00649,TRD,Transformer,0.2903829707341998,29.038297073419976,41.8705,34.17,LOW
3867,ML-04894,S&T,Signal,0.32437625884425225,32.43762588442522,36.7345,34.16,LOW
3868,ML-04084,ENGINEERING,Point & Crossing,0.3007606474838457,30.076064748384567,40.2785,34.16,LOW
3869,ML-02928,TRD,Transformer,0.30359201241178246,30.359201241178248,39.83,34.15,LOW
3870,ML-04245,ENGINEERING,Bridge,0.2733667450454655,27.336674504546547,44.363,34.15,LOW
3871,ML-03581,TRD,OHE,0.2709277864311779,27.09277864311779,44.713499999999996,34.14,LOW
3872,ML-01762,S&T,Axle Counter,0.35936856111569065,35.936856111569064,31.426,34.13,LOW
3873,ML-00429,S&T,Point Machine,0.2769197521082629,27.691975210826293,43.766000000000005,34.12,LOW
3874,ML-03933,S&T,Point Machine,0.3592211641007887,35.92211641007887,31.341500000000003,34.09,LOW
3875,ML-01224,S&T,Point Machine,0.3277855414241851,32.77855414241851,36.048,34.09,LOW
3876,ML-02423,TRD,Transformer,0.26263210374863905,26.263210374863906,45.773,34.07,LOW
3877,ML-00143,ENGINEERING,Track,0.23505860310720986,23.505860310720987,49.911500000000004,34.07,LOW
3878,ML-02301,TRD,Section Insulator,0.29510650854206066,29.510650854206066,40.91,34.07,LOW
3879,ML-03179,ENGINEERING,Track,0.31448971832020106,31.448971832020106,37.8945,34.03,LOW
3880,ML-02830,ENGINEERING,Point & Crossing,0.3075440123007908,30.754401230079083,38.906,34.02,LOW
3881,ML-02159,ENGINEERING,Point & Crossing,0.2684538775747223,26.845387757472228,44.766000000000005,34.01,LOW
3882,ML-03863,S&T,Point Machine,0.2541778644459422,25.41778644459422,46.865,34.0,LOW
3883,ML-02585,TRD,Section Insulator,0.18441304295053468,18.441304295053467,57.304,33.99,LOW
3884,ML-00329,TRD,OHE,0.30803867982130845,30.803867982130846,38.7795,33.99,LOW
3885,ML-01284,ENGINEERING,Point & Crossing,0.3372655322959761,33.72655322959761,34.349000000000004,33.98,LOW
3886,ML-03307,S&T,Axle Counter,0.31170511370500636,31.170511370500638,38.196,33.98,LOW
3887,ML-00940,S&T,Signal,0.3277865649689879,32.77865649689879,35.7805,33.98,LOW
3888,ML-03076,TRD,Transformer,0.3391964673423417,33.91964673423417,34.041,33.97,LOW
3889,ML-02584,S&T,Signal,0.21292733355601023,21.292733355601023,52.996,33.97,LOW
3890,ML-02961,TRD,Transformer,0.3750912979030928,37.50912979030928,28.647,33.96,LOW
3891,ML-00368,ENGINEERING,Track,0.22303465995332977,22.303465995332978,51.41,33.95,LOW
3892,ML-04439,S&T,Axle Counter,0.3585910465171369,35.85910465171369,31.07,33.94,LOW
3893,ML-03531,ENGINEERING,Point & Crossing,0.2945574681848727,29.45574681848727,40.671499999999995,33.94,LOW
3894,ML-01908,S&T,Point Machine,0.3261787301592587,32.617873015925866,35.866,33.92,LOW
3895,ML-01609,TRD,OHE,0.34078933751923707,34.07893375192371,33.664500000000004,33.91,LOW
3896,ML-00999,TRD,Section Insulator,0.34267199119572267,34.26719911957227,33.381,33.91,LOW
3897,ML-04872,TRD,Transformer,0.32702291384326637,32.702291384326635,35.691,33.9,LOW
3898,ML-04322,ENGINEERING,Track,0.3289440983216803,32.89440983216803,35.3335,33.87,LOW
3899,ML-02020,ENGINEERING,Point & Crossing,0.3425047706013739,34.25047706013739,33.189,33.83,LOW
3900,ML-03771,ENGINEERING,Track,0.2569903755583043,25.69903755583043,46.021,33.83,LOW
3901,ML-04174,TRD,Transformer,0.2377927385479186,23.77927385479186,48.894,33.83,LOW
3902,ML-03594,S&T,Signal,0.2208884702644557,22.08884702644557,51.4025,33.81,LOW
3903,ML-04367,TRD,OHE,0.2633247215377592,26.33247215377592,45.0065,33.8,LOW
3904,ML-03153,S&T,Signal,0.2889312484964647,28.89312484964647,41.167,33.8,LOW
3905,ML-03450,TRD,Transformer,0.31515624940533365,31.515624940533364,37.2,33.79,LOW
3906,ML-02409,S&T,Signal,0.2336759064589446,23.36759064589446,49.4345,33.79,LOW
3907,ML-01864,S&T,Signal,0.34168530793646285,34.16853079364628,33.1995,33.78,LOW
3908,ML-00113,S&T,Axle Counter,0.29832438187948557,29.832438187948558,39.668,33.77,LOW
3909,ML-01597,ENGINEERING,Track,0.33547611735434485,33.54761173543449,34.1125,33.77,LOW
3910,ML-01607,ENGINEERING,Track,0.33081832761033675,33.081832761033674,34.799499999999995,33.77,LOW
3911,ML-03727,ENGINEERING,Bridge,0.3068620844636679,30.68620844636679,38.30883333333333,33.74,LOW
3912,ML-03655,S&T,Point Machine,0.2027872548326952,20.27872548326952,53.9095,33.73,LOW
3913,ML-03026,TRD,Transformer,0.32075220606191523,32.07522060619152,36.213499999999996,33.73,LOW
3914,ML-03408,S&T,Signal,0.2841174565150892,28.41174565150892,41.659499999999994,33.71,LOW
3915,ML-01478,ENGINEERING,Track,0.23837712055615626,23.837712055615626,48.4585,33.69,LOW
3916,ML-01613,ENGINEERING,Bridge,0.3120850555676041,31.208505556760407,37.413,33.69,LOW
3917,ML-02366,S&T,Point Machine,0.3108824369601672,31.088243696016722,37.584,33.69,LOW
3918,ML-02073,TRD,Section Insulator,0.26376449067118224,26.376449067118223,44.608,33.67,LOW
3919,ML-02166,S&T,Point Machine,0.2687461506101163,26.87461506101163,43.848,33.66,LOW
3920,ML-00732,ENGINEERING,Point & Crossing,0.30183236314916995,30.183236314916996,38.875,33.66,LOW
3921,ML-01230,ENGINEERING,Track,0.37851033841693665,37.85103384169366,27.3535,33.65,LOW
3922,ML-03773,ENGINEERING,Track,0.3057780978494819,30.57780978494819,38.2095,33.63,LOW
3923,ML-04475,ENGINEERING,Bridge,0.38553812440021124,38.553812440021126,26.214,33.62,LOW
3924,ML-00673,ENGINEERING,Bridge,0.26435750284709786,26.435750284709787,44.339999999999996,33.6,LOW
3925,ML-03397,S&T,Point Machine,0.3112107914803991,31.12107914803991,37.299,33.59,LOW
3926,ML-03289,TRD,Transformer,0.22233475560833188,22.233475560833188,50.626666666666665,33.59,LOW
3927,ML-03183,TRD,Transformer,0.24960690431547344,24.960690431547345,46.519000000000005,33.58,LOW
3928,ML-03986,S&T,Signal,0.3442734754217696,34.42734754217696,32.316,33.58,LOW
3929,ML-00805,S&T,Signal,0.28958501767690775,28.958501767690777,40.5065,33.58,LOW
3930,ML-00322,ENGINEERING,Point & Crossing,0.2674452571595705,26.744525715957053,43.8095,33.57,LOW
3931,ML-00068,S&T,Axle Counter,0.317885064579021,31.7885064579021,36.2055,33.56,LOW
3932,ML-03762,TRD,Transformer,0.2334434872969159,23.344348729691593,48.8675,33.55,LOW
3933,ML-04651,ENGINEERING,Track,0.37801859882649635,37.80185988264964,27.180999999999997,33.55,LOW
3934,ML-02211,S&T,Signal,0.30873413584699366,30.873413584699367,37.563500000000005,33.55,LOW
3935,ML-04334,TRD,Transformer,0.32643421558615154,32.64342155861515,34.8725,33.54,LOW
3936,ML-01143,ENGINEERING,Bridge,0.2634273957301214,26.342739573012143,44.269,33.51,LOW
3937,ML-04018,TRD,Section Insulator,0.32239988340753667,32.23998834075367,35.311499999999995,33.47,LOW
3938,ML-03845,TRD,OHE,0.27934390032840445,27.934390032840444,41.7395,33.46,LOW
3939,ML-03699,ENGINEERING,Bridge,0.3581070557316746,35.81070557316746,29.9,33.45,LOW
3940,ML-04659,S&T,Signal,0.22307200899336949,22.307200899336948,50.147,33.44,LOW
3941,ML-02315,ENGINEERING,Point & Crossing,0.2789673821439469,27.896738214394688,41.757000000000005,33.44,LOW
3942,ML-02079,TRD,Section Insulator,0.34975297389813753,34.975297389813754,31.102,33.43,LOW
3943,ML-02118,ENGINEERING,Track,0.3247014647852906,32.47014647852906,34.848,33.42,LOW
3944,ML-00029,ENGINEERING,Point & Crossing,0.29555255035358863,29.55525503535886,39.1855,33.41,LOW
3945,ML-04852,TRD,Section Insulator,0.30809489910047505,30.809489910047503,37.3,33.41,LOW
3946,ML-02686,S&T,Signal,0.19543682460600612,19.54368246060061,54.1665,33.39,LOW
3947,ML-01418,TRD,Transformer,0.29468810262987605,29.468810262987606,39.232,33.37,LOW
3948,ML-02992,S&T,Signal,0.33196683404705224,33.196683404705226,33.59133333333334,33.35,LOW
3949,ML-00577,S&T,Point Machine,0.3591967217430911,35.919672174309106,29.466833333333334,33.34,LOW
3950,ML-02448,ENGINEERING,Point & Crossing,0.27627474887729664,27.627474887729665,41.908,33.34,LOW
3951,ML-01973,TRD,Transformer,0.2818921496586364,28.18921496586364,41.05083333333334,33.33,LOW
3952,ML-01286,S&T,Point Machine,0.3147548954216205,31.475489542162048,36.12,33.33,LOW
3953,ML-03093,S&T,Signal,0.2991326109890411,29.91326109890411,38.448,33.33,LOW
3954,ML-00596,S&T,Axle Counter,0.25874070656697273,25.874070656697274,44.5145,33.33,LOW
3955,ML-01432,S&T,Axle Counter,0.24650401883267725,24.650401883267726,46.309,33.31,LOW
3956,ML-02823,ENGINEERING,Point & Crossing,0.2913324125254603,29.133241252546032,39.54600000000001,33.3,LOW
3957,ML-04445,ENGINEERING,Point & Crossing,0.297985584161306,29.7985584161306,38.525999999999996,33.29,LOW
3958,ML-02633,S&T,Axle Counter,0.20365553737650344,20.365553737650345,52.6725,33.29,LOW
3959,ML-03358,TRD,Section Insulator,0.24985180851298217,24.985180851298217,45.726,33.28,LOW
3960,ML-00316,ENGINEERING,Track,0.2979342714333498,29.793427143334977,38.511,33.28,LOW
3961,ML-00824,ENGINEERING,Bridge,0.23036926809657365,23.036926809657366,48.62383333333334,33.27,LOW
3962,ML-01999,TRD,OHE,0.31167613317928394,31.167613317928396,36.406,33.26,LOW
3963,ML-03763,TRD,Section Insulator,0.3303812633023469,33.03812633023469,33.591,33.26,LOW
3964,ML-03700,ENGINEERING,Point & Crossing,0.43481013828285325,43.48101382828533,17.8965,33.25,LOW
3965,ML-02418,ENGINEERING,Point & Crossing,0.31092762107338734,31.092762107338736,36.474000000000004,33.25,LOW
3966,ML-00259,TRD,Section Insulator,0.19701946524265967,19.701946524265967,53.563500000000005,33.25,LOW
3967,ML-02106,ENGINEERING,Track,0.2661463506786059,26.614635067860593,43.1875,33.24,LOW
3968,ML-03469,ENGINEERING,Bridge,0.2771700963931744,27.717009639317443,41.417,33.2,LOW
3969,ML-03678,S&T,Point Machine,0.31701281743316007,31.701281743316006,35.4575,33.2,LOW
3970,ML-04325,ENGINEERING,Track,0.3529581189392685,35.295811893926846,30.044,33.2,LOW
3971,ML-01553,ENGINEERING,Bridge,0.3613921523804682,36.139215238046816,28.769,33.19,LOW
3972,ML-02188,ENGINEERING,Bridge,0.27823648620193214,27.823648620193214,41.2485,33.19,LOW
3973,ML-04032,ENGINEERING,Bridge,0.2955263788213928,29.552637882139283,38.6385,33.19,LOW
3974,ML-03636,ENGINEERING,Track,0.2775292718115574,27.75292718115574,41.355000000000004,33.19,LOW
3975,ML-04249,ENGINEERING,Bridge,0.2230411011561365,22.30411011561365,49.495999999999995,33.18,LOW
3976,ML-02835,ENGINEERING,Track,0.2580695398066442,25.80695398066442,44.235,33.18,LOW
3977,ML-03112,ENGINEERING,Bridge,0.34777696113950624,34.777696113950626,30.766000000000002,33.17,LOW
3978,ML-03195,ENGINEERING,Track,0.2799161037766642,27.99161037766642,40.913000000000004,33.16,LOW
3979,ML-00661,ENGINEERING,Point & Crossing,0.22311703089010457,22.311703089010457,49.4225,33.16,LOW
3980,ML-04706,S&T,Point Machine,0.25361165274042263,25.361165274042264,44.8375,33.15,LOW
3981,ML-03953,TRD,Transformer,0.3025675827590258,30.25675827590258,37.48350000000001,33.15,LOW
3982,ML-03325,TRD,OHE,0.3151415338937305,31.51415338937305,35.546166666666664,33.13,LOW
3983,ML-03521,S&T,Point Machine,0.2865846629600506,28.65846629600506,39.802499999999995,33.12,LOW
3984,ML-00355,S&T,Axle Counter,0.25458321414528495,25.458321414528495,44.568999999999996,33.1,LOW
3985,ML-00898,TRD,Transformer,0.3255125776967504,32.55125776967504,33.93,33.1,LOW
3986,ML-02091,S&T,Point Machine,0.2862692784261045,28.62692784261045,39.8185,33.1,LOW
3987,ML-02227,S&T,Point Machine,0.2759274420598392,27.59274420598392,41.331999999999994,33.09,LOW
3988,ML-04127,ENGINEERING,Point & Crossing,0.2679104453216371,26.79104453216371,42.543,33.09,LOW
3989,ML-02359,ENGINEERING,Point & Crossing,0.3327456941080693,33.27456941080693,32.792,33.08,LOW
3990,ML-00876,ENGINEERING,Point & Crossing,0.19233429374928016,19.233429374928015,53.829499999999996,33.07,LOW
3991,ML-03647,ENGINEERING,Bridge,0.2657735612384867,26.577356123848674,42.808,33.07,LOW
3992,ML-02775,TRD,Section Insulator,0.3008266875560276,30.08266875560276,37.554,33.07,LOW
3993,ML-02799,TRD,Transformer,0.1882872368140065,18.82872368140065,54.4035,33.06,LOW
3994,ML-04281,ENGINEERING,Point & Crossing,0.31155586315018086,31.155586315018084,35.9015,33.05,LOW
3995,ML-01495,S&T,Point Machine,0.3556322694331609,35.56322694331609,29.2665,33.04,LOW
3996,ML-01507,S&T,Axle Counter,0.2576305062201065,25.763050622010653,43.958499999999994,33.04,LOW
3997,ML-02460,S&T,Axle Counter,0.29475895552861847,29.475895552861846,38.393,33.04,LOW
3998,ML-03512,ENGINEERING,Bridge,0.19704721484833734,19.704721484833733,53.043,33.04,LOW
3999,ML-04229,ENGINEERING,Point & Crossing,0.2997846456909083,29.97846456909083,37.5715,33.02,LOW
4000,ML-00971,ENGINEERING,Bridge,0.2501993319922111,25.01993319922111,45.024,33.02,LOW
4001,ML-03086,S&T,Axle Counter,0.2880851764745348,28.80851764745348,39.344,33.02,LOW
4002,ML-01247,S&T,Axle Counter,0.2238365796336273,22.38365796336273,48.95,33.01,LOW
4003,ML-02157,TRD,Section Insulator,0.30849668473804137,30.849668473804137,36.234,33.0,LOW
4004,ML-03661,S&T,Point Machine,0.3737307245239053,37.37307245239053,26.432000000000002,33.0,LOW
4005,ML-01723,S&T,Axle Counter,0.21207057188786183,21.207057188786184,50.68750000000001,33.0,LOW
4006,ML-00072,ENGINEERING,Bridge,0.26407543705969266,26.407543705969267,42.8215,32.97,LOW
4007,ML-03841,S&T,Axle Counter,0.28449954817251244,28.449954817251243,39.7215,32.96,LOW
4008,ML-04796,ENGINEERING,Point & Crossing,0.2946297210227802,29.462972102278016,38.144,32.94,LOW
4009,ML-04337,S&T,Signal,0.29924759940513,29.924759940513002,37.462,32.94,LOW
4010,ML-02006,TRD,Transformer,0.2794380524388102,27.94380524388102,40.435,32.94,LOW
4011,ML-00839,TRD,Section Insulator,0.3347609794576924,33.47609794576924,32.114000000000004,32.93,LOW
4012,ML-00325,ENGINEERING,Point & Crossing,0.25026037586610517,25.026037586610517,44.7335,32.91,LOW
4013,ML-03574,S&T,Axle Counter,0.2378952548814617,23.78952548814617,46.579499999999996,32.91,LOW
4014,ML-01391,TRD,Section Insulator,0.1503907652608504,15.03907652608504,59.6325,32.88,LOW
4015,ML-00772,TRD,OHE,0.3009250929282051,30.09250929282051,37.053,32.88,LOW
4016,ML-01688,S&T,Point Machine,0.3390313630884683,33.90313630884683,31.357499999999998,32.88,LOW
4017,ML-00020,TRD,Section Insulator,0.27301524328950333,27.301524328950332,41.260000000000005,32.88,LOW
4018,ML-02248,S&T,Axle Counter,0.3403051214076072,34.03051214076072,31.130000000000003,32.87,LOW
4019,ML-04040,S&T,Signal,0.22146357926629087,22.146357926629086,48.951,32.87,LOW
4020,ML-00115,ENGINEERING,Point & Crossing,0.23169244600706307,23.169244600706307,47.395833333333336,32.86,LOW
4021,ML-02537,S&T,Axle Counter,0.3175031927733436,31.75031927733436,34.4915,32.85,LOW
4022,ML-04949,TRD,Transformer,0.2876596651521027,28.765966515210266,38.9605,32.84,LOW
4023,ML-04054,S&T,Signal,0.2536597252771698,25.36597252771698,43.97,32.81,LOW
4024,ML-03204,S&T,Axle Counter,0.27742506898363384,27.742506898363384,40.409,32.81,LOW
4025,ML-04751,TRD,Transformer,0.2724936579962461,27.24936579962461,41.119,32.8,LOW
4026,ML-01376,ENGINEERING,Point & Crossing,0.3355394351297128,33.55394351297128,31.671499999999998,32.8,LOW
4027,ML-02558,TRD,OHE,0.28112694107777064,28.112694107777063,39.785,32.78,LOW
4028,ML-03348,TRD,OHE,0.29662296721271114,29.662296721271115,37.433,32.77,LOW
4029,ML-02200,S&T,Axle Counter,0.284870587051199,28.4870587051199,39.162000000000006,32.76,LOW
4030,ML-03045,ENGINEERING,Point & Crossing,0.21563701297621843,21.563701297621844,49.521,32.75,LOW
4031,ML-01571,TRD,OHE,0.4021125496125766,40.21125496125766,21.467,32.71,LOW
4032,ML-04824,ENGINEERING,Point & Crossing,0.2522593685613868,25.22593685613868,43.882,32.69,LOW
4033,ML-04079,S&T,Point Machine,0.24104564853190832,24.104564853190833,45.56,32.69,LOW
4034,ML-04051,S&T,Signal,0.23154363054069674,23.154363054069673,46.973000000000006,32.68,LOW
4035,ML-01324,ENGINEERING,Bridge,0.3419688398394337,34.19688398394337,30.3695,32.67,LOW
4036,ML-01054,ENGINEERING,Bridge,0.3104465798930902,31.044657989309023,35.0775,32.66,LOW
4037,ML-00352,TRD,Section Insulator,0.2832457200785263,28.324572007852627,39.14,32.65,LOW
4038,ML-01016,ENGINEERING,Bridge,0.30474181196038236,30.474181196038234,35.846500000000006,32.62,LOW
4039,ML-03002,ENGINEERING,Bridge,0.30670248551882184,30.670248551882185,35.555499999999995,32.62,LOW
4040,ML-02811,S&T,Signal,0.24361170501047874,24.361170501047873,45.0095,32.62,LOW
4041,ML-03178,TRD,OHE,0.3048733585328121,30.487335853281213,35.812,32.62,LOW
4042,ML-03806,S&T,Signal,0.3008407435955214,30.084074359552137,36.3775,32.6,LOW
4043,ML-04183,ENGINEERING,Bridge,0.19797802159503342,19.79780215950334,51.781000000000006,32.59,LOW
4044,ML-01187,TRD,OHE,0.25369421255064184,25.369421255064182,43.4025,32.58,LOW
4045,ML-03490,ENGINEERING,Track,0.27239098692159724,27.239098692159725,40.596000000000004,32.58,LOW
4046,ML-02332,TRD,Section Insulator,0.2717207635481685,27.17207635481685,40.655499999999996,32.57,LOW
4047,ML-03339,S&T,Axle Counter,0.2837974198537953,28.379741985379532,38.828,32.56,LOW
4048,ML-01009,ENGINEERING,Track,0.30603091060388093,30.603091060388092,35.4975,32.56,LOW
4049,ML-01576,ENGINEERING,Bridge,0.2677754498332235,26.77754498332235,41.236000000000004,32.56,LOW
4050,ML-02656,S&T,Signal,0.19713798471560684,19.713798471560683,51.786,32.54,LOW
4051,ML-04716,ENGINEERING,Track,0.3423056317914305,34.23056317914305,29.9675,32.53,LOW
4052,ML-04203,ENGINEERING,Point & Crossing,0.2738719779824726,27.38719779824726,40.2375,32.53,LOW
4053,ML-03190,S&T,Signal,0.3433270125097961,34.33270125097961,29.8345,32.53,LOW
4054,ML-03997,TRD,OHE,0.22787883009040036,22.787883009040037,47.097500000000004,32.51,LOW
4055,ML-00609,TRD,Section Insulator,0.2851368804059826,28.51368804059826,38.497,32.51,LOW
4056,ML-00396,ENGINEERING,Bridge,0.22484640227630098,22.4846402276301,47.55766666666668,32.51,LOW
4057,ML-02974,ENGINEERING,Bridge,0.31694210688131563,31.694210688131562,33.7135,32.5,LOW
4058,ML-01259,ENGINEERING,Bridge,0.2832315863404216,28.323158634042162,38.7115,32.48,LOW
4059,ML-01543,S&T,Axle Counter,0.17058917525044176,17.058917525044176,55.603833333333334,32.48,LOW
4060,ML-00082,ENGINEERING,Track,0.21091908724229988,21.091908724229988,49.5145,32.46,LOW
4061,ML-00221,ENGINEERING,Track,0.18843180163710624,18.843180163710624,52.8615,32.45,LOW
4062,ML-03402,S&T,Point Machine,0.30156862154695374,30.156862154695375,35.75716666666666,32.4,LOW
4063,ML-02196,TRD,Transformer,0.3348773433885922,33.48773433885922,30.7365,32.39,LOW
4064,ML-04913,ENGINEERING,Track,0.19440225384924031,19.44022538492403,51.795500000000004,32.38,LOW
4065,ML-02307,TRD,Transformer,0.2483351748973441,24.83351748973441,43.6885,32.38,LOW
4066,ML-00858,TRD,OHE,0.33863513319060345,33.863513319060345,30.122,32.37,LOW
4067,ML-03535,TRD,OHE,0.3293476972556773,32.93476972556773,31.493,32.36,LOW
4068,ML-03049,ENGINEERING,Bridge,0.2731081849703745,27.31081849703745,39.911500000000004,32.35,LOW
4069,ML-01780,S&T,Point Machine,0.3102627183634888,31.02627183634888,34.323499999999996,32.35,LOW
4070,ML-01720,ENGINEERING,Bridge,0.20082629470285096,20.082629470285095,50.676,32.32,LOW
4071,ML-01454,ENGINEERING,Bridge,0.30593215289147724,30.593215289147725,34.919,32.32,LOW
4072,ML-03813,TRD,OHE,0.24131438860100726,24.131438860100726,44.604,32.32,LOW
4073,ML-02496,TRD,OHE,0.17982999059458168,17.98299905945817,53.78416666666668,32.3,LOW
4074,ML-02480,ENGINEERING,Track,0.2557754967592461,25.57754967592461,42.2975,32.27,LOW
4075,ML-04163,ENGINEERING,Point & Crossing,0.24364580265304436,24.364580265304436,44.12416666666667,32.27,LOW
4076,ML-00387,TRD,Transformer,0.2433848762522817,24.33848762522817,44.1515,32.26,LOW
4077,ML-01326,ENGINEERING,Point & Crossing,0.2754891312543714,27.548913125437142,39.324,32.26,LOW
4078,ML-02722,S&T,Axle Counter,0.14833882793469708,14.833882793469707,58.392833333333336,32.26,LOW
4079,ML-04441,TRD,Section Insulator,0.17673185219986232,17.67318521998623,54.099999999999994,32.24,LOW
4080,ML-02405,S&T,Point Machine,0.22061340207500282,22.061340207500283,47.472,32.23,LOW
4081,ML-03526,S&T,Axle Counter,0.2758223316984694,27.582233169846944,39.176500000000004,32.22,LOW
4082,ML-01730,ENGINEERING,Track,0.3389907048034481,33.89907048034481,29.67,32.21,LOW
4083,ML-04747,TRD,Section Insulator,0.2061917908838808,20.61917908838808,49.584999999999994,32.21,LOW
4084,ML-03744,S&T,Axle Counter,0.33056571848855987,33.05657184885599,30.95,32.21,LOW
4085,ML-00868,TRD,Transformer,0.34621733137702426,34.62173313770243,28.567,32.2,LOW
4086,ML-02403,ENGINEERING,Bridge,0.27520380161934827,27.520380161934828,39.2115,32.2,LOW
4087,ML-03477,ENGINEERING,Bridge,0.32101401159001514,32.10140115900151,32.326,32.19,LOW
4088,ML-04664,S&T,Axle Counter,0.2589949349638798,25.899493496387983,41.625,32.19,LOW
4089,ML-04364,TRD,Transformer,0.2659971035069086,26.59971035069086,40.5585,32.18,LOW
4090,ML-03432,S&T,Point Machine,0.3124925823948715,31.249258239487148,33.576499999999996,32.18,LOW
4091,ML-00985,TRD,Transformer,0.24213634010621482,24.213634010621483,44.0945,32.17,LOW
4092,ML-03645,TRD,Transformer,0.2686986424440606,26.86986424440606,40.084500000000006,32.16,LOW
4093,ML-04800,ENGINEERING,Bridge,0.21146321703834836,21.146321703834836,48.6915,32.16,LOW
4094,ML-02576,ENGINEERING,Bridge,0.2120675411913553,21.206754119135528,48.57,32.15,LOW
4095,ML-01837,S&T,Point Machine,0.3125886725339256,31.25886725339256,33.4165,32.12,LOW
4096,ML-02700,ENGINEERING,Point & Crossing,0.22826446427132946,22.826446427132947,46.025,32.11,LOW
4097,ML-04478,ENGINEERING,Point & Crossing,0.32214917430651147,32.21491743065115,31.945500000000003,32.11,LOW
4098,ML-02660,ENGINEERING,Point & Crossing,0.2465167162669154,24.65167162669154,43.275,32.1,LOW
4099,ML-02856,ENGINEERING,Point & Crossing,0.2967578885232986,29.67578885232986,35.7375,32.1,LOW
4100,ML-01511,ENGINEERING,Point & Crossing,0.29276283037267986,29.276283037267987,36.3065,32.09,LOW
4101,ML-03967,TRD,OHE,0.2120109241830497,21.20109241830497,48.38250000000001,32.07,LOW
4102,ML-02580,S&T,Signal,0.25398994265984326,25.398994265984324,42.0695,32.07,LOW
4103,ML-00537,ENGINEERING,Point & Crossing,0.17190565593124782,17.19056559312478,54.377,32.07,LOW
4104,ML-00089,S&T,Point Machine,0.22346317274013208,22.34631727401321,46.598,32.05,LOW
4105,ML-00818,TRD,Transformer,0.31448296893088207,31.448296893088205,32.943,32.05,LOW
4106,ML-04640,S&T,Point Machine,0.31772130617685823,31.772130617685825,32.454,32.04,LOW
4107,ML-01905,ENGINEERING,Track,0.251957557733611,25.1957557733611,42.272000000000006,32.03,LOW
4108,ML-04648,S&T,Signal,0.18368510910834884,18.368510910834885,52.508,32.02,LOW
4109,ML-03987,S&T,Axle Counter,0.16861152216094064,16.861152216094062,54.75016666666667,32.02,LOW
4110,ML-00625,TRD,Transformer,0.23968465508138337,23.968465508138337,44.104,32.02,LOW
4111,ML-00761,ENGINEERING,Bridge,0.27557494651354186,27.557494651354187,38.6565,32.0,LOW
4112,ML-00155,ENGINEERING,Track,0.260229118699047,26.022911869904704,40.959500000000006,32.0,LOW
4113,ML-01036,ENGINEERING,Point & Crossing,0.2016622916909583,20.166229169095832,49.757999999999996,32.0,LOW
4114,ML-04762,TRD,Section Insulator,0.2669232739212244,26.69232739212244,39.941,31.99,LOW
4115,ML-02499,TRD,Transformer,0.3149226891358772,31.49226891358772,32.721000000000004,31.98,LOW
4116,ML-03136,TRD,OHE,0.26220970324792636,26.220970324792635,40.573,31.96,LOW
4117,ML-01022,TRD,Section Insulator,0.2927871794857661,29.27871794857661,35.9855,31.96,LOW
4118,ML-02015,ENGINEERING,Track,0.3728836211182632,37.288362111826316,23.883000000000003,31.93,LOW
4119,ML-01381,ENGINEERING,Point & Crossing,0.24599942301168295,24.599942301168294,42.900999999999996,31.92,LOW
4120,ML-02133,TRD,Transformer,0.20199929505422173,20.199929505422173,49.4945,31.92,LOW
4121,ML-02086,ENGINEERING,Bridge,0.29697965745915494,29.697965745915493,35.158500000000004,31.88,LOW
4122,ML-02004,TRD,OHE,0.2845095175759922,28.45095175759922,36.9905,31.87,LOW
4123,ML-04025,S&T,Signal,0.2740728605210849,27.407286052108493,38.567499999999995,31.87,LOW
4124,ML-00323,S&T,Signal,0.2747455486653391,27.47455486653391,38.448,31.86,LOW
4125,ML-03968,ENGINEERING,Track,0.1524481108323333,15.244811083233332,56.783500000000004,31.86,LOW
4126,ML-02781,TRD,OHE,0.2792427644206415,27.92427644206415,37.7095,31.84,LOW
4127,ML-03523,ENGINEERING,Point & Crossing,0.23720213039544621,23.72021303954462,44.01916666666667,31.84,LOW
4128,ML-00417,S&T,Signal,0.35481938315518063,35.481938315518065,26.358,31.83,LOW
4129,ML-03476,ENGINEERING,Bridge,0.2935099368596665,29.350993685966646,35.557,31.83,LOW
4130,ML-01870,ENGINEERING,Track,0.2802447929468678,28.02447929468678,37.5115,31.82,LOW
4131,ML-04842,TRD,Transformer,0.31424490546302475,31.424490546302476,32.4135,31.82,LOW
4132,ML-04924,TRD,OHE,0.3226319433446638,32.26319433446638,31.155499999999996,31.82,LOW
4133,ML-01978,S&T,Signal,0.2556877034878591,25.568770348785907,41.179500000000004,31.81,LOW
4134,ML-04135,TRD,OHE,0.2840928524952538,28.40928524952538,36.870000000000005,31.79,LOW
4135,ML-00587,TRD,OHE,0.2948232806710392,29.482328067103918,35.214,31.77,LOW
4136,ML-04777,TRD,OHE,0.21635662010728118,21.63566201072812,46.951499999999996,31.76,LOW
4137,ML-00949,TRD,Transformer,0.23458873659349777,23.458873659349777,44.1155,31.72,LOW
4138,ML-00419,S&T,Point Machine,0.23005268075749885,23.005268075749886,44.765,31.71,LOW
4139,ML-03186,TRD,Transformer,0.29234098444953455,29.234098444953453,35.3945,31.7,LOW
4140,ML-03154,S&T,Point Machine,0.2110401631028646,21.10401631028646,47.543,31.68,LOW
4141,ML-00549,S&T,Point Machine,0.27031674581711146,27.031674581711147,38.614999999999995,31.67,LOW
4142,ML-02724,ENGINEERING,Point & Crossing,0.2947015236264515,29.470152362645152,34.962999999999994,31.67,LOW
4143,ML-04927,S&T,Point Machine,0.2738518117894669,27.385181178946688,38.061499999999995,31.66,LOW
4144,ML-00282,TRD,Transformer,0.20114034324018984,20.114034324018984,48.967,31.66,LOW
4145,ML-00912,ENGINEERING,Bridge,0.3096135601200948,30.961356012009478,32.69,31.65,LOW
4146,ML-03919,ENGINEERING,Bridge,0.3347198441990503,33.471984419905034,28.907500000000002,31.65,LOW
4147,ML-01552,S&T,Axle Counter,0.2307896210696719,23.07896210696719,44.4925,31.64,LOW
4148,ML-02842,S&T,Signal,0.3236820235178077,32.36820235178077,30.5535,31.64,LOW
4149,ML-04355,TRD,Section Insulator,0.2509844901706101,25.098449017061007,41.456500000000005,31.64,LOW
4150,ML-01871,ENGINEERING,Point & Crossing,0.29423026765493876,29.423026765493876,34.91,31.62,LOW
4151,ML-04999,ENGINEERING,Bridge,0.25215769217617373,25.215769217617375,41.224500000000006,31.62,LOW
4152,ML-04574,ENGINEERING,Track,0.2234656857230723,22.34656857230723,45.49966666666667,31.61,LOW
4153,ML-00573,ENGINEERING,Track,0.2669152589278902,26.69152589278902,38.9375,31.59,LOW
4154,ML-02381,TRD,OHE,0.2975782105122151,29.757821051221512,34.34,31.59,LOW
4155,ML-03650,TRD,Transformer,0.27730844217593853,27.73084421759385,37.3825,31.59,LOW
4156,ML-00607,TRD,OHE,0.22196938971752186,22.196938971752186,45.6775,31.59,LOW
4157,ML-04109,S&T,Signal,0.3074906637171529,30.74906637171529,32.8445,31.59,LOW
4158,ML-01498,ENGINEERING,Point & Crossing,0.38810580976506215,38.810580976506216,20.76,31.59,LOW
4159,ML-03362,ENGINEERING,Track,0.1683722178237624,16.83722178237624,53.692,31.58,LOW
4160,ML-00399,TRD,OHE,0.3303236924803899,33.03236924803899,29.38,31.57,LOW
4161,ML-04984,S&T,Axle Counter,0.3204030564866677,32.040305648666774,30.870500000000003,31.57,LOW
4162,ML-04405,ENGINEERING,Bridge,0.27806010847454127,27.806010847454125,37.196999999999996,31.56,LOW
4163,ML-02944,TRD,OHE,0.18767416017197824,18.767416017197824,50.7045,31.54,LOW
4164,ML-00674,ENGINEERING,Bridge,0.32844400182393424,32.84440018239342,29.5735,31.54,LOW
4165,ML-02401,TRD,Transformer,0.31898263501325175,31.898263501325175,30.9465,31.52,LOW
4166,ML-01410,TRD,OHE,0.1947283025886851,19.47283025886851,49.583,31.52,LOW
4167,ML-04240,ENGINEERING,Track,0.2246419945261758,22.46419945261758,45.0705,31.51,LOW
4168,ML-04352,S&T,Point Machine,0.27084887796834445,27.084887796834444,38.138,31.51,LOW
4169,ML-04425,S&T,Point Machine,0.24129234094704047,24.129234094704046,42.553,31.5,LOW
4170,ML-02980,ENGINEERING,Bridge,0.2938122271959002,29.38122271959002,34.641999999999996,31.49,LOW
4171,ML-03368,ENGINEERING,Track,0.22948905622218574,22.948905622218575,44.3065,31.49,LOW
4172,ML-02662,ENGINEERING,Track,0.22896877912801825,22.896877912801823,44.363499999999995,31.48,LOW
4173,ML-01860,TRD,OHE,0.2585758913282649,25.85758913282649,39.8875,31.47,LOW
4174,ML-01989,TRD,OHE,0.24106387939934262,24.10638793993426,42.509,31.47,LOW
4175,ML-01745,TRD,Transformer,0.350498680279909,35.0498680279909,26.074,31.46,LOW
4176,ML-02357,TRD,Section Insulator,0.4058278551125485,40.58278551125485,17.743,31.45,LOW
4177,ML-04942,ENGINEERING,Bridge,0.31622385660257796,31.622385660257795,31.105,31.42,LOW
4178,ML-02745,TRD,Transformer,0.23232915485793765,23.232915485793765,43.689,31.42,LOW
4179,ML-00242,TRD,Section Insulator,0.2444553691334368,24.44553691334368,41.8655,31.41,LOW
4180,ML-01878,TRD,OHE,0.2837177228437203,28.37177228437203,35.977000000000004,31.41,LOW
4181,ML-00630,TRD,Section Insulator,0.31858706906947776,31.858706906947777,30.743499999999997,31.41,LOW
4182,ML-00908,TRD,Section Insulator,0.23513348120748528,23.513348120748528,43.22,31.4,LOW
4183,ML-03693,S&T,Signal,0.3239051703463344,32.39051703463344,29.925,31.4,LOW
4184,ML-02600,ENGINEERING,Bridge,0.2924816057844177,29.248160578441766,34.5925,31.39,LOW
4185,ML-01675,ENGINEERING,Point & Crossing,0.27499927732409174,27.499927732409173,37.189499999999995,31.38,LOW
4186,ML-01299,ENGINEERING,Track,0.2988938144283187,29.88938144283187,33.626000000000005,31.38,LOW
4187,ML-03133,TRD,Section Insulator,0.22661695860256473,22.661695860256472,44.468,31.38,LOW
4188,ML-00689,ENGINEERING,Bridge,0.20146744239412384,20.146744239412385,48.20400000000001,31.37,LOW
4189,ML-04214,S&T,Point Machine,0.27437027219527693,27.437027219527693,37.263,31.37,LOW
4190,ML-00785,TRD,Transformer,0.21291530246822968,21.29153024682297,46.481,31.37,LOW
4191,ML-04702,TRD,Transformer,0.24050881985155392,24.050881985155392,42.357,31.37,LOW
4192,ML-03887,ENGINEERING,Track,0.2961875690163068,29.61875690163068,34.007000000000005,31.37,LOW
4193,ML-01019,TRD,OHE,0.3411658017196696,34.11658017196696,27.2185,31.36,LOW
4194,ML-00758,TRD,Transformer,0.30122782998640096,30.122782998640098,33.158,31.34,LOW
4195,ML-04850,TRD,Transformer,0.3131104405410706,31.31104405410706,31.326500000000003,31.32,LOW
4196,ML-00507,S&T,Point Machine,0.30459742496469927,30.45974249646993,32.607,31.32,LOW
4197,ML-03878,ENGINEERING,Track,0.277620504782927,27.7620504782927,36.618,31.3,LOW
4198,ML-02636,ENGINEERING,Track,0.23851220165696424,23.851220165696425,42.443000000000005,31.29,LOW
4199,ML-03946,ENGINEERING,Bridge,0.32253930449481044,32.25393044948105,29.7875,31.27,LOW
4200,ML-03333,S&T,Axle Counter,0.39760025211666306,39.7600252116663,18.424,31.23,LOW
4201,ML-04733,TRD,Transformer,0.3422138694753288,34.22138694753288,26.754500000000004,31.23,LOW
4202,ML-01470,S&T,Point Machine,0.219724872576687,21.9724872576687,45.091,31.22,LOW
4203,ML-00383,ENGINEERING,Track,0.32745642896565647,32.74564289656565,28.906000000000002,31.21,LOW
4204,ML-02458,ENGINEERING,Point & Crossing,0.2898837216520981,28.988372165209807,34.533,31.21,LOW
4205,ML-04581,ENGINEERING,Point & Crossing,0.24633319894651953,24.633319894651954,41.063500000000005,31.21,LOW
4206,ML-00365,S&T,Point Machine,0.3006589422578712,30.065894225787122,32.912333333333336,31.2,LOW
4207,ML-04854,ENGINEERING,Point & Crossing,0.32978110088658047,32.97811008865805,28.5175,31.19,LOW
4208,ML-02553,S&T,Axle Counter,0.1964700451451428,19.64700451451428,48.5055,31.19,LOW
4209,ML-04266,S&T,Signal,0.26821769181191946,26.821769181191947,37.7415,31.19,LOW
4210,ML-03084,ENGINEERING,Bridge,0.23265049539189842,23.265049539189842,43.052,31.18,LOW
4211,ML-04312,S&T,Point Machine,0.27914598895671877,27.914598895671876,36.0785,31.18,LOW
4212,ML-04779,ENGINEERING,Point & Crossing,0.26380080524660876,26.380080524660876,38.375,31.18,LOW
4213,ML-02599,ENGINEERING,Track,0.2841347727422029,28.413477274220288,35.304,31.17,LOW
4214,ML-04839,S&T,Signal,0.35086099265872767,35.08609926587277,25.2125,31.14,LOW
4215,ML-03457,TRD,OHE,0.2963034599988445,29.63034599988445,33.3795,31.13,LOW
4216,ML-00348,TRD,Transformer,0.2722060452667756,27.220604526677562,36.992,31.13,LOW
4217,ML-04313,ENGINEERING,Bridge,0.18636309100724635,18.636309100724635,49.79266666666667,31.1,LOW
4218,ML-02138,TRD,OHE,0.3939345814537776,39.39345814537776,18.616999999999997,31.08,LOW
4219,ML-04477,TRD,OHE,0.20147930648630136,20.147930648630137,47.47933333333334,31.08,LOW
4220,ML-04220,S&T,Point Machine,0.23839122724647008,23.83912272464701,41.89,31.06,LOW
4221,ML-03151,ENGINEERING,Bridge,0.24292259200395377,24.292259200395378,41.1865,31.05,LOW
4222,ML-04645,TRD,OHE,0.20825170592336284,20.825170592336285,46.38433333333334,31.05,LOW
4223,ML-00733,TRD,Section Insulator,0.24528193827394168,24.52819382739417,40.7915,31.03,LOW
4224,ML-04503,S&T,Point Machine,0.2644701251427724,26.44701251427724,37.8655,31.01,LOW
4225,ML-03062,ENGINEERING,Bridge,0.16903474838496668,16.903474838496667,52.123000000000005,30.99,LOW
4226,ML-04619,TRD,Transformer,0.1909996613566123,19.09996613566123,48.80983333333334,30.98,LOW
4227,ML-01167,ENGINEERING,Point & Crossing,0.23904446000783353,23.904446000783352,41.5225,30.95,LOW
4228,ML-01238,ENGINEERING,Point & Crossing,0.2434230033452339,24.34230033452339,40.7945,30.92,LOW
4229,ML-01415,ENGINEERING,Track,0.23058826992990503,23.058826992990504,42.7235,30.92,LOW
4230,ML-00992,ENGINEERING,Bridge,0.3600024156722334,36.00024156722334,23.258,30.9,LOW
4231,ML-04580,TRD,Transformer,0.2582048736219711,25.82048736219711,38.5145,30.9,LOW
4232,ML-00925,ENGINEERING,Track,0.2620941060839458,26.209410608394577,37.885999999999996,30.88,LOW
4233,ML-00121,TRD,Transformer,0.29658587353417176,29.658587353417175,32.6715,30.86,LOW
4234,ML-00782,ENGINEERING,Point & Crossing,0.26853809740031087,26.85380974003109,36.8465,30.85,LOW
4235,ML-04012,S&T,Axle Counter,0.2356250266119095,23.56250266119095,41.702,30.82,LOW
4236,ML-04424,TRD,Transformer,0.28055261655848485,28.055261655848483,34.971000000000004,30.82,LOW
4237,ML-03097,ENGINEERING,Track,0.2721062335700374,27.210623357003737,36.221000000000004,30.81,LOW
4238,ML-02794,TRD,Transformer,0.20289394976901046,20.289394976901047,46.592999999999996,30.81,LOW
4239,ML-02051,TRD,OHE,0.2826517822524456,28.265178225244558,34.6355,30.81,LOW
4240,ML-02112,ENGINEERING,Point & Crossing,0.1655823491816994,16.55823491816994,52.172,30.8,LOW
4241,ML-02192,S&T,Point Machine,0.3028086468663861,30.28086468663861,31.578500000000002,30.8,LOW
4242,ML-01252,TRD,Transformer,0.2639339820338432,26.393398203384322,37.3835,30.79,LOW
4243,ML-03162,S&T,Point Machine,0.19426240179463558,19.42624017946356,47.8245,30.79,LOW
4244,ML-01889,TRD,OHE,0.23996648357769715,23.996648357769715,40.9925,30.79,LOW
4245,ML-02863,S&T,Point Machine,0.1617716376759716,16.17716376759716,52.652,30.77,LOW
4246,ML-04978,ENGINEERING,Track,0.23522289273029565,23.522289273029564,41.648,30.77,LOW
4247,ML-04714,S&T,Signal,0.2889326607291017,28.89326607291017,33.555,30.76,LOW
4248,ML-01727,S&T,Signal,0.2375549863668592,23.75549863668592,41.266999999999996,30.76,LOW
4249,ML-01912,S&T,Point Machine,0.2553727759537733,25.53727759537733,38.5705,30.75,LOW
4250,ML-01445,ENGINEERING,Bridge,0.25762685398973667,25.762685398973666,38.2345,30.75,LOW
4251,ML-04017,ENGINEERING,Track,0.3559163188002149,35.59163188002149,23.4795,30.75,LOW
4252,ML-04728,TRD,Section Insulator,0.2639107161024061,26.39107161024061,37.268,30.74,LOW
4253,ML-02376,S&T,Axle Counter,0.29639380400601645,29.639380400601645,32.397,30.74,LOW
4254,ML-00653,ENGINEERING,Bridge,0.3041116282822268,30.411162828222682,31.2185,30.73,LOW
4255,ML-00538,TRD,Transformer,0.29061780943395393,29.061780943395394,33.2325,30.73,LOW
4256,ML-02130,TRD,Transformer,0.2486803222497367,24.86803222497367,39.456,30.7,LOW
4257,ML-03886,ENGINEERING,Track,0.23038820837553767,23.038820837553768,42.162,30.69,LOW
4258,ML-02907,TRD,Transformer,0.25807481068810434,25.807481068810432,37.97,30.67,LOW
4259,ML-04473,ENGINEERING,Bridge,0.24965369929483963,24.965369929483963,39.216499999999996,30.67,LOW
4260,ML-01330,ENGINEERING,Track,0.25288919539763344,25.288919539763345,38.6805,30.65,LOW
4261,ML-02677,TRD,OHE,0.30594662888505814,30.594662888505813,30.731,30.65,LOW
4262,ML-04815,TRD,Section Insulator,0.2710193526682761,27.10193526682761,35.965,30.65,LOW
4263,ML-03563,TRD,OHE,0.33585912872236284,33.585912872236285,26.2525,30.65,LOW
4264,ML-03324,ENGINEERING,Track,0.2640457434331161,26.40457434331161,37.002,30.64,LOW
4265,ML-04734,S&T,Signal,0.21584578615293204,21.584578615293204,44.202,30.63,LOW
4266,ML-04449,ENGINEERING,Track,0.2794485276080144,27.944852760801442,34.6275,30.62,LOW
4267,ML-01931,S&T,Point Machine,0.197819405204965,19.781940520496498,46.854166666666664,30.61,LOW
4268,ML-03760,TRD,Section Insulator,0.26676003619961053,26.67600361996105,36.478,30.6,LOW
4269,ML-04162,ENGINEERING,Bridge,0.3966969649091777,39.66969649091777,17.0,30.6,LOW
4270,ML-01740,ENGINEERING,Track,0.3081874666128668,30.818746661286678,30.252000000000002,30.59,LOW
4271,ML-00074,ENGINEERING,Bridge,0.32031333186921707,32.03133318692171,28.396,30.58,LOW
4272,ML-02661,S&T,Axle Counter,0.30492091078731787,30.492091078731786,30.67,30.56,LOW
4273,ML-03010,S&T,Point Machine,0.37325235668230183,37.325235668230185,20.326,30.53,LOW
4274,ML-03924,TRD,Transformer,0.27254710028276025,27.254710028276026,35.386,30.51,LOW
4275,ML-01304,S&T,Axle Counter,0.32754041841359227,32.754041841359225,27.112,30.5,LOW
4276,ML-03338,S&T,Point Machine,0.3022278355657289,30.222783556572892,30.928,30.5,LOW
4277,ML-03063,ENGINEERING,Bridge,0.36203913651502745,36.203913651502745,21.946,30.5,LOW
4278,ML-03134,ENGINEERING,Point & Crossing,0.2954022037235962,29.54022037235962,31.883000000000003,30.48,LOW
4279,ML-03330,ENGINEERING,Point & Crossing,0.30607384113359865,30.607384113359863,30.2995,30.48,LOW
4280,ML-03502,S&T,Point Machine,0.20716908242181564,20.716908242181564,45.086,30.46,LOW
4281,ML-02507,TRD,Section Insulator,0.2388768328213081,23.88768328213081,40.303,30.45,LOW
4282,ML-01832,S&T,Point Machine,0.2512571354889985,25.125713548899846,38.443,30.45,LOW
4283,ML-00140,TRD,OHE,0.29392527848565025,29.392527848565024,32.0225,30.44,LOW
4284,ML-00922,S&T,Point Machine,0.3333949849581155,33.33949849581155,26.0675,30.43,LOW
4285,ML-02913,ENGINEERING,Track,0.24323914826897206,24.323914826897205,39.57299999999999,30.42,LOW
4286,ML-03048,TRD,OHE,0.22680995868278328,22.680995868278327,41.9995,30.41,LOW
4287,ML-00014,S&T,Axle Counter,0.24563108874177841,24.563108874177843,39.188,30.41,LOW
4288,ML-02457,S&T,Axle Counter,0.21609553846833027,21.609553846833027,43.5875,30.4,LOW
4289,ML-02848,S&T,Point Machine,0.21268021047420582,21.268021047420582,44.0685,30.39,LOW
4290,ML-03820,ENGINEERING,Track,0.3026238235705957,30.26238235705957,30.5355,30.37,LOW
4291,ML-03898,TRD,OHE,0.1602882769705886,16.02882769705886,51.822500000000005,30.35,LOW
4292,ML-03009,TRD,OHE,0.23895796716323836,23.895796716323837,39.983000000000004,30.33,LOW
4293,ML-00318,S&T,Signal,0.2080840811438969,20.80840811438969,44.6205,30.33,LOW
4294,ML-04803,ENGINEERING,Point & Crossing,0.2246363368128212,22.46363368128212,42.086999999999996,30.31,LOW
4295,ML-00141,ENGINEERING,Point & Crossing,0.30784575626237687,30.784575626237686,29.561,30.3,LOW
4296,ML-04050,S&T,Signal,0.29458129943331096,29.458129943331095,31.549,30.29,LOW
4297,ML-01647,ENGINEERING,Bridge,0.2911925993421838,29.119259934218377,31.998,30.27,LOW
4298,ML-04037,ENGINEERING,Track,0.2789803713940335,27.898037139403346,33.821,30.27,LOW
4299,ML-02792,S&T,Point Machine,0.22219194388188504,22.219194388188505,42.2845,30.25,LOW
4300,ML-00930,S&T,Axle Counter,0.27103886479624,27.103886479624002,34.974000000000004,30.25,LOW
4301,ML-02818,TRD,Section Insulator,0.25920101806065377,25.920101806065375,36.7225,30.24,LOW
4302,ML-00865,ENGINEERING,Bridge,0.31763491181339115,31.763491181339116,27.94,30.23,LOW
4303,ML-00371,ENGINEERING,Track,0.30063911408305444,30.063911408305444,30.487500000000004,30.23,LOW
4304,ML-02440,TRD,Transformer,0.2931750321336283,29.317503213362826,31.5785,30.22,LOW
4305,ML-00254,ENGINEERING,Bridge,0.2865558187991548,28.65558187991548,32.5525,30.21,LOW
4306,ML-00803,ENGINEERING,Track,0.2969266844451068,29.692668444510677,30.970000000000002,30.2,LOW
4307,ML-02888,S&T,Signal,0.3126553451284277,31.26553451284277,28.61,30.2,LOW
4308,ML-00298,ENGINEERING,Track,0.2204217951149009,22.04217951149009,42.4055,30.19,LOW
4309,ML-00821,ENGINEERING,Point & Crossing,0.2514233693633805,25.14233693633805,37.7735,30.19,LOW
4310,ML-03298,TRD,Transformer,0.2957269322680467,29.57269322680467,31.0625,30.17,LOW
4311,ML-02989,TRD,Section Insulator,0.2521079144747544,25.21079144747544,37.593,30.16,LOW
4312,ML-00547,TRD,Section Insulator,0.20713459300325265,20.713459300325265,44.292833333333334,30.15,LOW
4313,ML-02477,TRD,Transformer,0.33136370578844676,33.13637057884468,25.656499999999998,30.14,LOW
4314,ML-01181,TRD,Transformer,0.2604903481738928,26.049034817389284,36.2725,30.14,LOW
4315,ML-02471,TRD,Section Insulator,0.1885428043236524,18.85428043236524,47.069,30.14,LOW
4316,ML-00558,ENGINEERING,Track,0.17395377000555726,17.395377000555726,49.207499999999996,30.12,LOW
4317,ML-03147,S&T,Signal,0.2544745311532497,25.44745311532497,37.103,30.11,LOW
4318,ML-03827,ENGINEERING,Bridge,0.2064638677301604,20.64638677301604,44.293,30.11,LOW
4319,ML-02474,ENGINEERING,Bridge,0.29799029126556265,29.799029126556263,30.5105,30.08,LOW
4320,ML-00123,ENGINEERING,Point & Crossing,0.309290890587498,30.9290890587498,28.7575,30.06,LOW
4321,ML-04708,ENGINEERING,Point & Crossing,0.26788729100381364,26.788729100381364,34.9525,30.05,LOW
4322,ML-03218,S&T,Axle Counter,0.1862832443322678,18.62832443322678,47.172,30.05,LOW
4323,ML-01703,S&T,Point Machine,0.2552221486818323,25.52221486818323,36.8365,30.05,LOW
4324,ML-00290,TRD,Transformer,0.22348549675426324,22.348549675426323,41.570499999999996,30.04,LOW
4325,ML-00970,ENGINEERING,Bridge,0.2024740691279997,20.24740691279997,44.736000000000004,30.04,LOW
4326,ML-01867,TRD,Transformer,0.2580798809361401,25.80798809361401,36.369,30.03,LOW
4327,ML-00189,S&T,Point Machine,0.276272667458499,27.627266745849898,33.585,30.01,LOW
4328,ML-00136,S&T,Point Machine,0.37137623092005,37.137623092005,19.302,30.0,LOW
4329,ML-02421,S&T,Signal,0.19883393871600127,19.883393871600127,45.154,29.99,LOW
4330,ML-03904,TRD,OHE,0.31951237517349634,31.951237517349636,27.033499999999997,29.98,LOW
4331,ML-00351,S&T,Axle Counter,0.24949396773968163,24.949396773968164,37.518,29.98,LOW
4332,ML-02436,ENGINEERING,Point & Crossing,0.1589704444537775,15.89704444537775,51.110666666666674,29.98,LOW
4333,ML-03530,S&T,Axle Counter,0.2095310408367259,20.953104083672592,43.38,29.92,LOW
4334,ML-04038,S&T,Signal,0.3028639887574807,30.286398875748073,29.3795,29.92,LOW
4335,ML-04668,TRD,Transformer,0.3071549086300117,30.715490863001172,28.707500000000003,29.91,LOW
4336,ML-01893,TRD,OHE,0.3078583286021091,30.78583286021091,28.564500000000002,29.9,LOW
4337,ML-03091,S&T,Point Machine,0.2335467081834427,23.35467081834427,39.6695,29.88,LOW
4338,ML-00170,TRD,Transformer,0.27014131339404884,27.014131339404884,34.152,29.87,LOW
4339,ML-04818,S&T,Signal,0.3209218306447099,32.092183064470994,26.479499999999998,29.85,LOW
4340,ML-03510,S&T,Signal,0.2824207286985796,28.24207286985796,32.268,29.85,LOW
4341,ML-02988,TRD,OHE,0.21414654332633545,21.414654332633546,42.459999999999994,29.83,LOW
4342,ML-03598,S&T,Signal,0.3232973673941108,32.32973673941108,26.0165,29.8,LOW
4343,ML-02416,TRD,OHE,0.300806530163394,30.080653016339397,29.3855,29.8,LOW
4344,ML-00279,TRD,Section Insulator,0.23225698696688146,23.225698696688145,39.6495,29.8,LOW
4345,ML-05000,ENGINEERING,Track,0.2921275165065467,29.212751650654674,30.6785,29.8,LOW
4346,ML-01052,S&T,Signal,0.28935258953770293,28.935258953770294,31.069499999999998,29.79,LOW
4347,ML-04637,S&T,Signal,0.2637968324542682,26.379683245426822,34.8815,29.78,LOW
4348,ML-00380,ENGINEERING,Bridge,0.2091672284942675,20.91672284942675,43.0775,29.78,LOW
4349,ML-01697,TRD,OHE,0.28308405898817157,28.308405898817156,31.8905,29.74,LOW
4350,ML-04518,S&T,Point Machine,0.17304128580042508,17.30412858004251,48.341166666666666,29.72,LOW
4351,ML-03731,TRD,Transformer,0.2727162584634537,27.271625846345373,33.387,29.72,LOW
4352,ML-00023,TRD,OHE,0.2436144849718427,24.36144849718427,37.7675,29.72,LOW
4353,ML-04862,ENGINEERING,Bridge,0.24848074424813393,24.848074424813394,36.991,29.71,LOW
4354,ML-01050,ENGINEERING,Bridge,0.23270860808627675,23.270860808627674,39.292500000000004,29.68,LOW
4355,ML-03433,ENGINEERING,Track,0.2776506643257532,27.76506643257532,32.528999999999996,29.67,LOW
4356,ML-01086,TRD,Transformer,0.285209760312304,28.5209760312304,31.3195,29.64,LOW
4357,ML-02293,TRD,Transformer,0.2328650410060181,23.28650410060181,39.150999999999996,29.63,LOW
4358,ML-03949,TRD,Section Insulator,0.2840955873693752,28.40955873693752,31.436999999999998,29.62,LOW
4359,ML-03706,ENGINEERING,Point & Crossing,0.3473219754519052,34.732197545190516,21.892,29.6,LOW
4360,ML-00540,TRD,Section Insulator,0.23956530729060307,23.956530729060308,38.048,29.59,LOW
4361,ML-02554,S&T,Point Machine,0.22689999801624197,22.689999801624197,39.94,29.59,LOW
4362,ML-04891,S&T,Signal,0.2993959380966385,29.93959380966385,29.0665,29.59,LOW
4363,ML-01126,ENGINEERING,Point & Crossing,0.25662992865092266,25.662992865092267,35.429500000000004,29.57,LOW
4364,ML-02235,TRD,OHE,0.16447922605013818,16.44792260501382,49.202000000000005,29.55,LOW
4365,ML-03258,ENGINEERING,Point & Crossing,0.21511546230807796,21.511546230807795,41.5495,29.53,LOW
4366,ML-00134,S&T,Signal,0.3651407175596062,36.51407175596062,19.0445,29.53,LOW
4367,ML-04349,ENGINEERING,Point & Crossing,0.26704789788820327,26.704789788820328,33.724000000000004,29.51,LOW
4368,ML-02331,S&T,Signal,0.22833189507288318,22.833189507288317,39.519999999999996,29.51,LOW
4369,ML-04593,TRD,Transformer,0.2650018471176416,26.500184711764156,34.004999999999995,29.5,LOW
4370,ML-01479,TRD,Transformer,0.2409347204277913,24.09347204277913,37.586,29.49,LOW
4371,ML-00162,ENGINEERING,Track,0.27520999634749743,27.520999634749742,32.4195,29.48,LOW
4372,ML-04257,ENGINEERING,Point & Crossing,0.3605912761551894,36.05912761551894,19.587000000000003,29.47,LOW
4373,ML-01754,S&T,Axle Counter,0.26891715842083663,26.891715842083663,33.30500000000001,29.46,LOW
4374,ML-01413,S&T,Point Machine,0.24436585964248425,24.436585964248426,36.962,29.45,LOW
4375,ML-01810,S&T,Axle Counter,0.16721520874393278,16.721520874393278,48.5545,29.45,LOW
4376,ML-03538,ENGINEERING,Point & Crossing,0.23844294358717832,23.844294358717832,37.869,29.45,LOW
4377,ML-01384,S&T,Signal,0.2691427870317633,26.91427870317633,33.2535,29.45,LOW
4378,ML-00605,S&T,Point Machine,0.27718678744143915,27.718678744143915,32.0375,29.45,LOW
4379,ML-00361,S&T,Axle Counter,0.1825003153533819,18.25003153533819,46.222166666666666,29.44,LOW
4380,ML-04232,S&T,Axle Counter,0.325920405507887,32.592040550788695,24.6785,29.43,LOW
4381,ML-00795,S&T,Axle Counter,0.3096556524766414,30.965565247664138,27.129500000000004,29.43,LOW
4382,ML-03935,ENGINEERING,Point & Crossing,0.24827011915451103,24.827011915451102,36.3395,29.43,LOW
4383,ML-00897,ENGINEERING,Point & Crossing,0.17645784917580554,17.645784917580553,47.0755,29.42,LOW
4384,ML-04479,TRD,Section Insulator,0.23587649768660732,23.587649768660732,38.164,29.42,LOW
4385,ML-03277,ENGINEERING,Point & Crossing,0.2599769973631279,25.99769973631279,34.51316666666666,29.4,LOW
4386,ML-00042,TRD,Transformer,0.25875446660375284,25.875446660375285,34.6755,29.4,LOW
4387,ML-00852,ENGINEERING,Bridge,0.2581437859884559,25.81437859884559,34.762,29.39,LOW
4388,ML-04994,S&T,Signal,0.20690350123736073,20.690350123736074,42.4435,29.39,LOW
4389,ML-04289,TRD,OHE,0.22650706977673896,22.650706977673895,39.486000000000004,29.38,LOW
4390,ML-03979,ENGINEERING,Bridge,0.2335216632136756,23.35216632136756,38.388000000000005,29.37,LOW
4391,ML-03318,TRD,Transformer,0.2751020130084076,27.51020130084076,32.134,29.36,LOW
4392,ML-01590,S&T,Point Machine,0.2608606401407128,26.08606401407128,34.262,29.36,LOW
4393,ML-02040,S&T,Point Machine,0.222698197062824,22.2698197062824,39.971000000000004,29.35,LOW
4394,ML-04330,S&T,Point Machine,0.258345796140051,25.834579614005097,34.6045,29.34,LOW
4395,ML-04972,TRD,Section Insulator,0.2452547024522726,24.52547024522726,36.547,29.33,LOW
4396,ML-02814,ENGINEERING,Track,0.2764297431865445,27.64297431865445,31.843333333333334,29.32,LOW
4397,ML-02345,TRD,Transformer,0.22381509268487765,22.381509268487765,39.709500000000006,29.31,LOW
4398,ML-02910,S&T,Signal,0.2423216945223631,24.23216945223631,36.933499999999995,29.31,LOW
4399,ML-01014,ENGINEERING,Track,0.19475041150853512,19.47504115085351,44.0455,29.3,LOW
4400,ML-03228,TRD,Section Insulator,0.2591762973744046,25.91762973744046,34.312,29.28,LOW
4401,ML-01993,ENGINEERING,Point & Crossing,0.31075852841689183,31.075852841689183,26.576500000000003,29.28,LOW
4402,ML-01011,ENGINEERING,Bridge,0.23547117783000762,23.54711778300076,37.869,29.28,LOW
4403,ML-00645,S&T,Signal,0.25094289884271964,25.094289884271966,35.537000000000006,29.27,LOW
4404,ML-04272,ENGINEERING,Bridge,0.284444682785641,28.4444682785641,30.436000000000003,29.24,LOW
4405,ML-04826,S&T,Axle Counter,0.23163777302472965,23.163777302472965,38.3445,29.24,LOW
4406,ML-01869,TRD,Section Insulator,0.23777237454995934,23.777237454995934,37.42,29.23,LOW
4407,ML-00838,ENGINEERING,Point & Crossing,0.2943901614301964,29.439016143019643,28.8925,29.22,LOW
4408,ML-04757,S&T,Signal,0.15698331611161348,15.698331611161349,49.49666666666667,29.22,LOW
4409,ML-04719,S&T,Axle Counter,0.23363458060126263,23.363458060126263,37.9905,29.21,LOW
4410,ML-03611,S&T,Point Machine,0.2412074231274403,24.12074231274403,36.8365,29.21,LOW
4411,ML-03596,TRD,Transformer,0.1864408183425098,18.64408183425098,45.0025,29.19,LOW
4412,ML-03973,TRD,Transformer,0.20359467039505993,20.359467039505994,42.43,29.19,LOW
4413,ML-03173,S&T,Point Machine,0.23421153807473316,23.421153807473317,37.757999999999996,29.16,LOW
4414,ML-04975,TRD,OHE,0.21816383013186347,21.816383013186346,40.077,29.12,LOW
4415,ML-00151,TRD,Transformer,0.22951168075317877,22.951168075317877,38.3205,29.1,LOW
4416,ML-02273,ENGINEERING,Track,0.34024526407219313,34.02452640721931,21.68,29.09,LOW
4417,ML-00910,S&T,Point Machine,0.21309730800572058,21.30973080057206,40.7675,29.09,LOW
4418,ML-00384,S&T,Signal,0.16614715209810169,16.614715209810168,47.80533333333334,29.09,LOW
4419,ML-00246,ENGINEERING,Bridge,0.32123205493318674,32.12320549331867,24.546833333333332,29.09,LOW
4420,ML-04558,ENGINEERING,Point & Crossing,0.24143075730467092,24.143075730467093,36.47,29.07,LOW
4421,ML-01034,ENGINEERING,Point & Crossing,0.22900702469442966,22.900702469442965,38.29666666666667,29.06,LOW
4422,ML-04446,TRD,OHE,0.23149744510082004,23.149744510082005,37.88483333333334,29.04,LOW
4423,ML-04908,ENGINEERING,Track,0.3275671669766954,32.75671669766954,23.4325,29.03,LOW
4424,ML-04835,ENGINEERING,Bridge,0.18692132075298948,18.692132075298947,44.533,29.03,LOW
4425,ML-01510,ENGINEERING,Track,0.2341092420758904,23.41092420758904,37.457,29.03,LOW
4426,ML-00923,TRD,OHE,0.30969652094237426,30.969652094237425,26.107,29.02,LOW
4427,ML-00093,TRD,OHE,0.2749299882773427,27.492998827734272,31.295,29.01,LOW
4428,ML-01200,ENGINEERING,Point & Crossing,0.3749032798945342,37.49032798945342,16.2715,29.0,LOW
4429,ML-02021,S&T,Signal,0.22319807411486825,22.319807411486824,38.9935,28.99,LOW
4430,ML-02486,S&T,Axle Counter,0.22708181856571685,22.708181856571684,38.3535,28.97,LOW
4431,ML-04642,TRD,Transformer,0.2723379965794812,27.233799657948122,31.568,28.97,LOW
4432,ML-04756,TRD,OHE,0.21699753258754226,21.699753258754225,39.831833333333336,28.95,LOW
4433,ML-03279,TRD,OHE,0.23697258482817243,23.697258482817244,36.8155,28.94,LOW
4434,ML-00131,ENGINEERING,Bridge,0.1919450097839617,19.19450097839617,43.5025,28.92,LOW
4435,ML-03928,TRD,Transformer,0.30400204700590927,30.400204700590926,26.673000000000002,28.91,LOW
4436,ML-04755,ENGINEERING,Bridge,0.23647465712374377,23.647465712374377,36.783,28.9,LOW
4437,ML-00718,TRD,Transformer,0.3052927606514601,30.52927606514601,26.456,28.9,LOW
4438,ML-04338,S&T,Axle Counter,0.29969235227240393,29.969235227240393,27.283,28.89,LOW
4439,ML-03465,TRD,Transformer,0.2565243594281387,25.652435942813874,33.649,28.85,LOW
4440,ML-02135,S&T,Point Machine,0.2715717795814403,27.15717795814403,31.3815,28.85,LOW
4441,ML-01394,S&T,Signal,0.2907101197982571,29.071011979825713,28.4405,28.82,LOW
4442,ML-00921,TRD,Section Insulator,0.1489346027614845,14.893460276148451,49.68900000000001,28.81,LOW
4443,ML-04058,ENGINEERING,Point & Crossing,0.22009160692566604,22.009160692566603,39.00150000000001,28.81,LOW
4444,ML-00287,ENGINEERING,Bridge,0.17303052873385405,17.303052873385404,46.062,28.81,LOW
4445,ML-02095,S&T,Axle Counter,0.33943848970237284,33.94384897023728,21.104,28.81,LOW
4446,ML-03864,S&T,Point Machine,0.31851266618611673,31.851266618611675,24.227,28.8,LOW
4447,ML-01424,TRD,Transformer,0.2883531783445836,28.835317834458362,28.7045,28.78,LOW
4448,ML-04831,S&T,Axle Counter,0.22423484977434868,22.423484977434867,38.2905,28.77,LOW
4449,ML-02950,ENGINEERING,Point & Crossing,0.24925482953055397,24.925482953055397,34.5065,28.76,LOW
4450,ML-02559,ENGINEERING,Bridge,0.304651544969846,30.4651544969846,26.1945,28.76,LOW
4451,ML-04853,ENGINEERING,Bridge,0.21883934777276945,21.883934777276945,39.063,28.76,LOW
4452,ML-03527,S&T,Axle Counter,0.23490853619094132,23.490853619094132,36.637,28.75,LOW
4453,ML-01001,ENGINEERING,Track,0.2801244666408162,28.01244666408162,29.854,28.75,LOW
4454,ML-03831,ENGINEERING,Point & Crossing,0.22334788095187708,22.334788095187708,38.344,28.74,LOW
4455,ML-02044,S&T,Axle Counter,0.2602044460901957,26.02044460901957,32.798,28.73,LOW
4456,ML-00975,ENGINEERING,Track,0.21974389132468378,21.974389132468378,38.8405,28.72,LOW
4457,ML-03702,ENGINEERING,Point & Crossing,0.28102562975334555,28.102562975334557,29.5985,28.7,LOW
4458,ML-02335,S&T,Signal,0.283550569963286,28.3550569963286,29.221,28.7,LOW
4459,ML-02797,ENGINEERING,Bridge,0.26901201513859624,26.901201513859625,31.4005,28.7,LOW
4460,ML-01373,ENGINEERING,Point & Crossing,0.2502612332097349,25.026123320973493,34.025499999999994,28.63,LOW
4461,ML-00968,ENGINEERING,Bridge,0.2966240549324837,29.66240549324837,27.062,28.62,LOW
4462,ML-02758,S&T,Axle Counter,0.21869608511206717,21.869608511206717,38.7465,28.62,LOW
4463,ML-03197,ENGINEERING,Bridge,0.28210515997301394,28.210515997301393,29.2175,28.61,LOW
4464,ML-00513,ENGINEERING,Track,0.25377561276428007,25.377561276428008,33.458,28.61,LOW
4465,ML-02497,TRD,Section Insulator,0.236744901179128,23.6744901179128,35.935500000000005,28.58,LOW
4466,ML-02843,S&T,Signal,0.14406728077294226,14.406728077294225,49.83383333333334,28.58,LOW
4467,ML-01308,TRD,Transformer,0.25805783128047727,25.805783128047725,32.711,28.57,LOW
4468,ML-00183,S&T,Axle Counter,0.23869568622522078,23.869568622522078,35.572,28.55,LOW
4469,ML-03247,S&T,Point Machine,0.24257879422656245,24.257879422656245,34.965,28.54,LOW
4470,ML-00735,S&T,Point Machine,0.2160616133162156,21.60616133162156,38.917,28.53,LOW
4471,ML-01461,S&T,Axle Counter,0.20120221151744203,20.120221151744204,41.1435,28.53,LOW
4472,ML-00456,ENGINEERING,Point & Crossing,0.14974616744992958,14.974616744992957,48.84866666666667,28.52,LOW
4473,ML-02546,S&T,Point Machine,0.15250782929519052,15.250782929519053,48.3995,28.51,LOW
4474,ML-00153,S&T,Point Machine,0.1972987975895169,19.72987975895169,41.672,28.51,LOW
4475,ML-04861,ENGINEERING,Bridge,0.11522031654887561,11.522031654887561,53.99100000000001,28.51,LOW
4476,ML-03280,ENGINEERING,Track,0.27425495758912605,27.425495758912604,30.1205,28.5,LOW
4477,ML-02397,S&T,Axle Counter,0.3341529844532406,33.41529844532406,21.1175,28.5,LOW
4478,ML-01894,ENGINEERING,Bridge,0.19936752312441428,19.936752312441428,41.3375,28.5,LOW
4479,ML-03888,S&T,Axle Counter,0.16540889324465738,16.540889324465738,46.38516666666667,28.48,LOW
4480,ML-02674,TRD,OHE,0.3414199133820082,34.141991338200825,19.9545,28.47,LOW
4481,ML-02939,ENGINEERING,Point & Crossing,0.22482594989007404,22.482594989007403,37.4155,28.46,LOW
4482,ML-01594,TRD,OHE,0.2206691945984739,22.06691945984739,38.021,28.45,LOW
4483,ML-02022,ENGINEERING,Bridge,0.2969876027917964,29.69876027917964,26.548000000000002,28.44,LOW
4484,ML-04031,ENGINEERING,Bridge,0.2187457680819403,21.87457680819403,38.269499999999994,28.43,LOW
4485,ML-03721,TRD,Transformer,0.15280044183996444,15.280044183996445,48.13916666666667,28.42,LOW
4486,ML-00517,TRD,Section Insulator,0.26501146448116825,26.501146448116824,31.282999999999998,28.41,LOW
4487,ML-02453,TRD,OHE,0.20973200587004315,20.973200587004314,39.532,28.4,LOW
4488,ML-01929,ENGINEERING,Point & Crossing,0.25896652103463114,25.896652103463115,32.164,28.4,LOW
4489,ML-00100,S&T,Signal,0.2482610922344567,24.82610922344567,33.731,28.39,LOW
4490,ML-04918,ENGINEERING,Track,0.28390501987748995,28.390501987748994,28.346,28.37,LOW
4491,ML-03905,TRD,OHE,0.11531502537363317,11.531502537363316,53.5885,28.35,LOW
4492,ML-04495,TRD,OHE,0.26590466802739926,26.590466802739925,30.956999999999997,28.34,LOW
4493,ML-03716,TRD,Transformer,0.1711274558248703,17.11274558248703,45.146,28.33,LOW
4494,ML-04773,ENGINEERING,Track,0.21099325381053327,21.099325381053326,39.1655,28.33,LOW
4495,ML-00472,ENGINEERING,Point & Crossing,0.26494430678600034,26.494430678600033,31.0145,28.3,LOW
4496,ML-02302,ENGINEERING,Point & Crossing,0.25667448755742717,25.66744875574272,32.251000000000005,28.3,LOW
4497,ML-03379,S&T,Signal,0.27684959012093363,27.684959012093362,29.207,28.29,LOW
4498,ML-04890,ENGINEERING,Bridge,0.31588351882896853,31.588351882896852,23.3295,28.28,LOW
4499,ML-00037,TRD,Section Insulator,0.19590769536831198,19.5907695368312,41.31,28.28,LOW
4500,ML-01348,ENGINEERING,Point & Crossing,0.2788623580317821,27.88623580317821,28.843000000000004,28.27,LOW
4501,ML-03951,S&T,Axle Counter,0.30371786007948975,30.371786007948977,25.126,28.27,LOW
4502,ML-03319,S&T,Point Machine,0.2932354598632271,29.323545986322706,26.602,28.23,LOW
4503,ML-00684,TRD,OHE,0.2914270383878328,29.14270383878328,26.8235,28.22,LOW
4504,ML-03677,ENGINEERING,Track,0.21373259631777106,21.373259631777106,38.5005,28.22,LOW
4505,ML-02819,TRD,Section Insulator,0.26523986486505036,26.523986486505034,30.714,28.2,LOW
4506,ML-01265,ENGINEERING,Point & Crossing,0.2921302063645969,29.213020636459692,26.672666666666668,28.2,LOW
4507,ML-03202,ENGINEERING,Bridge,0.2531680047352104,25.316800473521038,32.5115,28.19,LOW
4508,ML-02115,ENGINEERING,Track,0.26794931756130647,26.794931756130648,30.2575,28.18,LOW
4509,ML-02666,TRD,OHE,0.25025646947054947,25.02564694705495,32.852999999999994,28.16,LOW
4510,ML-03077,S&T,Signal,0.2485623958472544,24.85623958472544,33.0955,28.15,LOW
4511,ML-01735,TRD,Transformer,0.2854318933526022,28.543189335260223,27.558,28.15,LOW
4512,ML-03990,ENGINEERING,Point & Crossing,0.19817683738162478,19.81768373816248,40.6245,28.14,LOW
4513,ML-02253,TRD,Section Insulator,0.32357859651226,32.357859651226,21.7925,28.13,LOW
4514,ML-03498,S&T,Axle Counter,0.2393207886901848,23.93207886901848,34.3905,28.12,LOW
4515,ML-03439,S&T,Point Machine,0.29523562197888636,29.523562197888637,26.015,28.12,LOW
4516,ML-02039,ENGINEERING,Track,0.2764363464762519,27.64363464762519,28.767500000000002,28.09,LOW
4517,ML-01249,ENGINEERING,Bridge,0.2798872107797808,27.98872107797808,28.180500000000002,28.07,LOW
4518,ML-02837,S&T,Axle Counter,0.200005957039943,20.0005957039943,40.1545,28.06,LOW
4519,ML-04059,TRD,Section Insulator,0.3239526344697088,32.39526344697088,21.5615,28.06,LOW
4520,ML-01938,S&T,Axle Counter,0.2790330911895618,27.903309118956184,28.204,28.02,LOW
4521,ML-02122,S&T,Axle Counter,0.18975586041930406,18.975586041930406,41.5935,28.02,LOW
4522,ML-04374,TRD,Section Insulator,0.257748280085764,25.7748280085764,31.396,28.02,LOW
4523,ML-00725,ENGINEERING,Track,0.1506834980602601,15.06834980602601,47.372,27.99,LOW
4524,ML-01150,ENGINEERING,Bridge,0.2894210621307268,28.942106213072684,26.565,27.99,LOW
4525,ML-04426,S&T,Point Machine,0.2514022144004043,25.140221440040428,32.201499999999996,27.96,LOW
4526,ML-00334,TRD,Section Insulator,0.27029744410207757,27.029744410207755,29.330000000000002,27.95,LOW
4527,ML-03615,TRD,Section Insulator,0.20481735382523886,20.481735382523887,39.147000000000006,27.95,LOW
4528,ML-04416,S&T,Point Machine,0.17844951257500688,17.84495125750069,43.052499999999995,27.93,LOW
4529,ML-02285,TRD,OHE,0.21872768701303977,21.872768701303976,36.995000000000005,27.92,LOW
4530,ML-00220,TRD,Transformer,0.26456748100101724,26.456748100101724,30.125,27.92,LOW
4531,ML-03728,S&T,Point Machine,0.25155715958700253,25.155715958700252,32.044,27.91,LOW
4532,ML-01203,TRD,OHE,0.20717795237014416,20.717795237014418,38.680499999999995,27.9,LOW
4533,ML-00051,ENGINEERING,Bridge,0.1429666935423665,14.296669354236649,48.29683333333333,27.9,LOW
4534,ML-02292,S&T,Signal,0.18154247918802935,18.154247918802934,42.509,27.9,LOW
4535,ML-00045,S&T,Point Machine,0.25282825501994294,25.282825501994292,31.80483333333333,27.89,LOW
4536,ML-01667,S&T,Point Machine,0.24245443001585454,24.245443001585453,33.314,27.87,LOW
4537,ML-02242,ENGINEERING,Point & Crossing,0.25368669842994773,25.368669842994773,31.593,27.86,LOW
4538,ML-02541,ENGINEERING,Bridge,0.3165555254427341,31.65555254427341,22.165,27.86,LOW
4539,ML-02975,ENGINEERING,Point & Crossing,0.238208278198301,23.8208278198301,33.891999999999996,27.85,LOW
4540,ML-03174,S&T,Axle Counter,0.30754378252703984,30.754378252703983,23.465,27.84,LOW
4541,ML-04124,S&T,Axle Counter,0.22854251255961416,22.854251255961415,35.318,27.84,LOW
4542,ML-04271,TRD,Transformer,0.2035612168575137,20.35612168575137,39.05116666666667,27.83,LOW
4543,ML-01845,ENGINEERING,Bridge,0.24617269210042803,24.617269210042803,32.66,27.83,LOW
4544,ML-02970,ENGINEERING,Track,0.2625421330425473,26.25421330425473,30.176,27.82,LOW
4545,ML-02162,S&T,Signal,0.20584848748850043,20.584848748850042,38.621,27.8,LOW
4546,ML-00907,S&T,Axle Counter,0.33291759602401216,33.291759602401214,19.5595,27.8,LOW
4547,ML-01453,S&T,Signal,0.21834535157812457,21.834535157812457,36.7385,27.8,LOW
4548,ML-04909,ENGINEERING,Bridge,0.186929868356547,18.6929868356547,41.397499999999994,27.77,LOW
4549,ML-00058,S&T,Signal,0.23216710860408415,23.216710860408416,34.588,27.77,LOW
4550,ML-04899,S&T,Point Machine,0.23580545976294254,23.580545976294253,33.984,27.74,LOW
4551,ML-03191,ENGINEERING,Point & Crossing,0.17067970428227544,17.067970428227543,43.7125,27.73,LOW
4552,ML-00955,S&T,Signal,0.1596789840652219,15.96789840652219,45.34,27.72,LOW
4553,ML-02565,S&T,Signal,0.17451641508140678,17.45164150814068,43.111000000000004,27.72,LOW
4554,ML-04958,ENGINEERING,Point & Crossing,0.18985487135484455,18.985487135484455,40.7935,27.71,LOW
4555,ML-01513,ENGINEERING,Bridge,0.2188475095232155,21.88475095232155,36.384,27.68,LOW
4556,ML-00665,ENGINEERING,Point & Crossing,0.21363881072284613,21.363881072284613,37.129,27.67,LOW
4557,ML-03918,TRD,Section Insulator,0.3085314586281107,30.853145862811072,22.90066666666667,27.67,LOW
4558,ML-02059,TRD,Transformer,0.16980291995201083,16.980291995201082,43.700500000000005,27.67,LOW
4559,ML-01112,TRD,Section Insulator,0.18573614850534934,18.573614850534934,41.3035,27.67,LOW
4560,ML-00480,TRD,Transformer,0.17897686998096274,17.897686998096273,42.294,27.66,LOW
4561,ML-03425,TRD,OHE,0.21410586530913497,21.4105865309135,37.0465,27.66,LOW
4562,ML-00521,TRD,Transformer,0.21484545496947444,21.484545496947444,36.902,27.65,LOW
4563,ML-03265,S&T,Signal,0.18959263071096774,18.959263071096775,40.686499999999995,27.65,LOW
4564,ML-01528,TRD,OHE,0.25964499942831093,25.964499942831093,30.156499999999998,27.64,LOW
4565,ML-03881,S&T,Point Machine,0.2293822108560429,22.93822108560429,34.703,27.64,LOW
4566,ML-00597,S&T,Axle Counter,0.24454290111295346,24.454290111295347,32.3065,27.6,LOW
4567,ML-04783,ENGINEERING,Track,0.2080451041605618,20.80451041605618,37.7255,27.57,LOW
4568,ML-02872,S&T,Axle Counter,0.2437194163679316,24.37194163679316,32.34166666666667,27.56,LOW
4569,ML-02472,ENGINEERING,Track,0.2890592506225943,28.90592506225943,25.5165,27.55,LOW
4570,ML-01116,ENGINEERING,Point & Crossing,0.2047330100355382,20.47330100355382,38.1745,27.55,LOW
4571,ML-03281,ENGINEERING,Track,0.24967206051549115,24.967206051549116,31.35383333333333,27.52,LOW
4572,ML-03056,ENGINEERING,Bridge,0.259474034477513,25.9474034477513,29.8185,27.5,LOW
4573,ML-00720,ENGINEERING,Bridge,0.2580889106479582,25.80889106479582,29.9155,27.45,LOW
4574,ML-02625,ENGINEERING,Point & Crossing,0.2933927672455413,29.339276724554132,24.627000000000002,27.45,LOW
4575,ML-00402,ENGINEERING,Track,0.23489998202826917,23.489998202826918,33.370999999999995,27.44,LOW
4576,ML-02548,S&T,Signal,0.2322909924462321,23.22909924462321,33.6635,27.4,LOW
4577,ML-01572,ENGINEERING,Bridge,0.2469009403180378,24.69009403180378,31.446833333333338,27.39,LOW
4578,ML-01292,TRD,OHE,0.1672654842736327,16.72654842736327,43.2825,27.35,LOW
4579,ML-04627,TRD,Transformer,0.20831739801591223,20.831739801591223,37.135000000000005,27.35,LOW
4580,ML-00499,TRD,Section Insulator,0.13247511247945482,13.247511247945482,48.454,27.33,LOW
4581,ML-01493,S&T,Point Machine,0.2982236785243136,29.82236785243136,23.594500000000004,27.33,LOW
4582,ML-04823,TRD,Section Insulator,0.23081690879553216,23.081690879553214,33.63916666666667,27.3,LOW
4583,ML-00232,S&T,Signal,0.22497671422600474,22.497671422600472,34.4865,27.29,LOW
4584,ML-03962,ENGINEERING,Bridge,0.28948119226562563,28.948119226562564,24.7965,27.29,LOW
4585,ML-03230,ENGINEERING,Bridge,0.2088886919456833,20.88886919456833,36.815,27.26,LOW
4586,ML-02326,S&T,Axle Counter,0.26692842120667043,26.69284212066704,28.042,27.23,LOW
4587,ML-04633,ENGINEERING,Track,0.24819329023519895,24.819329023519895,30.837,27.23,LOW
4588,ML-01734,TRD,Section Insulator,0.17104332620292045,17.104332620292045,42.342,27.2,LOW
4589,ML-00947,TRD,OHE,0.1615242293275469,16.15242293275469,43.71183333333333,27.18,LOW
4590,ML-01207,ENGINEERING,Track,0.2802463630446358,28.02463630446358,25.902,27.18,LOW
4591,ML-01015,ENGINEERING,Point & Crossing,0.18405363935062805,18.405363935062805,40.339,27.18,LOW
4592,ML-02013,ENGINEERING,Bridge,0.17124274531352143,17.124274531352143,42.226,27.16,LOW
4593,ML-04732,TRD,Section Insulator,0.16480873426779993,16.480873426779993,43.138000000000005,27.14,LOW
4594,ML-00618,TRD,Transformer,0.2925815135313552,29.25815135313552,23.9655,27.14,LOW
4595,ML-01055,TRD,OHE,0.24557165765169325,24.557165765169326,30.9545,27.12,LOW
4596,ML-01492,ENGINEERING,Bridge,0.19502177216893216,19.502177216893216,38.4935,27.1,LOW
4597,ML-02742,TRD,Section Insulator,0.18511679281135687,18.511679281135688,39.94,27.08,LOW
4598,ML-00691,S&T,Axle Counter,0.24832524974859863,24.83252497485986,30.444499999999998,27.08,LOW
4599,ML-03750,ENGINEERING,Bridge,0.2337704594003479,23.37704594003479,32.59616666666667,27.06,LOW
4600,ML-03927,ENGINEERING,Track,0.24506789606670082,24.506789606670083,30.788999999999998,27.02,LOW
4601,ML-04521,ENGINEERING,Point & Crossing,0.24467331998432995,24.467331998432996,30.8255,27.01,LOW
4602,ML-02800,TRD,OHE,0.30164351881841095,30.164351881841096,22.204500000000003,26.98,LOW
4603,ML-01405,TRD,OHE,0.3343860451317693,33.43860451317693,17.299500000000002,26.98,LOW
4604,ML-03578,TRD,Transformer,0.29062090056705653,29.062090056705653,23.841,26.97,LOW
4605,ML-03959,TRD,Section Insulator,0.22547680153523142,22.547680153523142,33.6075,26.97,LOW
4606,ML-04153,TRD,Transformer,0.2312129262696471,23.12129262696471,32.705333333333336,26.95,LOW
4607,ML-04396,ENGINEERING,Point & Crossing,0.157668616611372,15.766861661137199,43.6635,26.93,LOW
4608,ML-00816,ENGINEERING,Track,0.34207127945890065,34.207127945890065,16.018,26.93,LOW
4609,ML-04933,S&T,Axle Counter,0.24659041089883732,24.659041089883733,30.315,26.92,LOW
4610,ML-03694,TRD,Transformer,0.33949674658293943,33.949674658293944,16.374000000000002,26.92,LOW
4611,ML-02517,S&T,Point Machine,0.2158435012197852,21.58435012197852,34.908500000000004,26.91,LOW
4612,ML-03780,ENGINEERING,Bridge,0.28150832293905886,28.150832293905886,25.057000000000002,26.91,LOW
4613,ML-04610,S&T,Axle Counter,0.2952129648375552,29.52129648375552,22.939,26.89,LOW
4614,ML-02389,TRD,Section Insulator,0.24054901683913957,24.054901683913958,31.146,26.89,LOW
4615,ML-04047,TRD,Section Insulator,0.29150966528440836,29.150966528440836,23.4615,26.88,LOW
4616,ML-03378,ENGINEERING,Track,0.2111587472485258,21.115874724852578,35.504000000000005,26.87,LOW
4617,ML-03106,S&T,Point Machine,0.2626943230813375,26.26943230813375,27.741500000000002,26.86,LOW
4618,ML-00511,TRD,Transformer,0.2566422609681289,25.664226096812893,28.643,26.86,LOW
4619,ML-00262,S&T,Axle Counter,0.24164346892521713,24.164346892521714,30.914,26.86,LOW
4620,ML-01277,S&T,Point Machine,0.18501350021017207,18.501350021017206,39.381,26.85,LOW
4621,ML-02306,ENGINEERING,Track,0.31815508850410457,31.815508850410456,19.405,26.85,LOW
4622,ML-04305,TRD,OHE,0.1191341065446628,11.913410654466281,49.228500000000004,26.84,LOW
4623,ML-00248,TRD,OHE,0.28137079242896224,28.137079242896224,24.8915,26.84,LOW
4624,ML-03507,ENGINEERING,Bridge,0.2647410426362756,26.474104263627563,27.3535,26.83,LOW
4625,ML-04327,ENGINEERING,Bridge,0.21090185665777578,21.09018566577758,35.412,26.82,LOW
4626,ML-00701,TRD,OHE,0.2207649672392945,22.076496723929452,33.802,26.77,LOW
4627,ML-03034,TRD,Transformer,0.23006878407660178,23.006878407660178,32.388000000000005,26.76,LOW
4628,ML-01681,S&T,Signal,0.18913665482112993,18.913665482112993,38.513,26.75,LOW
4629,ML-00212,S&T,Signal,0.17538977213159296,17.538977213159296,40.55716666666667,26.75,LOW
4630,ML-04073,S&T,Point Machine,0.27717077130829104,27.717077130829104,25.242,26.73,LOW
4631,ML-03357,ENGINEERING,Track,0.25272061421379705,25.272061421379703,28.8775,26.71,LOW
4632,ML-02581,TRD,Section Insulator,0.15315604227918705,15.315604227918705,43.729666666666674,26.68,LOW
4633,ML-02714,ENGINEERING,Bridge,0.16949261063567156,16.949261063567157,41.187,26.64,LOW
4634,ML-02735,TRD,OHE,0.18492881169685105,18.492881169685106,38.7435,26.59,LOW
4635,ML-03001,ENGINEERING,Track,0.264708887946578,26.4708887946578,26.622,26.53,LOW
4636,ML-04526,ENGINEERING,Bridge,0.24056707467575517,24.056707467575517,30.117,26.48,LOW
4637,ML-00426,ENGINEERING,Bridge,0.2268718009920937,22.68718009920937,32.109,26.46,LOW
4638,ML-03626,ENGINEERING,Track,0.25172159427357554,25.172159427357556,28.386,26.46,LOW
4639,ML-04638,ENGINEERING,Point & Crossing,0.1866319963034438,18.66319963034438,38.131,26.45,LOW
4640,ML-04591,TRD,Transformer,0.1831104536335742,18.31104536335742,38.6265,26.44,LOW
4641,ML-01902,ENGINEERING,Bridge,0.31348187462082455,31.348187462082457,19.002,26.41,LOW
4642,ML-00749,ENGINEERING,Track,0.16871183901921546,16.871183901921547,40.702,26.4,LOW
4643,ML-04065,ENGINEERING,Point & Crossing,0.23793443918981036,23.793443918981037,30.2895,26.39,LOW
4644,ML-04528,ENGINEERING,Bridge,0.2600523400461287,26.00523400461287,26.9405,26.38,LOW
4645,ML-01358,TRD,Transformer,0.23097257267603674,23.097257267603673,31.2945,26.38,LOW
4646,ML-00546,ENGINEERING,Point & Crossing,0.26774654687872285,26.774654687872285,25.784,26.38,LOW
4647,ML-03838,ENGINEERING,Bridge,0.2858179653086138,28.581796530861382,23.061500000000002,26.37,LOW
4648,ML-03129,S&T,Point Machine,0.23519377391281576,23.519377391281576,30.588,26.35,LOW
4649,ML-00400,S&T,Axle Counter,0.20015181346971495,20.015181346971495,35.82966666666667,26.34,LOW
4650,ML-00359,ENGINEERING,Track,0.1622158919342313,16.22158919342313,41.482,26.33,LOW
4651,ML-04284,TRD,Transformer,0.19362426749837802,19.3624267498378,36.761833333333335,26.32,LOW
4652,ML-03992,ENGINEERING,Track,0.20920286729781687,20.920286729781687,34.391,26.31,LOW
4653,ML-03852,S&T,Axle Counter,0.2548151714111076,25.48151714111076,27.5595,26.31,LOW
4654,ML-03038,ENGINEERING,Track,0.25060052571212943,25.060052571212942,28.146,26.29,LOW
4655,ML-00120,S&T,Signal,0.2148690585252184,21.48690585252184,33.5005,26.29,LOW
4656,ML-01497,TRD,Transformer,0.12920787085112814,12.920787085112813,46.326499999999996,26.28,LOW
4657,ML-00669,TRD,OHE,0.17696154977902537,17.696154977902538,39.127,26.27,LOW
4658,ML-02672,ENGINEERING,Track,0.18059660385127954,18.059660385127955,38.46300000000001,26.22,LOW
4659,ML-03884,S&T,Signal,0.22329967051578656,22.329967051578656,31.9925,26.19,LOW
4660,ML-03117,S&T,Signal,0.2197858028202258,21.97858028202258,32.4915,26.18,LOW
4661,ML-01272,ENGINEERING,Track,0.15418478762430537,15.418478762430537,42.2905,26.17,LOW
4662,ML-01987,ENGINEERING,Point & Crossing,0.3048339510788831,30.483395107888313,19.647,26.15,LOW
4663,ML-00276,S&T,Axle Counter,0.14480033749883472,14.480033749883473,43.639,26.14,LOW
4664,ML-04358,TRD,OHE,0.26281567955276175,26.281567955276174,25.862000000000002,26.11,LOW
4665,ML-00790,ENGINEERING,Point & Crossing,0.18400951195921356,18.400951195921355,37.678,26.11,LOW
4666,ML-04277,ENGINEERING,Bridge,0.29265509553722807,29.265509553722808,21.3395,26.1,LOW
4667,ML-04739,ENGINEERING,Point & Crossing,0.18588473692415267,18.588473692415267,37.3675,26.1,LOW
4668,ML-04392,S&T,Point Machine,0.25581912593007633,25.581912593007633,26.8425,26.09,LOW
4669,ML-03937,TRD,Transformer,0.2951749094502316,29.517490945023162,20.9345,26.08,LOW
4670,ML-00431,S&T,Axle Counter,0.22273301631527115,22.273301631527115,31.70966666666667,26.05,LOW
4671,ML-00463,ENGINEERING,Bridge,0.22554855890637124,22.554855890637125,31.262,26.04,LOW
4672,ML-00341,ENGINEERING,Point & Crossing,0.24949813323793163,24.949813323793162,27.659999999999997,26.03,LOW
4673,ML-02634,ENGINEERING,Point & Crossing,0.2438613907784693,24.38613907784693,28.457333333333334,26.01,LOW
4674,ML-00980,TRD,OHE,0.2273378974127887,22.73378974127887,30.929499999999997,26.01,LOW
4675,ML-02351,S&T,Point Machine,0.25976164564231946,25.976164564231947,26.0185,25.99,LOW
4676,ML-01776,ENGINEERING,Point & Crossing,0.22342189544601646,22.342189544601645,31.442,25.98,LOW
4677,ML-01185,ENGINEERING,Track,0.2248856160380269,22.48856160380269,31.16116666666667,25.96,LOW
4678,ML-04515,ENGINEERING,Point & Crossing,0.19460513543445732,19.46051354344573,35.598,25.92,LOW
4679,ML-01875,TRD,OHE,0.26665274010290146,26.665274010290148,24.7825,25.91,LOW
4680,ML-03804,TRD,Section Insulator,0.2532125765733302,25.321257657333017,26.7955,25.91,LOW
4681,ML-01692,S&T,Point Machine,0.20576724780720437,20.576724780720436,33.816,25.87,LOW
4682,ML-00813,ENGINEERING,Point & Crossing,0.21354017082303398,21.354017082303397,32.6195,25.86,LOW
4683,ML-01351,ENGINEERING,Point & Crossing,0.19780033213408718,19.780033213408718,34.923,25.84,LOW
4684,ML-00455,S&T,Signal,0.18608475688161896,18.608475688161896,36.69799999999999,25.84,LOW
4685,ML-03011,S&T,Signal,0.17372182287352853,17.372182287352853,38.505833333333335,25.83,LOW
4686,ML-00755,TRD,Section Insulator,0.2191636193725255,21.91636193725255,31.6775,25.82,LOW
4687,ML-00271,ENGINEERING,Bridge,0.23670959141846307,23.670959141846307,29.0465,25.82,LOW
4688,ML-03066,ENGINEERING,Track,0.1759745762419769,17.59745762419769,38.122,25.81,LOW
4689,ML-02957,ENGINEERING,Bridge,0.13419761330593857,13.419761330593857,44.352333333333334,25.79,LOW
4690,ML-03800,S&T,Signal,0.20586431122890528,20.586431122890527,33.54633333333334,25.77,LOW
4691,ML-02447,S&T,Axle Counter,0.21918660479885027,21.918660479885027,31.5215,25.76,LOW
4692,ML-02456,ENGINEERING,Point & Crossing,0.298574690271278,29.8574690271278,19.594,25.75,LOW
4693,ML-02718,S&T,Axle Counter,0.2630423726040827,26.30423726040827,24.674,25.65,LOW
4694,ML-01436,TRD,OHE,0.29196195572702743,29.19619557270274,20.177,25.59,LOW
4695,ML-04328,TRD,OHE,0.2452008442782236,24.52008442782236,27.1465,25.57,LOW
4696,ML-04085,ENGINEERING,Bridge,0.2104741663513658,21.047416635136578,32.3325,25.56,LOW
4697,ML-04096,ENGINEERING,Bridge,0.2281945164726044,22.81945164726044,29.661500000000004,25.56,LOW
4698,ML-02387,ENGINEERING,Point & Crossing,0.1145376377938412,11.45376377938412,46.6295,25.52,LOW
4699,ML-04202,ENGINEERING,Track,0.20151106253786047,20.151106253786047,33.578,25.52,LOW
4700,ML-02892,ENGINEERING,Point & Crossing,0.22580153422407992,22.580153422407992,29.858,25.49,LOW
4701,ML-00548,ENGINEERING,Bridge,0.2152016619908189,21.52016619908189,31.4475,25.49,LOW
4702,ML-02887,TRD,OHE,0.15480185342960687,15.480185342960686,40.4675,25.48,LOW
4703,ML-00871,S&T,Point Machine,0.2570073252170801,25.70073252170801,25.1295,25.47,LOW
4704,ML-02333,TRD,OHE,0.23140345686645822,23.140345686645823,28.934500000000003,25.46,LOW
4705,ML-00533,ENGINEERING,Point & Crossing,0.26443469653760565,26.443469653760566,23.946,25.44,LOW
4706,ML-00491,ENGINEERING,Track,0.21065646382557093,21.065646382557095,31.984,25.43,LOW
4707,ML-03712,TRD,OHE,0.26350170540037243,26.350170540037244,23.8155,25.34,LOW
4708,ML-02356,TRD,Transformer,0.17132430297063642,17.132430297063642,37.60933333333334,25.32,LOW
4709,ML-04533,S&T,Signal,0.14228919202692691,14.22891920269269,41.94233333333333,25.31,LOW
4710,ML-03177,ENGINEERING,Bridge,0.23142046351393947,23.142046351393947,28.54266666666667,25.3,LOW
4711,ML-01994,TRD,Transformer,0.19077542393174057,19.077542393174056,34.582,25.28,LOW
4712,ML-02445,S&T,Signal,0.20359810942376322,20.35981094237632,32.528999999999996,25.23,LOW
4713,ML-02339,S&T,Axle Counter,0.2268872416623918,22.68872416623918,28.906,25.18,LOW
4714,ML-03567,TRD,Section Insulator,0.2543147845351728,25.431478453517283,24.804000000000002,25.18,LOW
4715,ML-03963,TRD,Section Insulator,0.2522218304252451,25.22218304252451,25.10166666666667,25.17,LOW
4716,ML-02027,ENGINEERING,Point & Crossing,0.3107905037898564,31.07905037898564,16.2755,25.16,LOW
4717,ML-03730,ENGINEERING,Track,0.24918243304095522,24.918243304095522,25.532,25.16,LOW
4718,ML-02681,ENGINEERING,Track,0.1317233175618595,13.172331756185951,43.152,25.16,LOW
4719,ML-03145,ENGINEERING,Bridge,0.26845765135291483,26.845765135291483,22.597500000000004,25.15,LOW
4720,ML-03811,ENGINEERING,Point & Crossing,0.24279892467102482,24.27989246710248,26.442,25.14,LOW
4721,ML-02163,S&T,Point Machine,0.20230828615391216,20.230828615391218,32.3925,25.1,LOW
4722,ML-00117,TRD,Transformer,0.23124655645985026,23.124655645985026,27.989000000000004,25.07,LOW
4723,ML-00197,S&T,Signal,0.27470818065665176,27.470818065665174,21.453500000000002,25.06,LOW
4724,ML-00346,S&T,Point Machine,0.15584352484916797,15.584352484916797,39.257999999999996,25.05,LOW
4725,ML-00484,ENGINEERING,Track,0.12152111074597112,12.152111074597112,44.33083333333334,25.02,LOW
4726,ML-04344,S&T,Axle Counter,0.23986146030571193,23.98614603057119,26.564,25.02,LOW
4727,ML-01375,ENGINEERING,Track,0.1507729100292893,15.07729100292893,39.90333333333333,25.01,LOW
4728,ML-00792,TRD,OHE,0.2000535648757685,20.00535648757685,32.475,24.99,LOW
4729,ML-04466,S&T,Point Machine,0.2650568577700598,26.505685777005976,22.7025,24.98,LOW
4730,ML-03680,TRD,OHE,0.26072411033581433,26.07241103358143,23.311,24.97,LOW
4731,ML-01838,TRD,Section Insulator,0.2672506526909274,26.72506526909274,22.343,24.97,LOW
4732,ML-00175,ENGINEERING,Bridge,0.26776412012902173,26.776412012902174,22.2635,24.97,LOW
4733,ML-04072,TRD,Transformer,0.21251000346331822,21.25100034633182,30.544833333333337,24.97,LOW
4734,ML-04382,TRD,OHE,0.2605378519718615,26.05378519718615,23.305,24.95,LOW
4735,ML-01773,TRD,OHE,0.18507386742706164,18.507386742706164,34.564,24.93,LOW
4736,ML-02826,S&T,Axle Counter,0.19431128766270103,19.431128766270103,33.169666666666664,24.93,LOW
4737,ML-00257,TRD,OHE,0.1370631987603469,13.706319876034689,41.716499999999996,24.91,LOW
4738,ML-01275,TRD,OHE,0.24848158514400862,24.84815851440086,24.991500000000002,24.91,LOW
4739,ML-02759,S&T,Axle Counter,0.2917532782892663,29.17532782892663,18.5175,24.91,LOW
4740,ML-04049,S&T,Point Machine,0.19932692193698923,19.932692193698923,32.351,24.9,LOW
4741,ML-02377,S&T,Axle Counter,0.17734118119300374,17.734118119300373,35.643,24.9,LOW
4742,ML-02189,ENGINEERING,Track,0.17510724416343476,17.510724416343475,35.943,24.88,LOW
4743,ML-02587,TRD,OHE,0.2653413376362766,26.53413376362766,22.383499999999998,24.87,LOW
4744,ML-01937,ENGINEERING,Bridge,0.24475338307141864,24.475338307141865,25.3685,24.83,LOW
4745,ML-00320,ENGINEERING,Track,0.1682867160787323,16.82867160787323,36.786,24.81,LOW
4746,ML-03107,TRD,Section Insulator,0.16848479454144896,16.848479454144897,36.742000000000004,24.81,LOW
4747,ML-04962,TRD,OHE,0.13532919733670404,13.532919733670404,41.653000000000006,24.78,LOW
4748,ML-01779,S&T,Axle Counter,0.12595827873502116,12.595827873502117,42.9985,24.76,LOW
4749,ML-01316,S&T,Point Machine,0.2049797201186757,20.49797201186757,31.152,24.76,LOW
4750,ML-04512,S&T,Axle Counter,0.25280064634214744,25.280064634214742,23.975,24.76,LOW
4751,ML-01764,ENGINEERING,Track,0.26679329074669456,26.679329074669454,21.805,24.73,LOW
4752,ML-04693,ENGINEERING,Bridge,0.2400752697960284,24.00752697960284,25.741500000000002,24.7,LOW
4753,ML-03052,TRD,OHE,0.16138193314938543,16.138193314938544,37.5045,24.68,LOW
4754,ML-03822,ENGINEERING,Bridge,0.20883923653899458,20.88392365389946,30.3415,24.67,LOW
4755,ML-03635,ENGINEERING,Track,0.21991937111294518,21.99193711129452,28.664,24.66,LOW
4756,ML-04505,ENGINEERING,Point & Crossing,0.19958838676533186,19.958838676533187,31.705999999999996,24.66,LOW
4757,ML-01673,ENGINEERING,Bridge,0.1330065677638786,13.300656776387859,41.702333333333335,24.66,LOW
4758,ML-01829,S&T,Axle Counter,0.2687275287066109,26.87275287066109,21.304499999999997,24.65,LOW
4759,ML-03332,S&T,Signal,0.16535099726495425,16.535099726495424,36.78,24.63,LOW
4760,ML-02971,S&T,Signal,0.20863442845507613,20.863442845507613,30.128666666666668,24.57,LOW
4761,ML-02953,TRD,Section Insulator,0.15839280765628364,15.839280765628363,37.665,24.57,LOW
4762,ML-01345,ENGINEERING,Track,0.26295538817778813,26.295538817778812,21.922,24.55,LOW
4763,ML-01279,TRD,Transformer,0.10166612442292054,10.166612442292054,46.1115,24.54,LOW
4764,ML-00066,TRD,Transformer,0.23899813650648127,23.899813650648127,25.442500000000003,24.52,LOW
4765,ML-01145,TRD,Section Insulator,0.24455911424582738,24.455911424582737,24.619500000000002,24.52,LOW
4766,ML-00582,S&T,Point Machine,0.13394915253988768,13.394915253988767,41.1875,24.51,LOW
4767,ML-00414,S&T,Axle Counter,0.22562514329409392,22.562514329409392,27.4085,24.5,LOW
4768,ML-02150,ENGINEERING,Track,0.25646767267970705,25.646767267970706,22.745,24.49,LOW
4769,ML-04996,S&T,Axle Counter,0.2748384218074654,27.483842180746542,19.990000000000002,24.49,LOW
4770,ML-04856,ENGINEERING,Track,0.23994861065221135,23.994861065221134,25.0915,24.43,LOW
4771,ML-02701,S&T,Signal,0.1903846224394137,19.03846224394137,32.464999999999996,24.41,LOW
4772,ML-02325,ENGINEERING,Bridge,0.2649955161873263,26.49955161873263,21.215666666666667,24.39,LOW
4773,ML-01812,S&T,Signal,0.2039207736830998,20.39207736830998,30.3395,24.37,LOW
4774,ML-01616,ENGINEERING,Bridge,0.16186136727512554,16.186136727512555,36.629999999999995,24.36,LOW
4775,ML-01575,ENGINEERING,Track,0.22435572507749227,22.435572507749228,27.207,24.34,LOW
4776,ML-01408,S&T,Axle Counter,0.1316648233607928,13.16648233607928,41.112,24.34,LOW
4777,ML-04014,ENGINEERING,Track,0.242963144682797,24.2963144682797,24.3855,24.33,LOW
4778,ML-01610,TRD,OHE,0.19856533945447702,19.8565339454477,30.985000000000003,24.31,LOW
4779,ML-00127,S&T,Axle Counter,0.2083542158516782,20.835421585167822,29.4755,24.29,LOW
4780,ML-02383,S&T,Axle Counter,0.22123246631157722,22.123246631157723,27.479499999999998,24.27,LOW
4781,ML-01290,S&T,Point Machine,0.16885100197320568,16.88510019732057,35.294,24.25,LOW
4782,ML-04641,ENGINEERING,Point & Crossing,0.22516296513921513,22.516296513921514,26.847,24.25,LOW
4783,ML-00806,ENGINEERING,Bridge,0.17517933553483941,17.517933553483942,34.087,24.15,LOW
4784,ML-03033,S&T,Signal,0.2435903116922656,24.35903116922656,23.7855,24.13,LOW
4785,ML-00938,TRD,OHE,0.21397391235253946,21.397391235253945,28.2315,24.13,LOW
4786,ML-00698,ENGINEERING,Bridge,0.24031143376534989,24.031143376534988,24.254000000000005,24.12,LOW
4787,ML-04698,TRD,Transformer,0.21161223743617608,21.161223743617608,28.514000000000003,24.1,LOW
4788,ML-02364,ENGINEERING,Point & Crossing,0.19356456763749005,19.356456763749005,31.062,24.04,LOW
4789,ML-03000,TRD,OHE,0.20565617523032173,20.565617523032174,29.209,24.02,LOW
4790,ML-02529,S&T,Point Machine,0.1936446061869514,19.36446061869514,31.008,24.02,LOW
4791,ML-04086,ENGINEERING,Point & Crossing,0.2152062944678817,21.52062944678817,27.76366666666667,24.02,LOW
4792,ML-02981,ENGINEERING,Track,0.15427541373385392,15.427541373385392,36.8905,24.01,LOW
4793,ML-01679,TRD,OHE,0.1828431161110349,18.28431161110349,32.5905,24.01,LOW
4794,ML-04951,ENGINEERING,Bridge,0.26705521304513113,26.705521304513113,19.933,24.0,LOW
4795,ML-01205,ENGINEERING,Track,0.16787542768534514,16.787542768534514,34.788,23.99,LOW
4796,ML-00766,S&T,Axle Counter,0.16676546114956234,16.676546114956235,34.972,23.99,LOW
4797,ML-00477,ENGINEERING,Track,0.15289015433197095,15.289015433197095,36.9985,23.97,LOW
4798,ML-04737,TRD,Transformer,0.21527871528844206,21.527871528844205,27.544500000000003,23.93,LOW
4799,ML-00769,S&T,Axle Counter,0.23198193167297462,23.19819316729746,24.994,23.92,LOW
4800,ML-02768,S&T,Axle Counter,0.27005862360873695,27.005862360873696,19.252000000000002,23.9,LOW
4801,ML-01804,ENGINEERING,Point & Crossing,0.19727960796346078,19.72796079634608,30.126,23.89,LOW
4802,ML-01057,TRD,Section Insulator,0.2041998561418784,20.41998561418784,29.019000000000002,23.86,LOW
4803,ML-00659,ENGINEERING,Bridge,0.1909371791633858,19.09371791633858,30.919,23.82,LOW
4804,ML-02769,TRD,Transformer,0.2652957690763169,26.529576907631693,19.744999999999997,23.82,LOW
4805,ML-02288,ENGINEERING,Track,0.10764538949587257,10.764538949587257,43.3895,23.81,LOW
4806,ML-03883,S&T,Signal,0.23451845247934472,23.45184524793447,24.355500000000003,23.81,LOW
4807,ML-04597,ENGINEERING,Point & Crossing,0.1975612056023744,19.756120560237438,29.8895,23.81,LOW
4808,ML-00602,S&T,Axle Counter,0.2380547337942713,23.80547337942713,23.722,23.77,LOW
4809,ML-03624,S&T,Axle Counter,0.17687740212142578,17.68774021214258,32.787,23.73,LOW
4810,ML-01967,TRD,Transformer,0.16839641769577246,16.839641769577245,33.8655,23.65,LOW
4811,ML-02058,TRD,Section Insulator,0.1949033305744779,19.49033305744779,29.863500000000002,23.64,LOW
4812,ML-02433,ENGINEERING,Bridge,0.2288250531168472,22.88250531168472,24.7715,23.64,LOW
4813,ML-02864,ENGINEERING,Bridge,0.1931895072341809,19.31895072341809,30.105,23.63,LOW
4814,ML-04419,ENGINEERING,Bridge,0.14565790938491693,14.565790938491693,37.013000000000005,23.54,LOW
4815,ML-04179,S&T,Axle Counter,0.19264830154299387,19.264830154299386,29.8955,23.52,LOW
4816,ML-03404,ENGINEERING,Point & Crossing,0.16867772835275258,16.867772835275257,33.479,23.51,LOW
4817,ML-01437,ENGINEERING,Track,0.22311556558974666,22.311556558974665,25.284,23.5,LOW
4818,ML-03447,ENGINEERING,Point & Crossing,0.1784053724416932,17.84053724416932,31.9615,23.49,LOW
4819,ML-02594,TRD,Section Insulator,0.1959395468520478,19.593954685204782,29.3225,23.49,LOW
4820,ML-02990,ENGINEERING,Track,0.22988181809907066,22.988181809907065,24.199,23.47,LOW
4821,ML-00021,ENGINEERING,Track,0.1570444717544628,15.70444717544628,35.0405,23.44,LOW
4822,ML-02026,S&T,Point Machine,0.23535161780833933,23.53516178083393,23.267500000000002,23.43,LOW
4823,ML-04700,ENGINEERING,Track,0.1614928671133199,16.14928671133199,34.2745,23.4,LOW
4824,ML-01880,TRD,Transformer,0.12242467496512237,12.242467496512237,40.036,23.36,LOW
4825,ML-00231,TRD,Section Insulator,0.14972867884603758,14.972867884603758,35.832499999999996,23.32,LOW
4826,ML-04353,TRD,Section Insulator,0.1883643231449325,18.83643231449325,30.012000000000004,23.31,LOW
4827,ML-00622,TRD,Transformer,0.20364415228470625,20.364415228470627,27.699,23.3,LOW
4828,ML-04544,ENGINEERING,Point & Crossing,0.16928300501953278,16.928300501953277,32.8255,23.29,LOW
4829,ML-03903,TRD,Transformer,0.24365020722698155,24.365020722698155,21.678,23.29,LOW
4830,ML-03175,ENGINEERING,Bridge,0.1457364808303013,14.57364808303013,36.331,23.28,LOW
4831,ML-02165,S&T,Signal,0.27247224549507576,27.247224549507575,17.256,23.25,LOW
4832,ML-03528,S&T,Point Machine,0.1238267905409279,12.38267905409279,39.466,23.22,LOW
4833,ML-03984,TRD,Transformer,0.2571774847315245,25.71774847315245,19.4585,23.21,LOW
4834,ML-02786,S&T,Signal,0.14860612690084868,14.860612690084867,35.62650000000001,23.17,LOW
4835,ML-00251,TRD,Section Insulator,0.21849447330886881,21.849447330886882,25.1235,23.16,LOW
4836,ML-02164,ENGINEERING,Point & Crossing,0.21602083896083055,21.602083896083055,25.406,23.12,LOW
4837,ML-00075,ENGINEERING,Track,0.16707018007715807,16.707018007715806,32.717,23.11,LOW
4838,ML-03155,S&T,Point Machine,0.275627281052324,27.5627281052324,16.343999999999998,23.08,LOW
4839,ML-03020,ENGINEERING,Bridge,0.23120714774209955,23.120714774209954,22.96,23.06,LOW
4840,ML-04786,ENGINEERING,Bridge,0.15135283498487614,15.135283498487615,34.894499999999994,23.04,LOW
4841,ML-01898,ENGINEERING,Bridge,0.16929496734491228,16.929496734491227,32.120000000000005,23.01,LOW
4842,ML-04673,ENGINEERING,Point & Crossing,0.22886449923370727,22.886449923370726,23.1805,23.0,LOW
4843,ML-02156,ENGINEERING,Track,0.2529347530613409,25.293475306134088,19.5385,22.99,LOW
4844,ML-03909,ENGINEERING,Point & Crossing,0.15520795058390066,15.520795058390066,34.1545,22.97,LOW
4845,ML-01211,ENGINEERING,Bridge,0.09123084804325603,9.123084804325602,43.721,22.96,LOW
4846,ML-00223,ENGINEERING,Track,0.2594419149782404,25.944191497824036,18.418499999999998,22.93,LOW
4847,ML-01231,ENGINEERING,Bridge,0.20462773802450593,20.46277380245059,26.638,22.93,LOW
4848,ML-01210,ENGINEERING,Bridge,0.23052480199845848,23.05248019984585,22.712500000000002,22.92,LOW
4849,ML-04369,TRD,Section Insulator,0.12448529762002815,12.448529762002815,38.571666666666665,22.9,LOW
4850,ML-03796,S&T,Signal,0.22136429474369634,22.136429474369635,23.919500000000003,22.85,LOW
4851,ML-00777,S&T,Signal,0.2678171747911119,26.78171747911119,16.8805,22.82,LOW
4852,ML-01802,ENGINEERING,Point & Crossing,0.19249892354823242,19.249892354823242,28.1355,22.8,LOW
4853,ML-02555,ENGINEERING,Bridge,0.11329597814941493,11.329597814941494,39.894,22.76,LOW
4854,ML-01483,S&T,Axle Counter,0.23692153179735181,23.692153179735183,21.032,22.63,LOW
4855,ML-00734,ENGINEERING,Point & Crossing,0.2570813977527662,25.708139775276624,17.997,22.62,LOW
4856,ML-01641,ENGINEERING,Point & Crossing,0.20931812610785958,20.931812610785958,25.121000000000002,22.61,LOW
4857,ML-03911,ENGINEERING,Point & Crossing,0.24898471533316816,24.898471533316815,19.127499999999998,22.59,LOW
4858,ML-02468,ENGINEERING,Track,0.13391501881319623,13.391501881319623,36.36216666666667,22.58,LOW
4859,ML-04343,S&T,Point Machine,0.17300901385700942,17.300901385700943,30.459500000000002,22.56,LOW
4860,ML-03382,S&T,Axle Counter,0.19865449757354564,19.865449757354565,26.543,22.54,LOW
4861,ML-00001,ENGINEERING,Track,0.13431954044740876,13.431954044740877,36.1975,22.54,LOW
4862,ML-03039,ENGINEERING,Track,0.17482025175269786,17.482025175269786,30.11,22.53,LOW
4863,ML-04302,TRD,OHE,0.22793211195439766,22.793211195439767,21.954,22.46,LOW
4864,ML-02380,TRD,Transformer,0.08761440471905772,8.761440471905772,42.941,22.43,LOW
4865,ML-01663,S&T,Signal,0.20655638101508025,20.655638101508025,25.009500000000003,22.4,LOW
4866,ML-01188,S&T,Signal,0.20662689654515065,20.662689654515066,24.9725,22.39,LOW
4867,ML-00470,S&T,Point Machine,0.22304842719972118,22.304842719972118,22.472,22.37,LOW
4868,ML-04516,S&T,Signal,0.14543292744134834,14.543292744134833,34.048,22.35,LOW
4869,ML-02617,S&T,Axle Counter,0.16444527746521295,16.444527746521295,31.18166666666667,22.34,LOW
4870,ML-03259,TRD,Section Insulator,0.1491173857986558,14.91173857986558,33.437,22.32,LOW
4871,ML-02490,TRD,OHE,0.22181847854422135,22.181847854422134,22.499499999999998,22.31,LOW
4872,ML-01936,TRD,OHE,0.20827848863539142,20.827848863539142,24.228,22.19,LOW
4873,ML-00005,S&T,Axle Counter,0.09435971380933349,9.43597138093335,41.186,22.14,LOW
4874,ML-02185,ENGINEERING,Bridge,0.17862476006319158,17.86247600631916,28.497666666666667,22.12,LOW
4875,ML-04185,ENGINEERING,Bridge,0.2624392740908745,26.243927409087448,15.944999999999999,22.12,LOW
4876,ML-00905,S&T,Signal,0.18770000712110202,18.770000712110203,27.139000000000003,22.12,LOW
4877,ML-03980,ENGINEERING,Bridge,0.2319865583351288,23.19865583351288,20.398,22.08,LOW
4878,ML-01693,S&T,Signal,0.23093703682643557,23.093703682643557,20.5565,22.08,LOW
4879,ML-00799,ENGINEERING,Track,0.15303642636485174,15.303642636485174,32.242,22.08,LOW
4880,ML-02282,ENGINEERING,Track,0.21610051115402867,21.610051115402868,22.6825,22.04,LOW
4881,ML-01550,TRD,Transformer,0.17131582447343718,17.131582447343717,29.19483333333333,21.96,LOW
4882,ML-01346,TRD,Transformer,0.17636794091587377,17.636794091587376,28.357,21.92,LOW
4883,ML-00177,ENGINEERING,Point & Crossing,0.22346198823768185,22.346198823768184,21.235,21.9,LOW
4884,ML-03989,S&T,Point Machine,0.14867550908400134,14.867550908400135,32.391000000000005,21.88,LOW
4885,ML-01828,ENGINEERING,Track,0.2224825717579146,22.248257175791462,21.3235,21.88,LOW
4886,ML-00932,S&T,Signal,0.21682920562043595,21.682920562043595,22.1495,21.87,LOW
4887,ML-00551,ENGINEERING,Point & Crossing,0.09474287530911309,9.474287530911308,40.34733333333333,21.82,LOW
4888,ML-04207,ENGINEERING,Track,0.13773831020224944,13.773831020224945,33.8095,21.79,LOW
4889,ML-01990,ENGINEERING,Bridge,0.18675163276405735,18.675163276405733,26.308500000000002,21.73,LOW
4890,ML-01296,TRD,Section Insulator,0.09865374946464905,9.865374946464906,39.3915,21.68,LOW
4891,ML-01243,ENGINEERING,Point & Crossing,0.2623249687392303,26.23249687392303,14.7985,21.66,LOW
4892,ML-04652,ENGINEERING,Bridge,0.15804740569405942,15.804740569405942,30.325,21.61,LOW
4893,ML-04814,S&T,Axle Counter,0.23713783317065962,23.71378331706596,18.441000000000003,21.6,LOW
4894,ML-03030,S&T,Signal,0.21755355747415556,21.755355747415557,21.3305,21.59,LOW
4895,ML-04009,S&T,Point Machine,0.1803656338886524,18.03656338886524,26.797666666666668,21.54,LOW
4896,ML-02791,ENGINEERING,Point & Crossing,0.21671916541641006,21.671916541641007,21.208,21.49,LOW
4897,ML-03770,S&T,Signal,0.1839081567122925,18.390815671229248,26.020833333333336,21.44,LOW
4898,ML-00354,ENGINEERING,Bridge,0.1466165576048391,14.66165576048391,31.5245,21.41,LOW
4899,ML-02355,ENGINEERING,Track,0.16821111478276138,16.821111478276137,28.2265,21.38,LOW
4900,ML-04101,S&T,Point Machine,0.1476894326373841,14.76894326373841,31.264000000000003,21.37,LOW
4901,ML-00588,ENGINEERING,Bridge,0.1789729585717808,17.89729585717808,26.262,21.24,LOW
4902,ML-00989,S&T,Signal,0.1642793449445944,16.42793449445944,28.368,21.2,LOW
4903,ML-03592,ENGINEERING,Point & Crossing,0.20675713087882716,20.675713087882716,21.948500000000003,21.18,LOW
4904,ML-02042,ENGINEERING,Point & Crossing,0.1976160173073665,19.76160173073665,23.1785,21.13,LOW
4905,ML-01130,S&T,Axle Counter,0.19482653715352005,19.482653715352004,23.458000000000002,21.07,LOW
4906,ML-04279,S&T,Point Machine,0.2200274741439565,22.00274741439565,19.5535,21.02,LOW
4907,ML-04415,ENGINEERING,Bridge,0.18495301495783814,18.495301495783814,24.776000000000003,21.01,LOW
4908,ML-00678,ENGINEERING,Bridge,0.19914302118970312,19.914302118970312,22.545,20.97,LOW
4909,ML-03994,TRD,Section Insulator,0.18189729695131263,18.189729695131263,24.982,20.91,LOW
4910,ML-03115,S&T,Point Machine,0.2153392413351961,21.533924133519612,19.9165,20.89,LOW
4911,ML-00064,S&T,Axle Counter,0.19481444300230882,19.481444300230883,22.8915,20.85,LOW
4912,ML-02215,TRD,OHE,0.1639852743153498,16.39852743153498,27.43716666666667,20.81,LOW
4913,ML-04707,S&T,Axle Counter,0.18972895211518018,18.97289521151802,23.3705,20.73,LOW
4914,ML-02322,S&T,Signal,0.239790516481567,23.979051648156698,15.85,20.73,LOW
4915,ML-00353,ENGINEERING,Bridge,0.13511487832147095,13.511487832147095,31.52,20.71,LOW
4916,ML-02501,ENGINEERING,Bridge,0.17357984476624272,17.35798447662427,25.618000000000002,20.66,LOW
4917,ML-00059,ENGINEERING,Track,0.14931992573256136,14.931992573256137,29.209000000000003,20.64,LOW
4918,ML-03740,TRD,Section Insulator,0.10354610752156061,10.354610752156061,35.76616666666666,20.52,LOW
4919,ML-02753,S&T,Signal,0.20538353347311525,20.538353347311524,20.3625,20.47,LOW
4920,ML-02748,TRD,OHE,0.15616220409116996,15.616220409116996,27.5855,20.4,LOW
4921,ML-02504,TRD,Transformer,0.15514203334107435,15.514203334107435,27.658,20.37,LOW
4922,ML-03614,S&T,Axle Counter,0.09762024495290245,9.762024495290245,36.269000000000005,20.36,LOW
4923,ML-01760,TRD,Transformer,0.11509361355597057,11.509361355597058,33.510333333333335,20.31,LOW
4924,ML-01236,ENGINEERING,Bridge,0.08350092901211502,8.350092901211502,38.120999999999995,20.26,LOW
4925,ML-01786,ENGINEERING,Track,0.14048175473636054,14.048175473636054,29.415499999999998,20.2,LOW
4926,ML-04116,S&T,Axle Counter,0.14588473928631396,14.588473928631396,28.521,20.16,LOW
4927,ML-04848,TRD,Transformer,0.20819755984079338,20.81975598407934,19.02066666666667,20.1,LOW
4928,ML-04193,TRD,OHE,0.18037587756811582,18.037587756811583,23.1085,20.07,LOW
4929,ML-00098,ENGINEERING,Track,0.2096503969835365,20.96503969835365,18.662,20.04,LOW
4930,ML-04294,S&T,Signal,0.1767196489997801,17.67196489997801,23.360999999999997,19.95,LOW
4931,ML-04742,S&T,Point Machine,0.18872570702748814,18.872570702748813,21.492,19.92,LOW
4932,ML-01573,S&T,Signal,0.1275164647416445,12.751646474164449,30.567666666666668,19.88,LOW
4933,ML-01884,S&T,Point Machine,0.08440037653130149,8.44003765313015,36.97316666666667,19.85,LOW
4934,ML-01716,ENGINEERING,Track,0.1873132199002151,18.73132199002151,21.4525,19.82,LOW
4935,ML-02578,ENGINEERING,Track,0.18503916766721457,18.503916766721456,21.8045,19.82,LOW
4936,ML-00565,ENGINEERING,Point & Crossing,0.1813355001446456,18.13355001446456,22.320500000000003,19.81,LOW
4937,ML-01961,ENGINEERING,Bridge,0.18700986199034683,18.700986199034684,21.056,19.64,LOW
4938,ML-04097,S&T,Point Machine,0.18071503115974086,18.071503115974085,21.909000000000002,19.61,LOW
4939,ML-00798,S&T,Axle Counter,0.19747658219147937,19.747658219147937,19.3505,19.59,LOW
4940,ML-02603,TRD,Section Insulator,0.14265057960357821,14.265057960357822,27.368666666666666,19.51,LOW
4941,ML-03930,TRD,Section Insulator,0.25039167664994494,25.039167664994494,11.191166666666666,19.5,LOW
4942,ML-00394,S&T,Point Machine,0.1032620750038258,10.32620750038258,32.824666666666666,19.33,LOW
4943,ML-02965,S&T,Axle Counter,0.18109910004025603,18.109910004025604,21.12,19.31,LOW
4944,ML-02787,ENGINEERING,Track,0.13263244079293696,13.263244079293695,28.3785,19.31,LOW
4945,ML-03251,ENGINEERING,Point & Crossing,0.11779404302655758,11.779404302655758,30.3275,19.2,LOW
4946,ML-01440,TRD,OHE,0.17856325419425467,17.856325419425467,21.152,19.17,LOW
4947,ML-01044,S&T,Axle Counter,0.10775185786574594,10.775185786574594,31.105,18.91,LOW
4948,ML-04024,TRD,OHE,0.1413422573520447,14.13422573520447,25.92516666666667,18.85,LOW
4949,ML-03360,S&T,Signal,0.10002365165665772,10.002365165665772,32.094,18.84,LOW
4950,ML-04623,ENGINEERING,Bridge,0.11548621088754589,11.548621088754588,29.639499999999998,18.78,LOW
4951,ML-00406,ENGINEERING,Track,0.07879378165256172,7.879378165256172,35.035,18.74,LOW
4952,ML-04188,S&T,Signal,0.10650282981128129,10.650282981128129,30.421833333333332,18.56,LOW
4953,ML-04190,S&T,Signal,0.10261108476525348,10.261108476525347,30.9235,18.53,LOW
4954,ML-01307,ENGINEERING,Point & Crossing,0.18086740897820042,18.086740897820043,19.158500000000004,18.52,LOW
4955,ML-01816,S&T,Signal,0.17471806252332364,17.471806252332364,19.9875,18.48,LOW
4956,ML-04741,S&T,Axle Counter,0.10690756660259292,10.690756660259291,29.9095,18.38,LOW
4957,ML-04626,ENGINEERING,Bridge,0.15413935250764044,15.413935250764045,22.6235,18.3,LOW
4958,ML-04932,ENGINEERING,Track,0.07767800477091458,7.767800477091457,33.92883333333333,18.23,LOW
4959,ML-03487,TRD,OHE,0.15231310223017183,15.231310223017184,22.3305,18.07,LOW
4960,ML-00474,TRD,OHE,0.1409522569915379,14.09522569915379,23.850833333333334,18.0,LOW
4961,ML-00375,ENGINEERING,Bridge,0.15563248031278193,15.563248031278192,21.514,17.94,LOW
4962,ML-00234,ENGINEERING,Point & Crossing,0.08964319877569542,8.964319877569542,31.34716666666667,17.92,LOW
4963,ML-03766,ENGINEERING,Track,0.14812784046147018,14.812784046147017,22.500833333333336,17.89,LOW
4964,ML-02917,S&T,Signal,0.10053355576334713,10.053355576334713,29.191333333333333,17.71,LOW
4965,ML-01939,TRD,OHE,0.12759219218639653,12.759219218639654,24.782000000000004,17.57,LOW
4966,ML-02596,ENGINEERING,Point & Crossing,0.13583386385288163,13.583386385288163,23.429166666666667,17.52,LOW
4967,ML-00236,ENGINEERING,Point & Crossing,0.16785718683827344,16.785718683827344,18.548499999999997,17.49,LOW
4968,ML-02586,ENGINEERING,Bridge,0.07828076792374568,7.828076792374568,31.9725,17.49,LOW
4969,ML-04252,TRD,OHE,0.12739430138744617,12.739430138744618,24.472,17.43,LOW
4970,ML-02264,S&T,Point Machine,0.08271812708892182,8.271812708892181,30.97266666666667,17.35,LOW
4971,ML-03809,ENGINEERING,Track,0.11619866324467665,11.619866324467665,25.816499999999998,17.3,LOW
4972,ML-01841,S&T,Axle Counter,0.07031378975068264,7.0313789750682645,32.572,17.25,LOW
4973,ML-00671,TRD,Transformer,0.13321046354552998,13.321046354552998,23.0355,17.21,LOW
4974,ML-01799,S&T,Point Machine,0.15349579898183352,15.349579898183352,19.627499999999998,17.06,LOW
4975,ML-00737,TRD,Section Insulator,0.1600351780987093,16.003517809870928,18.566499999999998,17.03,LOW
4976,ML-00892,S&T,Axle Counter,0.08047269091586415,8.047269091586415,30.173666666666666,16.9,LOW
4977,ML-01844,S&T,Axle Counter,0.1282486017192969,12.82486017192969,22.941499999999998,16.87,LOW
4978,ML-00448,S&T,Signal,0.126678867853301,12.6678867853301,22.967666666666666,16.79,LOW
4979,ML-02109,ENGINEERING,Track,0.12712661658018287,12.712661658018288,22.618833333333335,16.68,LOW
4980,ML-01949,TRD,Section Insulator,0.11412360221204416,11.412360221204416,24.387,16.6,LOW
4981,ML-00997,ENGINEERING,Bridge,0.1042762434428612,10.42762434428612,25.663833333333333,16.52,LOW
4982,ML-01335,TRD,OHE,0.08414884689482094,8.414884689482093,28.614500000000003,16.49,LOW
4983,ML-03413,TRD,Transformer,0.11975724182505036,11.975724182505036,22.678,16.26,LOW
4984,ML-03853,TRD,Section Insulator,0.11790430042042348,11.790430042042347,22.47266666666667,16.06,LOW
4985,ML-01241,TRD,Transformer,0.13521233206210131,13.521233206210132,19.759833333333336,16.02,LOW
4986,ML-00493,TRD,OHE,0.1370970553683782,13.709705536837822,19.2255,15.92,LOW
4987,ML-01806,S&T,Signal,0.12751174909301757,12.751174909301758,20.2455,15.75,LOW
4988,ML-03899,S&T,Signal,0.10724617999785556,10.724617999785556,22.473,15.42,LOW
4989,ML-03120,S&T,Signal,0.11742366421510309,11.742366421510308,20.763333333333335,15.35,LOW
4990,ML-00522,S&T,Axle Counter,0.12014151035241774,12.014151035241774,20.238500000000002,15.3,LOW
4991,ML-02214,S&T,Axle Counter,0.11193684914091503,11.193684914091504,21.3785,15.27,LOW
4992,ML-03101,S&T,Point Machine,0.12049622266751638,12.049622266751637,19.939500000000002,15.21,LOW
4993,ML-00128,TRD,Section Insulator,0.11658048195196191,11.65804819519619,20.428666666666665,15.17,LOW
4994,ML-02560,ENGINEERING,Point & Crossing,0.12312033671734943,12.312033671734943,19.413666666666668,15.15,LOW
4995,ML-01623,ENGINEERING,Point & Crossing,0.0731519858980446,7.31519858980446,25.947,14.77,LOW
4996,ML-04820,ENGINEERING,Bridge,0.09973588618407676,9.973588618407677,21.195999999999998,14.46,LOW
4997,ML-03132,S&T,Axle Counter,0.105058767989392,10.5058767989392,20.0045,14.31,LOW
4998,ML-03121,ENGINEERING,Bridge,0.0925209795187783,9.25209795187783,20.096333333333334,13.59,LOW
4999,ML-04121,S&T,Signal,0.08910864566770219,8.910864566770218,20.257166666666667,13.45,LOW
5000,ML-02690,ENGINEERING,Bridge,0.08370069120080738,8.370069120080737,18.798833333333334,12.54,LOW
