asset_id,department,asset_type,criticality,health_score,failure_risk,asset_age_years,days_since_inspection,defect_count,urgent_defect_count,max_safety_impact,repeat_failure,maintenance_count,corrective_maintenance_count,previous_failure_count,urgent_maintenance
ML-00001,ENGINEERING,Track,2,85.95,30.45,14.0,42,0,0,0,1,2,2,1,0
ML-00002,ENGINEERING,Track,3,87.36,26.32,6.1,14,0,0,0,0,0,0,0,1
ML-00003,TRD,Transformer,4,77.82,37.41,7.9,72,0,0,0,1,4,3,2,0
ML-00004,TRD,Transformer,4,53.46,63.63,15.9,190,3,0,1,1,1,1,1,0
ML-00005,S&T,Axle Counter,3,96.2,18.08,4.4,34,2,0,3,0,4,0,0,0
ML-00006,ENGINEERING,Bridge,2,89.1,32.11,16.8,113,2,0,3,0,2,0,1,0
ML-00007,S&T,Signal,4,92.21,27.93,1.7,46,0,0,0,0,4,1,0,1
ML-00008,S&T,Axle Counter,3,76.32,41.11,10.5,220,2,0,2,0,4,2,2,0
ML-00009,ENGINEERING,Point & Crossing,4,88.47,36.18,8.2,114,3,1,4,1,7,2,2,0
ML-00010,TRD,Transformer,4,82.61,40.7,7.5,129,0,0,0,1,3,1,1,0
ML-00011,ENGINEERING,Point & Crossing,4,56.51,52.21,13.6,120,4,2,3,1,3,3,1,1
ML-00012,TRD,OHE,5,52.1,63.52,14.9,54,2,2,5,1,3,2,2,1
ML-00013,TRD,Section Insulator,3,76.81,42.23,14.2,130,4,1,3,0,0,0,0,0
ML-00014,S&T,Axle Counter,3,92.76,30.51,3.1,72,1,0,2,0,0,0,0,0
ML-00015,ENGINEERING,Bridge,5,75.63,53.09,14.2,65,3,2,3,0,3,0,0,1
ML-00016,ENGINEERING,Bridge,5,71.55,68.61,15.5,57,3,2,3,0,8,3,5,0
ML-00017,TRD,Transformer,2,80.35,28.72,6.7,60,1,0,3,0,3,1,2,0
ML-00018,S&T,Point Machine,5,74.84,49.45,3.6,70,3,2,3,1,2,2,0,0
ML-00019,TRD,Section Insulator,3,82.95,51.49,18.8,101,4,0,3,1,5,4,2,0
ML-00020,TRD,Section Insulator,4,100.0,26.3,3.0,40,1,0,2,0,3,2,0,0
ML-00021,ENGINEERING,Track,1,88.77,21.78,11.4,47,1,0,3,0,1,0,1,0
ML-00022,S&T,Signal,3,68.01,39.88,10.1,87,3,2,4,0,7,1,2,0
ML-00023,TRD,OHE,3,93.79,24.18,7.8,85,0,0,0,1,7,1,0,0
ML-00024,ENGINEERING,Bridge,5,71.24,66.11,9.5,169,5,2,1,1,6,2,4,1
ML-00025,ENGINEERING,Bridge,3,70.21,44.85,8.9,99,2,1,2,1,2,0,0,0
ML-00026,ENGINEERING,Bridge,2,81.4,25.98,6.4,219,0,0,0,1,2,2,0,0
ML-00027,ENGINEERING,Point & Crossing,3,82.35,31.7,9.9,105,1,0,2,1,2,1,0,0
ML-00028,S&T,Axle Counter,4,69.82,48.45,15.2,180,0,0,0,1,5,1,1,1
ML-00029,ENGINEERING,Point & Crossing,1,77.79,34.27,14.4,79,2,0,3,0,4,2,0,0
ML-00030,TRD,OHE,3,66.42,45.59,13.8,140,3,1,3,0,4,0,2,0
ML-00031,TRD,Section Insulator,4,77.45,41.21,8.0,109,2,1,3,0,3,2,1,0
ML-00032,TRD,Section Insulator,3,76.57,40.96,18.1,44,2,2,3,0,1,1,0,0
ML-00033,ENGINEERING,Track,2,72.54,33.57,14.2,60,3,1,2,1,5,2,1,0
ML-00034,ENGINEERING,Point & Crossing,5,73.9,56.11,13.3,47,2,2,5,1,6,3,0,0
ML-00035,TRD,OHE,4,79.56,45.13,13.9,76,2,1,2,1,0,0,0,0
ML-00036,ENGINEERING,Bridge,4,61.16,57.58,16.3,80,0,0,0,1,3,2,1,1
ML-00037,TRD,Section Insulator,3,71.64,25.28,11.9,63,0,0,0,1,7,2,0,0
ML-00038,S&T,Signal,4,63.62,57.49,12.4,68,4,1,5,1,1,1,0,0
ML-00039,TRD,Section Insulator,4,74.83,50.49,9.0,153,1,1,4,0,4,3,2,0
ML-00040,ENGINEERING,Bridge,4,70.29,46.92,7.6,23,2,0,2,0,5,2,2,1
ML-00041,ENGINEERING,Point & Crossing,2,72.45,44.79,14.5,91,3,1,2,1,5,2,1,0
ML-00042,TRD,Transformer,3,70.99,41.62,13.7,117,0,0,0,0,8,4,0,0
ML-00043,TRD,Transformer,4,68.72,54.46,17.9,149,2,1,2,1,3,2,1,0
ML-00044,ENGINEERING,Bridge,3,76.51,44.3,10.5,93,0,0,0,0,1,0,0,1
ML-00045,S&T,Point Machine,3,79.95,27.32,10.9,19,2,1,1,0,3,1,2,0
ML-00046,S&T,Axle Counter,4,79.23,45.41,9.4,95,0,0,0,1,2,2,1,0
ML-00047,TRD,OHE,3,50.36,69.29,30.0,75,1,1,3,1,2,0,0,1
ML-00048,TRD,Section Insulator,1,60.87,37.79,17.4,78,0,0,0,1,5,3,1,0
ML-00049,TRD,Section Insulator,5,50.52,75.79,24.9,35,0,0,0,1,4,2,3,0
ML-00050,ENGINEERING,Bridge,4,82.58,39.65,7.3,30,2,1,3,1,4,0,1,0
ML-00051,ENGINEERING,Bridge,3,86.31,34.55,15.9,22,1,1,2,1,2,2,0,0
ML-00052,ENGINEERING,Bridge,4,63.95,61.84,21.0,64,2,0,3,0,3,3,0,0
ML-00053,S&T,Point Machine,4,68.24,61.93,22.5,39,2,1,1,1,3,3,1,0
ML-00054,S&T,Point Machine,4,68.21,49.81,10.7,79,2,0,3,1,1,0,0,0
ML-00055,S&T,Axle Counter,4,86.42,36.61,5.6,195,0,0,0,0,6,3,1,1
ML-00056,ENGINEERING,Bridge,1,61.29,41.67,21.0,65,1,1,3,0,5,3,0,1
ML-00057,ENGINEERING,Track,5,65.73,67.6,13.6,33,0,0,0,1,6,3,4,1
ML-00058,S&T,Signal,4,89.2,34.84,4.5,55,0,0,0,0,3,1,1,0
ML-00059,ENGINEERING,Track,3,82.74,33.1,7.6,24,0,0,0,0,3,1,1,0
ML-00060,ENGINEERING,Bridge,2,69.03,53.15,22.5,155,2,0,2,0,2,1,2,0
ML-00061,S&T,Axle Counter,4,92.02,35.72,10.5,83,1,0,2,1,3,2,0,0
ML-00062,TRD,Section Insulator,4,72.95,51.5,13.5,264,1,1,3,1,3,2,3,1
ML-00063,TRD,OHE,5,71.85,51.5,10.7,95,4,3,3,0,4,2,2,0
ML-00064,S&T,Axle Counter,1,96.07,21.51,7.1,12,0,0,0,1,2,1,0,0
ML-00065,TRD,Transformer,4,91.3,35.22,7.5,133,2,0,3,1,6,3,1,0
ML-00066,TRD,Transformer,2,81.69,23.48,10.1,54,0,0,0,0,2,1,1,0
ML-00067,TRD,Transformer,4,64.17,56.41,12.9,121,1,0,3,0,4,3,3,0
ML-00068,S&T,Axle Counter,1,91.31,29.51,9.6,55,2,0,3,0,3,2,1,0
ML-00069,ENGINEERING,Track,5,73.84,44.75,4.9,54,0,0,0,1,5,3,4,0
ML-00070,S&T,Axle Counter,3,72.55,41.82,9.9,85,0,0,0,0,1,0,1,0
ML-00071,ENGINEERING,Point & Crossing,3,83.75,38.29,13.3,255,1,1,3,1,2,0,2,0
ML-00072,ENGINEERING,Bridge,3,80.59,39.55,13.4,92,0,0,0,1,7,3,1,0
ML-00073,ENGINEERING,Bridge,4,75.3,50.47,11.0,169,1,0,3,1,4,1,1,0
ML-00074,ENGINEERING,Bridge,1,63.0,44.23,14.5,150,0,0,0,0,3,0,2,0
ML-00075,ENGINEERING,Track,3,82.98,40.82,13.7,252,0,0,0,0,2,2,1,0
ML-00076,ENGINEERING,Bridge,2,61.58,44.88,20.9,111,2,0,1,1,3,0,0,0
ML-00077,ENGINEERING,Bridge,3,73.74,37.79,4.9,90,1,0,3,0,0,0,0,0
ML-00078,S&T,Point Machine,3,72.14,43.73,13.2,93,0,0,0,0,2,1,0,0
ML-00079,TRD,Section Insulator,5,87.71,49.36,7.9,89,1,0,3,1,2,0,0,1
ML-00080,TRD,Section Insulator,1,79.84,37.14,21.7,144,0,0,0,1,3,3,0,1
ML-00081,ENGINEERING,Bridge,1,71.27,45.17,15.9,118,3,0,3,1,3,0,2,0
ML-00082,ENGINEERING,Track,3,76.37,44.85,16.3,44,1,0,3,0,3,1,1,0
ML-00083,S&T,Axle Counter,3,86.59,31.61,12.7,116,1,0,3,0,5,2,2,1
ML-00084,S&T,Signal,3,65.55,48.34,17.6,95,1,0,3,1,2,1,1,0
ML-00085,ENGINEERING,Point & Crossing,3,73.86,38.92,8.7,74,4,1,4,0,4,1,1,1
ML-00086,ENGINEERING,Bridge,4,73.03,46.88,13.7,31,1,1,3,1,3,0,0,1
ML-00087,ENGINEERING,Track,5,73.41,48.53,6.3,99,3,1,1,0,2,1,2,1
ML-00088,S&T,Point Machine,5,58.33,67.68,19.1,103,1,1,5,1,3,2,3,1
ML-00089,S&T,Point Machine,1,80.28,23.2,7.4,38,3,0,3,1,3,2,0,0
ML-00090,ENGINEERING,Point & Crossing,4,86.23,37.04,6.3,115,2,0,2,0,3,1,0,0
ML-00091,ENGINEERING,Track,4,67.34,57.74,19.3,129,2,1,5,0,2,0,1,1
ML-00092,S&T,Axle Counter,5,88.94,36.23,6.8,78,3,0,4,1,4,1,2,1
ML-00093,TRD,OHE,3,89.3,38.45,10.1,78,0,0,0,0,1,0,0,0
ML-00094,TRD,OHE,3,63.91,53.7,22.8,117,1,0,1,1,3,1,2,1
ML-00095,ENGINEERING,Track,1,60.47,43.89,18.0,106,1,1,3,1,4,4,0,0
ML-00096,ENGINEERING,Bridge,5,63.12,63.74,15.6,96,0,0,0,0,4,2,2,1
ML-00097,ENGINEERING,Track,3,56.62,60.15,16.3,44,5,0,2,1,4,1,2,1
ML-00098,ENGINEERING,Track,1,87.48,13.92,8.3,74,0,0,0,0,4,0,1,0
ML-00099,ENGINEERING,Bridge,3,66.63,50.56,17.1,59,1,0,3,0,5,3,3,0
ML-00100,S&T,Signal,4,87.82,29.52,3.4,70,0,0,0,0,4,1,1,0
ML-00101,S&T,Signal,4,92.86,32.01,4.2,53,0,0,0,0,1,0,0,1
ML-00102,ENGINEERING,Point & Crossing,4,46.43,74.39,24.7,133,1,0,2,0,7,5,5,0
ML-00103,ENGINEERING,Track,4,69.02,64.32,17.6,48,2,1,3,0,4,2,2,0
ML-00104,ENGINEERING,Track,4,80.29,49.29,10.1,57,0,0,0,0,3,1,3,0
ML-00105,TRD,Section Insulator,5,76.07,44.63,8.7,63,2,2,2,1,7,3,2,1
ML-00106,S&T,Axle Counter,2,69.27,43.78,15.2,129,2,1,3,0,3,2,1,0
ML-00107,ENGINEERING,Bridge,3,86.39,34.1,7.5,94,2,0,1,0,1,0,0,0
ML-00108,TRD,Transformer,5,61.39,59.04,18.8,45,2,1,3,0,6,2,2,0
ML-00109,TRD,Section Insulator,3,74.96,56.49,16.9,104,2,0,3,1,2,2,0,0
ML-00110,ENGINEERING,Track,4,78.21,50.14,15.5,144,1,0,3,1,3,3,1,0
ML-00111,ENGINEERING,Point & Crossing,4,63.76,57.0,10.2,157,2,0,2,0,3,2,1,0
ML-00112,ENGINEERING,Point & Crossing,3,40.18,75.15,29.0,58,5,3,2,1,2,1,1,1
ML-00113,S&T,Axle Counter,4,68.32,44.58,16.9,60,0,0,0,0,3,2,2,0
ML-00114,ENGINEERING,Point & Crossing,1,97.95,22.72,10.6,134,0,0,0,0,5,2,1,1
ML-00115,ENGINEERING,Point & Crossing,3,68.73,31.86,4.6,28,3,0,3,0,3,0,1,0
ML-00116,ENGINEERING,Track,4,39.06,82.08,30.0,65,2,1,2,0,4,1,3,0
ML-00117,TRD,Transformer,3,94.66,25.94,5.5,182,0,0,0,0,2,0,0,0
ML-00118,S&T,Signal,3,76.41,43.93,12.0,117,1,0,2,0,2,2,2,0
ML-00119,TRD,Transformer,4,61.9,66.24,21.8,173,2,2,3,1,6,3,3,0
ML-00120,S&T,Signal,3,89.33,24.5,4.1,91,2,0,1,0,1,1,1,0
ML-00121,TRD,Transformer,2,98.03,21.88,10.8,114,0,0,0,1,1,0,0,0
ML-00122,ENGINEERING,Track,5,69.75,57.09,13.6,33,1,1,2,0,1,1,0,0
ML-00123,ENGINEERING,Point & Crossing,1,89.15,15.65,8.4,123,0,0,0,1,4,1,0,0
ML-00124,ENGINEERING,Bridge,5,77.3,48.34,11.6,125,2,0,5,0,1,0,0,0
ML-00125,ENGINEERING,Track,3,86.47,41.35,14.1,58,2,0,3,0,2,0,1,1
ML-00126,S&T,Point Machine,1,87.03,24.2,11.1,101,2,0,3,0,1,0,0,1
ML-00127,S&T,Axle Counter,3,89.11,29.21,6.7,69,0,0,0,0,7,2,0,0
ML-00128,TRD,Section Insulator,2,89.8,21.16,12.5,20,0,0,0,0,3,2,1,0
ML-00129,S&T,Signal,3,84.81,40.85,11.9,127,2,1,2,1,8,5,3,0
ML-00130,ENGINEERING,Point & Crossing,1,81.62,26.86,10.6,124,2,0,3,1,3,2,0,0
ML-00131,ENGINEERING,Bridge,4,88.17,28.64,6.2,155,0,0,0,1,2,0,0,0
ML-00132,TRD,Transformer,4,67.71,50.67,12.6,157,1,1,3,1,7,3,5,1
ML-00133,S&T,Axle Counter,4,72.83,45.3,5.6,46,3,1,2,1,2,1,0,1
ML-00134,S&T,Signal,1,87.69,15.99,11.2,127,0,0,0,0,2,2,0,0
ML-00135,ENGINEERING,Bridge,4,59.54,61.67,22.4,114,2,1,4,0,4,1,3,0
ML-00136,S&T,Point Machine,1,95.4,23.06,10.1,126,0,0,0,0,0,0,0,0
ML-00137,ENGINEERING,Point & Crossing,3,97.47,29.42,6.3,101,2,0,3,0,1,1,0,0
ML-00138,ENGINEERING,Track,5,67.45,66.21,13.8,30,2,2,1,1,1,1,0,1
ML-00139,S&T,Point Machine,3,70.52,45.85,15.5,177,3,2,1,0,3,2,2,1
ML-00140,TRD,OHE,3,82.41,36.92,11.5,144,0,0,0,0,5,2,0,0
ML-00141,ENGINEERING,Point & Crossing,3,90.74,30.86,2.7,51,0,0,0,0,3,0,0,0
ML-00142,ENGINEERING,Point & Crossing,3,75.92,55.69,17.5,24,2,0,3,0,3,2,0,0
ML-00143,ENGINEERING,Track,4,91.35,38.07,3.3,102,1,0,3,0,4,1,1,0
ML-00144,TRD,OHE,5,63.47,59.96,16.7,67,1,1,1,0,4,3,1,1
ML-00145,ENGINEERING,Point & Crossing,3,72.7,45.84,17.3,147,1,0,2,0,4,3,0,1
ML-00146,TRD,Section Insulator,2,85.17,29.51,8.8,90,2,0,2,0,1,0,0,0
ML-00147,S&T,Axle Counter,3,76.43,38.89,12.9,151,1,0,2,0,2,1,0,0
ML-00148,ENGINEERING,Point & Crossing,4,81.6,41.02,8.8,117,0,0,0,0,6,2,1,0
ML-00149,TRD,Section Insulator,5,63.0,65.97,15.5,50,6,0,3,1,5,5,3,0
ML-00150,TRD,Section Insulator,4,90.55,43.68,11.7,92,2,1,3,0,4,4,3,0
ML-00151,TRD,Transformer,4,80.33,46.85,18.2,38,0,0,0,0,3,2,1,0
ML-00152,TRD,Transformer,4,57.72,58.43,21.9,214,6,3,1,0,1,0,1,1
ML-00153,S&T,Point Machine,2,81.92,29.8,8.5,43,1,1,3,0,1,0,0,0
ML-00154,TRD,Transformer,5,57.97,66.47,17.8,51,1,0,2,0,5,4,1,1
ML-00155,ENGINEERING,Track,3,89.71,37.08,7.4,76,0,0,0,1,4,2,0,0
ML-00156,ENGINEERING,Track,4,87.76,36.9,5.4,100,3,1,3,0,4,1,2,1
ML-00157,ENGINEERING,Track,4,87.95,41.82,3.2,67,2,0,5,0,5,2,2,0
ML-00158,TRD,Section Insulator,3,52.48,62.55,17.8,86,4,1,2,0,2,0,2,0
ML-00159,TRD,Section Insulator,5,96.88,33.81,3.9,77,3,1,2,1,4,2,0,1
ML-00160,S&T,Signal,4,83.54,35.25,5.4,55,0,0,0,0,3,2,0,0
ML-00161,S&T,Point Machine,5,79.48,47.59,13.0,45,1,0,2,0,3,2,1,0
ML-00162,ENGINEERING,Track,3,85.71,41.38,10.2,53,0,0,0,0,4,0,0,0
ML-00163,ENGINEERING,Bridge,3,68.94,47.11,9.7,55,4,2,5,0,2,1,1,0
ML-00164,S&T,Signal,4,73.71,43.63,6.7,96,3,1,1,1,3,2,1,0
ML-00165,TRD,Section Insulator,3,70.45,42.45,11.8,28,4,2,3,0,3,2,0,1
ML-00166,ENGINEERING,Track,4,75.9,41.54,13.7,106,3,1,4,1,1,0,1,0
ML-00167,ENGINEERING,Track,4,79.83,43.02,4.3,56,2,0,3,1,4,3,0,0
ML-00168,S&T,Point Machine,3,78.95,45.4,12.3,29,1,0,4,1,1,1,0,0
ML-00169,ENGINEERING,Track,4,73.88,38.71,7.4,12,1,0,1,0,3,3,0,1
ML-00170,TRD,Transformer,3,100.0,10.76,7.6,117,0,0,0,1,4,1,1,0
ML-00171,S&T,Point Machine,3,74.21,37.66,11.4,99,0,0,0,1,3,0,1,0
ML-00172,TRD,OHE,4,59.72,58.65,18.5,41,3,1,2,1,3,1,2,0
ML-00173,TRD,Section Insulator,3,72.57,42.57,11.6,103,1,1,3,1,4,3,3,1
ML-00174,S&T,Signal,4,74.92,46.96,6.2,99,3,0,2,0,4,1,2,0
ML-00175,ENGINEERING,Bridge,2,94.71,17.35,5.0,113,0,0,0,0,4,2,0,0
ML-00176,ENGINEERING,Bridge,1,55.63,38.09,12.5,39,4,1,3,0,1,0,0,1
ML-00177,ENGINEERING,Point & Crossing,1,82.98,23.41,6.4,62,0,0,0,0,4,2,1,0
ML-00178,ENGINEERING,Track,1,74.46,38.56,15.4,162,1,0,4,0,2,0,0,0
ML-00179,TRD,Section Insulator,4,42.1,78.08,21.5,32,0,0,0,1,3,2,2,0
ML-00180,S&T,Axle Counter,4,58.54,57.28,12.4,87,3,1,2,0,1,0,0,0
ML-00181,S&T,Point Machine,2,54.75,46.73,10.5,124,2,0,3,1,9,4,3,1
ML-00182,ENGINEERING,Point & Crossing,5,38.15,78.25,21.3,140,3,1,4,1,7,7,4,1
ML-00183,S&T,Axle Counter,2,64.92,36.55,12.7,38,4,0,1,0,3,2,0,0
ML-00184,S&T,Axle Counter,5,88.05,51.21,7.5,91,2,2,3,0,4,2,1,0
ML-00185,S&T,Signal,3,65.46,37.71,13.8,50,0,0,0,0,4,3,3,0
ML-00186,TRD,OHE,2,64.18,39.37,12.1,121,1,0,4,1,1,0,0,0
ML-00187,S&T,Point Machine,4,83.58,40.58,9.9,76,1,1,3,0,1,1,1,0
ML-00188,ENGINEERING,Point & Crossing,4,69.6,45.05,6.3,170,1,1,2,0,2,0,1,0
ML-00189,S&T,Point Machine,3,71.58,36.61,11.8,56,0,0,0,0,6,3,1,0
ML-00190,S&T,Point Machine,4,86.69,42.4,5.1,110,0,0,0,1,2,0,0,1
ML-00191,ENGINEERING,Track,5,80.95,46.6,9.1,79,3,0,2,0,5,2,1,0
ML-00192,TRD,Transformer,4,86.24,42.3,6.5,134,1,0,4,1,4,0,3,1
ML-00193,TRD,Transformer,4,69.47,49.1,6.5,142,2,0,3,0,4,2,3,1
ML-00194,TRD,Transformer,4,58.68,56.77,17.3,81,5,2,1,0,1,0,0,0
ML-00195,ENGINEERING,Track,2,55.3,44.15,20.9,38,1,0,3,1,1,0,1,0
ML-00196,ENGINEERING,Track,4,81.36,37.48,5.1,38,1,0,2,0,2,0,0,1
ML-00197,S&T,Signal,1,89.91,29.7,16.7,82,0,0,0,0,7,2,1,0
ML-00198,ENGINEERING,Track,4,81.89,42.76,7.5,46,2,0,4,0,2,1,1,0
ML-00199,S&T,Point Machine,4,72.59,45.41,14.0,140,0,0,0,0,2,2,1,0
ML-00200,ENGINEERING,Track,4,67.96,47.39,7.0,85,2,1,5,1,4,1,1,0
ML-00201,TRD,Section Insulator,3,75.56,42.65,11.1,103,1,0,3,1,4,2,1,0
ML-00202,TRD,Section Insulator,5,81.24,47.54,8.1,99,2,0,3,0,3,2,2,0
ML-00203,ENGINEERING,Point & Crossing,4,76.55,52.18,11.2,177,3,0,2,0,4,3,3,0
ML-00204,TRD,Section Insulator,4,71.06,57.4,19.6,113,2,2,3,1,4,3,0,0
ML-00205,TRD,Transformer,3,87.21,26.56,5.1,78,1,0,3,0,6,1,1,1
ML-00206,TRD,Section Insulator,3,68.72,41.12,16.2,61,3,0,1,0,2,1,0,0
ML-00207,TRD,OHE,4,61.48,54.47,16.0,90,6,2,1,1,6,3,3,0
ML-00208,TRD,Section Insulator,1,71.52,27.64,11.7,74,1,1,3,0,5,3,2,0
ML-00209,ENGINEERING,Track,1,90.28,20.01,12.1,91,0,0,0,0,5,1,0,0
ML-00210,S&T,Point Machine,4,87.16,38.65,6.5,141,1,0,4,1,4,2,2,1
ML-00211,TRD,Transformer,4,56.88,58.16,20.4,106,5,1,3,1,4,3,1,1
ML-00212,S&T,Signal,3,77.37,32.48,16.3,11,1,0,3,0,3,0,1,0
ML-00213,S&T,Signal,4,80.46,34.53,4.6,65,2,0,2,0,3,2,0,1
ML-00214,S&T,Point Machine,5,81.98,42.64,4.3,125,2,0,3,0,4,3,3,0
ML-00215,TRD,OHE,4,78.17,49.92,9.0,20,2,0,2,0,0,0,0,0
ML-00216,ENGINEERING,Bridge,3,67.42,44.77,17.4,129,0,0,0,1,2,1,1,0
ML-00217,ENGINEERING,Point & Crossing,5,50.42,69.45,26.0,48,2,0,3,1,3,1,0,0
ML-00218,S&T,Point Machine,3,66.03,42.21,14.2,108,0,0,0,0,7,1,3,1
ML-00219,ENGINEERING,Point & Crossing,3,74.94,41.27,18.1,91,1,0,3,1,2,1,1,0
ML-00220,TRD,Transformer,3,98.66,14.62,7.2,122,2,1,1,0,1,0,0,0
ML-00221,ENGINEERING,Track,3,91.39,22.85,4.9,73,1,0,3,1,1,0,0,0
ML-00222,ENGINEERING,Point & Crossing,3,86.82,31.74,8.5,55,1,0,2,1,7,2,1,0
ML-00223,ENGINEERING,Track,1,86.81,12.2,6.4,88,0,0,0,0,1,1,0,0
ML-00224,TRD,Transformer,1,67.97,35.94,18.3,101,0,0,0,1,4,1,1,1
ML-00225,ENGINEERING,Point & Crossing,4,83.24,34.51,4.1,105,2,1,3,0,1,0,0,0
ML-00226,S&T,Point Machine,2,81.34,31.3,12.0,91,3,1,4,0,3,2,2,0
ML-00227,TRD,Section Insulator,4,76.6,41.48,13.8,130,1,0,2,1,3,3,2,0
ML-00228,S&T,Axle Counter,4,96.34,32.05,6.7,8,2,0,3,0,7,5,2,1
ML-00229,TRD,Section Insulator,3,74.53,41.29,15.0,134,3,0,3,0,1,0,0,0
ML-00230,ENGINEERING,Bridge,3,72.95,48.05,10.6,41,0,0,0,0,2,0,0,0
ML-00231,TRD,Section Insulator,1,80.01,19.17,13.4,291,2,0,3,0,3,1,0,0
ML-00232,S&T,Signal,4,88.13,33.53,8.9,164,0,0,0,0,3,1,1,0
ML-00233,TRD,Section Insulator,4,71.13,51.79,14.7,60,1,1,5,0,1,0,0,0
ML-00234,ENGINEERING,Point & Crossing,2,81.57,29.58,8.2,14,0,0,0,1,2,0,0,0
ML-00235,TRD,Section Insulator,4,69.79,57.87,16.7,75,1,0,3,1,7,5,2,1
ML-00236,ENGINEERING,Point & Crossing,1,81.93,9.19,4.2,75,0,0,0,0,3,1,0,0
ML-00237,ENGINEERING,Point & Crossing,1,78.46,36.28,13.0,43,1,1,4,1,2,2,0,0
ML-00238,ENGINEERING,Point & Crossing,3,90.18,29.91,6.3,76,1,0,3,0,5,0,1,1
ML-00239,S&T,Point Machine,5,79.95,51.37,5.8,275,1,0,1,0,4,0,1,0
ML-00240,TRD,Section Insulator,3,78.84,36.14,5.6,120,3,1,3,0,2,1,0,0
ML-00241,ENGINEERING,Bridge,3,78.17,53.07,9.5,27,0,0,0,1,3,2,0,0
ML-00242,TRD,Section Insulator,3,80.83,34.95,11.9,97,0,0,0,1,4,2,1,0
ML-00243,TRD,Transformer,1,74.18,45.1,12.6,145,3,0,1,0,5,4,1,0
ML-00244,TRD,OHE,3,75.92,41.78,18.8,36,1,0,3,0,1,1,1,0
ML-00245,S&T,Axle Counter,5,62.89,50.26,7.3,46,0,0,0,0,8,3,5,0
ML-00246,ENGINEERING,Bridge,1,70.31,43.8,20.0,22,0,0,0,0,4,1,0,0
ML-00247,TRD,OHE,1,95.35,2.53,2.7,135,0,0,0,0,3,0,0,1
ML-00248,TRD,OHE,2,90.23,27.13,6.8,79,0,0,0,0,3,0,1,0
ML-00249,TRD,Section Insulator,5,84.87,45.32,10.1,93,0,0,0,1,3,1,0,0
ML-00250,ENGINEERING,Point & Crossing,2,61.97,51.3,20.8,43,0,0,0,0,6,2,0,0
ML-00251,TRD,Section Insulator,2,83.87,23.52,3.4,69,0,0,0,0,1,1,0,0
ML-00252,S&T,Axle Counter,3,60.21,56.46,18.4,112,0,0,0,0,4,2,2,1
ML-00253,TRD,Section Insulator,4,44.19,77.29,23.3,55,1,1,3,1,5,4,3,0
ML-00254,ENGINEERING,Bridge,1,76.61,25.22,4.6,94,0,0,0,1,4,1,0,0
ML-00255,TRD,Section Insulator,3,83.87,33.83,7.8,80,2,1,3,0,2,0,0,0
ML-00256,ENGINEERING,Bridge,3,64.62,53.04,13.6,157,0,0,0,0,3,2,2,1
ML-00257,TRD,OHE,2,86.29,33.3,13.2,31,1,1,3,0,2,2,0,0
ML-00258,S&T,Signal,5,61.23,73.01,22.8,57,4,1,5,1,1,1,1,0
ML-00259,TRD,Section Insulator,3,93.71,28.1,5.3,38,2,0,5,0,4,1,0,0
ML-00260,S&T,Axle Counter,5,77.34,42.77,7.0,67,2,0,3,0,1,1,0,0
ML-00261,ENGINEERING,Track,4,55.4,59.98,18.3,55,1,1,2,1,6,3,0,1
ML-00262,S&T,Axle Counter,1,75.0,15.82,14.9,90,2,0,2,0,2,0,0,0
ML-00263,TRD,Section Insulator,4,84.74,34.95,8.4,83,1,0,1,0,2,0,0,0
ML-00264,TRD,Transformer,4,56.56,57.06,18.7,120,1,0,3,1,3,2,1,0
ML-00265,S&T,Axle Counter,4,60.89,41.55,14.9,94,1,0,2,0,1,0,1,0
ML-00266,ENGINEERING,Track,3,80.68,40.71,12.8,59,1,0,2,1,2,0,0,0
ML-00267,TRD,OHE,2,83.91,27.37,9.7,163,1,0,3,1,5,2,1,0
ML-00268,ENGINEERING,Bridge,3,81.87,28.98,6.7,85,1,0,4,0,2,1,1,1
ML-00269,TRD,Section Insulator,3,72.11,45.02,11.6,8,3,0,2,0,3,1,0,0
ML-00270,ENGINEERING,Bridge,3,64.45,65.85,30.0,62,1,1,1,0,4,3,1,1
ML-00271,ENGINEERING,Bridge,3,88.73,26.78,3.4,41,0,0,0,0,0,0,0,0
ML-00272,TRD,Transformer,3,69.49,44.8,13.3,38,2,0,3,1,4,2,0,0
ML-00273,TRD,OHE,4,65.47,52.77,10.9,144,4,1,3,0,3,1,0,0
ML-00274,ENGINEERING,Point & Crossing,3,82.45,37.79,9.0,217,2,1,3,0,8,3,3,0
ML-00275,ENGINEERING,Track,3,92.13,18.96,1.7,68,4,1,3,1,1,0,0,0
ML-00276,S&T,Axle Counter,3,84.82,21.81,8.2,34,3,0,3,0,1,0,1,0
ML-00277,S&T,Signal,2,58.99,44.52,16.9,44,3,0,3,0,6,0,1,0
ML-00278,S&T,Axle Counter,3,80.09,39.02,10.1,77,1,0,3,0,5,0,2,0
ML-00279,TRD,Section Insulator,2,93.39,28.29,7.3,96,1,0,3,0,2,1,1,0
ML-00280,TRD,OHE,4,73.28,48.78,14.3,33,1,0,5,1,6,1,1,0
ML-00281,ENGINEERING,Bridge,3,74.73,36.31,5.7,43,0,0,0,0,5,2,0,1
ML-00282,TRD,Transformer,3,78.74,43.89,16.6,114,1,0,3,0,3,1,0,0
ML-00283,TRD,Section Insulator,2,83.54,35.71,9.5,158,2,0,3,0,1,0,1,1
ML-00284,ENGINEERING,Track,3,67.7,43.72,15.8,52,1,0,3,0,2,1,1,0
ML-00285,S&T,Axle Counter,4,64.11,52.36,14.9,55,1,1,3,0,2,0,0,0
ML-00286,TRD,Section Insulator,4,70.86,53.83,14.4,92,2,1,4,1,2,1,1,1
ML-00287,ENGINEERING,Bridge,2,94.28,11.02,2.8,61,1,0,3,1,1,0,1,0
ML-00288,ENGINEERING,Point & Crossing,5,77.75,48.27,6.2,42,0,0,0,0,4,1,0,0
ML-00289,TRD,OHE,3,36.99,82.33,24.2,122,2,1,1,1,4,3,2,0
ML-00290,TRD,Transformer,2,88.25,34.04,8.0,49,1,0,3,0,1,1,1,0
ML-00291,TRD,Section Insulator,3,51.91,66.35,23.6,72,2,1,3,1,6,5,4,0
ML-00292,TRD,Transformer,3,57.36,58.91,17.3,161,2,1,1,1,3,1,2,0
ML-00293,TRD,Section Insulator,3,36.85,72.17,30.0,58,2,0,3,1,2,2,1,1
ML-00294,S&T,Signal,5,94.15,38.81,4.7,81,1,0,3,0,4,2,2,0
ML-00295,TRD,Transformer,5,63.47,53.88,9.1,19,0,0,0,0,4,1,1,0
ML-00296,TRD,Transformer,3,65.18,43.67,14.4,169,2,0,3,1,3,1,1,0
ML-00297,TRD,OHE,4,68.42,42.39,11.3,64,2,1,1,1,5,2,2,1
ML-00298,ENGINEERING,Track,3,95.19,23.42,3.1,158,3,0,3,0,3,2,0,0
ML-00299,ENGINEERING,Point & Crossing,2,65.25,30.94,13.4,50,3,0,4,0,1,1,1,1
ML-00300,S&T,Point Machine,4,67.32,49.25,12.0,58,1,0,3,0,1,0,0,0
ML-00301,TRD,Section Insulator,5,76.01,44.49,4.1,124,1,1,4,1,2,0,1,0
ML-00302,ENGINEERING,Track,3,91.12,30.65,8.4,113,2,0,3,1,5,2,2,0
ML-00303,S&T,Axle Counter,2,85.08,28.78,10.8,185,3,1,4,1,1,1,0,0
ML-00304,ENGINEERING,Bridge,3,73.34,36.18,19.3,122,1,0,3,0,3,1,1,0
ML-00305,TRD,OHE,3,67.29,42.3,13.4,163,2,1,3,0,2,2,0,0
ML-00306,TRD,Section Insulator,4,75.71,51.79,14.2,12,0,0,0,1,3,2,0,1
ML-00307,ENGINEERING,Track,4,81.56,39.98,13.9,63,1,0,3,1,5,1,3,0
ML-00308,TRD,OHE,4,68.09,48.09,10.1,18,2,1,3,1,4,2,1,0
ML-00309,S&T,Point Machine,4,69.08,59.31,11.0,141,2,0,3,1,3,3,2,0
ML-00310,ENGINEERING,Bridge,4,69.54,44.34,13.5,118,0,0,0,0,4,2,2,0
ML-00311,ENGINEERING,Bridge,4,70.04,52.61,12.6,169,1,0,2,0,3,3,0,0
ML-00312,TRD,Transformer,5,66.59,59.61,13.1,95,1,1,4,0,5,2,3,0
ML-00313,S&T,Point Machine,3,71.28,47.79,22.6,135,2,0,2,0,4,1,1,0
ML-00314,S&T,Axle Counter,3,49.37,76.27,30.0,1,2,1,3,1,2,0,2,1
ML-00315,S&T,Point Machine,3,77.85,41.04,13.4,67,1,1,2,0,3,2,0,0
ML-00316,ENGINEERING,Track,4,78.86,46.7,13.3,39,0,0,0,0,4,3,1,0
ML-00317,ENGINEERING,Point & Crossing,5,58.92,72.67,17.8,45,0,0,0,1,2,2,0,1
ML-00318,S&T,Signal,1,87.25,18.54,14.7,108,1,1,3,1,1,0,1,0
ML-00319,S&T,Signal,5,78.21,60.78,14.2,37,1,0,3,1,2,1,2,0
ML-00320,ENGINEERING,Track,2,100.0,18.93,4.3,45,1,0,3,0,1,0,0,0
ML-00321,TRD,Transformer,4,27.87,79.54,30.0,9,2,1,3,0,8,6,4,0
ML-00322,ENGINEERING,Point & Crossing,4,83.43,26.62,7.1,118,0,0,0,1,4,3,0,0
ML-00323,S&T,Signal,2,80.96,37.96,21.0,91,1,0,2,0,4,0,1,0
ML-00324,S&T,Point Machine,3,92.22,26.21,3.4,59,1,0,3,1,3,1,0,0
ML-00325,ENGINEERING,Point & Crossing,3,91.75,32.48,9.5,114,1,1,3,0,1,1,1,0
ML-00326,TRD,Transformer,3,85.17,39.42,9.7,62,1,1,1,0,3,2,1,0
ML-00327,ENGINEERING,Point & Crossing,3,51.24,64.28,23.7,105,0,0,0,1,3,1,1,0
ML-00328,S&T,Axle Counter,5,59.27,60.28,16.9,128,1,0,3,0,5,2,2,0
ML-00329,TRD,OHE,4,80.15,49.01,19.8,70,0,0,0,0,4,1,0,0
ML-00330,TRD,Transformer,5,81.72,39.06,4.2,91,2,0,3,1,2,1,0,0
ML-00331,ENGINEERING,Point & Crossing,5,71.37,56.3,10.4,52,0,0,0,0,4,3,2,0
ML-00332,S&T,Axle Counter,4,100.0,26.34,5.9,152,1,0,4,0,7,4,1,1
ML-00333,S&T,Signal,5,80.48,53.58,7.8,36,0,0,0,1,1,1,1,0
ML-00334,TRD,Section Insulator,3,83.08,23.96,8.1,54,0,0,0,0,2,1,0,0
ML-00335,ENGINEERING,Track,4,83.69,35.83,8.3,106,2,0,4,0,3,1,2,0
ML-00336,S&T,Axle Counter,4,51.83,75.39,30.0,67,1,1,1,1,6,1,2,0
ML-00337,ENGINEERING,Point & Crossing,1,66.81,35.77,22.5,51,0,0,0,1,5,3,3,1
ML-00338,ENGINEERING,Point & Crossing,4,59.16,62.7,21.0,104,4,1,4,0,3,3,2,1
ML-00339,S&T,Signal,5,51.46,81.21,30.0,104,0,0,0,1,10,4,7,0
ML-00340,S&T,Axle Counter,5,97.18,32.59,1.4,118,1,0,3,0,2,2,0,0
ML-00341,ENGINEERING,Point & Crossing,2,76.04,30.33,15.7,62,0,0,0,0,3,2,0,0
ML-00342,TRD,OHE,3,73.83,46.39,4.5,99,3,0,4,0,3,3,0,0
ML-00343,ENGINEERING,Point & Crossing,3,75.93,32.62,3.6,63,0,0,0,0,3,1,0,0
ML-00344,ENGINEERING,Track,3,70.06,41.12,17.5,64,2,1,3,0,5,1,2,0
ML-00345,TRD,Transformer,3,69.93,42.35,14.3,44,0,0,0,1,5,0,0,0
ML-00346,S&T,Point Machine,3,85.84,25.67,7.0,36,0,0,0,1,2,2,0,0
ML-00347,ENGINEERING,Track,4,61.01,56.36,8.9,93,1,0,3,1,3,0,1,0
ML-00348,TRD,Transformer,2,86.68,34.97,14.0,187,0,0,0,1,0,0,0,0
ML-00349,S&T,Signal,4,87.38,30.94,6.5,119,2,1,3,1,2,0,0,0
ML-00350,TRD,OHE,4,82.58,30.08,7.8,138,0,0,0,1,3,1,1,0
ML-00351,S&T,Axle Counter,4,74.4,38.39,7.6,249,0,0,0,0,2,1,1,0
ML-00352,TRD,Section Insulator,3,88.24,26.88,8.8,74,0,0,0,1,1,1,0,0
ML-00353,ENGINEERING,Bridge,2,97.96,16.07,4.8,39,1,0,2,0,1,1,0,0
ML-00354,ENGINEERING,Bridge,4,96.21,24.78,3.5,60,0,0,0,0,2,1,1,0
ML-00355,S&T,Axle Counter,2,71.9,36.77,14.7,96,2,2,3,0,3,2,0,0
ML-00356,ENGINEERING,Bridge,4,76.4,47.46,7.6,28,1,0,2,0,5,1,1,0
ML-00357,S&T,Axle Counter,5,72.23,57.16,3.7,103,2,0,4,0,4,2,2,0
ML-00358,S&T,Signal,3,76.53,31.36,4.5,207,3,1,2,0,0,0,0,1
ML-00359,ENGINEERING,Track,3,79.44,31.99,11.1,34,0,0,0,1,3,2,1,0
ML-00360,ENGINEERING,Track,5,47.65,72.3,22.2,58,1,1,3,1,4,4,3,1
ML-00361,S&T,Axle Counter,5,88.91,44.46,8.7,17,0,0,0,1,2,0,0,0
ML-00362,TRD,Transformer,3,90.57,33.15,5.8,68,3,0,4,0,0,0,0,0
ML-00363,S&T,Axle Counter,4,83.17,32.84,5.8,104,0,0,0,1,1,1,1,0
ML-00364,ENGINEERING,Track,1,74.93,26.42,11.1,90,3,0,3,0,2,0,0,0
ML-00365,S&T,Point Machine,4,82.22,44.56,10.0,16,0,0,0,0,3,1,0,0
ML-00366,ENGINEERING,Point & Crossing,3,78.37,48.9,20.5,76,3,2,3,0,2,1,1,0
ML-00367,TRD,OHE,4,77.56,29.54,3.0,164,0,0,0,0,3,1,1,0
ML-00368,ENGINEERING,Track,3,97.04,19.83,3.4,151,2,1,3,1,0,0,0,0
ML-00369,TRD,Section Insulator,2,65.99,40.62,22.2,104,0,0,0,1,2,0,0,0
ML-00370,ENGINEERING,Bridge,2,59.46,50.5,19.6,71,1,0,2,1,4,3,3,0
ML-00371,ENGINEERING,Track,2,79.87,47.34,16.7,107,0,0,0,0,2,0,0,0
ML-00372,TRD,Transformer,1,77.68,39.28,20.4,124,1,0,4,0,5,2,1,0
ML-00373,ENGINEERING,Bridge,4,70.55,55.97,17.9,75,3,0,3,1,3,1,0,0
ML-00374,S&T,Point Machine,4,75.83,52.22,18.4,64,1,0,3,0,7,3,1,0
ML-00375,ENGINEERING,Bridge,1,100.0,12.57,3.1,34,2,0,1,0,2,0,0,0
ML-00376,TRD,Transformer,4,71.2,51.03,8.4,48,1,0,3,0,2,1,2,0
ML-00377,S&T,Signal,1,76.44,31.46,5.3,79,2,0,3,0,4,4,1,0
ML-00378,S&T,Signal,5,62.66,59.71,11.1,67,3,1,1,1,7,5,3,0
ML-00379,S&T,Point Machine,4,47.06,72.55,24.3,111,3,3,3,1,3,3,2,1
ML-00380,ENGINEERING,Bridge,2,89.15,17.25,4.5,61,1,0,4,0,2,0,0,0
ML-00381,S&T,Signal,3,74.89,41.15,11.1,105,3,0,2,0,1,1,1,0
ML-00382,S&T,Signal,4,71.77,62.35,19.1,148,2,1,3,1,3,2,0,1
ML-00383,ENGINEERING,Track,3,85.88,23.94,5.5,104,0,0,0,0,2,1,0,0
ML-00384,S&T,Signal,2,86.08,26.92,7.4,22,2,0,3,1,3,1,0,0
ML-00385,S&T,Point Machine,3,82.65,36.74,8.8,49,1,0,2,0,5,3,0,1
ML-00386,ENGINEERING,Point & Crossing,4,51.42,57.91,20.2,145,1,1,2,0,3,2,1,0
ML-00387,TRD,Transformer,4,92.71,35.29,5.3,115,0,0,0,1,1,0,0,0
ML-00388,S&T,Axle Counter,5,77.01,44.11,8.5,77,0,0,0,0,4,2,1,0
ML-00389,S&T,Point Machine,4,88.29,36.15,6.4,127,2,1,3,0,2,0,0,0
ML-00390,ENGINEERING,Bridge,4,78.69,42.45,11.0,45,0,0,0,1,9,5,4,0
ML-00391,ENGINEERING,Point & Crossing,2,81.54,33.51,11.4,139,1,0,3,1,2,0,0,0
ML-00392,ENGINEERING,Track,3,84.14,27.65,2.4,103,2,0,2,1,3,2,1,0
ML-00393,ENGINEERING,Point & Crossing,4,72.95,50.32,13.4,169,2,1,3,1,4,3,2,0
ML-00394,S&T,Point Machine,3,91.68,24.55,4.4,14,1,1,2,0,4,1,1,0
ML-00395,S&T,Axle Counter,5,44.63,83.11,27.4,69,3,0,3,0,4,3,3,0
ML-00396,ENGINEERING,Bridge,4,87.3,34.93,6.8,23,1,1,3,0,0,0,0,0
ML-00397,TRD,Transformer,4,55.57,63.66,15.3,123,1,0,5,0,2,1,2,0
ML-00398,S&T,Point Machine,4,71.34,51.92,7.9,47,0,0,0,0,3,1,1,0
ML-00399,TRD,OHE,1,87.68,17.66,10.1,144,0,0,0,1,4,1,0,0
ML-00400,S&T,Axle Counter,3,86.9,30.99,15.7,17,4,2,2,0,4,2,0,0
ML-00401,S&T,Axle Counter,5,54.23,69.04,24.3,21,3,1,2,0,9,7,3,1
ML-00402,ENGINEERING,Track,1,86.34,36.61,14.8,150,0,0,0,1,1,1,0,0
ML-00403,ENGINEERING,Track,5,72.66,59.59,13.7,206,2,2,1,0,5,5,1,0
ML-00404,TRD,Transformer,2,71.18,39.93,12.1,67,2,1,3,0,3,0,1,0
ML-00405,ENGINEERING,Track,4,83.79,30.78,5.7,69,2,1,5,0,4,2,1,0
ML-00406,ENGINEERING,Track,1,81.22,16.09,6.0,36,1,0,3,0,0,0,0,0
ML-00407,TRD,OHE,5,77.69,64.37,13.6,54,3,1,4,1,1,0,0,0
ML-00408,ENGINEERING,Bridge,2,63.67,38.87,16.7,46,2,0,3,0,4,1,3,0
ML-00409,ENGINEERING,Bridge,5,69.51,45.62,5.6,84,1,0,4,0,4,3,1,0
ML-00410,S&T,Point Machine,3,82.11,38.18,9.6,104,2,1,3,1,6,1,3,1
ML-00411,ENGINEERING,Point & Crossing,4,80.57,44.07,8.3,142,0,0,0,0,2,1,1,1
ML-00412,S&T,Point Machine,4,56.57,57.61,14.2,35,1,0,2,0,2,1,0,0
ML-00413,S&T,Signal,2,58.6,52.26,21.3,98,2,1,4,1,3,3,0,0
ML-00414,S&T,Axle Counter,3,95.89,23.96,10.0,65,0,0,0,0,3,1,0,0
ML-00415,TRD,Section Insulator,4,74.52,49.77,9.0,53,1,0,3,1,3,2,0,1
ML-00416,ENGINEERING,Track,3,73.21,41.43,13.2,106,1,1,2,0,4,2,1,1
ML-00417,S&T,Signal,2,83.0,29.04,5.9,119,0,0,0,0,4,3,0,0
ML-00418,TRD,Transformer,5,80.04,50.85,5.2,226,0,0,0,1,3,0,0,1
ML-00419,S&T,Point Machine,2,92.46,28.17,6.6,143,1,0,4,0,3,2,0,0
ML-00420,S&T,Point Machine,2,66.63,48.23,13.9,47,0,0,0,1,1,0,0,1
ML-00421,S&T,Axle Counter,4,58.92,56.41,14.1,135,1,0,2,0,4,4,1,1
ML-00422,TRD,OHE,2,72.37,45.64,18.0,85,1,0,3,1,2,1,0,0
ML-00423,ENGINEERING,Point & Crossing,5,81.52,52.23,12.4,54,0,0,0,1,5,4,2,0
ML-00424,TRD,Section Insulator,5,76.91,56.84,14.6,24,0,0,0,0,1,0,1,0
ML-00425,S&T,Signal,4,63.19,53.83,13.4,287,2,2,1,1,2,1,0,0
ML-00426,ENGINEERING,Bridge,3,79.98,35.53,13.4,167,0,0,0,0,2,1,0,0
ML-00427,ENGINEERING,Track,4,73.74,42.01,11.8,90,0,0,0,0,2,1,1,1
ML-00428,S&T,Point Machine,4,86.08,41.86,7.7,187,1,0,1,0,4,3,1,1
ML-00429,S&T,Point Machine,2,73.16,33.7,17.0,68,2,1,3,0,5,2,1,0
ML-00430,TRD,Transformer,4,72.59,42.07,13.0,64,3,1,3,1,3,2,1,0
ML-00431,S&T,Axle Counter,1,86.78,20.3,11.1,20,2,2,3,0,2,0,1,0
ML-00432,TRD,Transformer,2,72.55,34.4,11.1,155,2,1,1,0,6,1,1,0
ML-00433,S&T,Axle Counter,4,73.96,41.42,9.1,21,1,0,3,0,4,2,2,0
ML-00434,ENGINEERING,Point & Crossing,2,84.7,33.08,11.7,83,2,0,3,0,5,1,2,0
ML-00435,ENGINEERING,Bridge,2,74.8,34.66,13.8,116,2,0,3,0,2,0,0,1
ML-00436,S&T,Signal,1,76.39,29.14,8.9,38,1,1,3,0,6,3,2,1
ML-00437,ENGINEERING,Track,4,72.64,48.88,9.8,31,3,1,3,0,3,2,1,0
ML-00438,S&T,Signal,5,79.09,45.41,9.7,24,1,1,3,1,2,1,1,0
ML-00439,S&T,Axle Counter,3,78.6,34.52,8.8,50,3,3,3,0,4,3,0,0
ML-00440,S&T,Point Machine,4,78.43,46.54,13.9,118,2,0,2,0,1,1,1,0
ML-00441,S&T,Point Machine,4,78.85,46.57,6.8,210,1,0,3,1,0,0,0,1
ML-00442,S&T,Point Machine,2,65.96,51.82,18.0,21,0,0,0,0,5,2,1,1
ML-00443,ENGINEERING,Point & Crossing,3,74.92,46.83,11.4,126,1,1,3,1,3,2,1,1
ML-00444,ENGINEERING,Point & Crossing,3,67.82,43.68,13.0,82,3,1,3,1,3,2,1,0
ML-00445,ENGINEERING,Track,2,63.4,51.41,20.7,8,2,1,3,1,5,2,2,0
ML-00446,S&T,Signal,3,96.28,28.14,10.5,83,1,0,5,0,3,1,0,0
ML-00447,ENGINEERING,Track,5,75.47,61.02,16.8,117,3,1,2,1,7,4,3,0
ML-00448,S&T,Signal,1,76.54,28.91,12.8,29,0,0,0,0,2,1,1,0
ML-00449,TRD,Transformer,5,82.67,43.79,6.9,56,1,1,5,0,2,2,1,0
ML-00450,TRD,OHE,5,87.0,45.54,7.9,41,3,0,3,0,2,1,1,0
ML-00451,TRD,OHE,3,87.58,28.26,3.2,105,1,1,2,1,3,1,0,0
ML-00452,ENGINEERING,Bridge,3,70.54,48.82,12.5,20,1,0,2,0,5,3,4,0
ML-00453,ENGINEERING,Bridge,3,68.28,41.92,13.7,71,3,1,3,0,3,1,2,1
ML-00454,TRD,Transformer,3,59.79,59.06,22.8,82,3,2,5,1,7,3,3,0
ML-00455,S&T,Signal,5,95.92,30.43,5.0,154,0,0,0,0,2,0,0,0
ML-00456,ENGINEERING,Point & Crossing,3,78.88,30.07,8.9,23,1,1,2,1,1,0,1,0
ML-00457,ENGINEERING,Point & Crossing,3,55.7,62.31,17.5,58,2,0,4,0,3,1,0,0
ML-00458,S&T,Signal,5,75.48,44.21,7.5,18,3,0,4,1,1,0,0,0
ML-00459,TRD,Section Insulator,1,90.0,23.11,6.1,103,0,0,0,0,3,0,0,1
ML-00460,TRD,OHE,3,55.52,63.43,20.3,87,2,1,3,0,7,2,1,0
ML-00461,TRD,Section Insulator,3,79.99,39.35,6.1,156,0,0,0,1,4,1,1,0
ML-00462,ENGINEERING,Point & Crossing,4,70.92,49.34,13.2,82,3,2,2,0,7,3,2,0
ML-00463,ENGINEERING,Bridge,2,100.0,16.31,10.3,198,0,0,0,1,1,0,0,0
ML-00464,ENGINEERING,Bridge,3,72.37,50.23,19.1,111,1,0,3,0,2,1,0,0
ML-00465,TRD,Section Insulator,3,72.39,44.33,13.3,296,1,0,3,0,4,1,1,0
ML-00466,S&T,Point Machine,3,67.72,36.56,8.9,118,1,0,2,0,6,1,1,0
ML-00467,ENGINEERING,Track,1,80.84,31.9,9.3,111,1,0,2,1,3,3,0,1
ML-00468,ENGINEERING,Point & Crossing,5,52.15,75.28,24.3,145,1,1,3,1,5,1,3,1
ML-00469,TRD,Transformer,4,72.95,35.03,8.7,104,3,0,3,1,1,1,0,0
ML-00470,S&T,Point Machine,1,89.8,9.71,5.8,132,1,0,1,0,0,0,0,0
ML-00471,TRD,OHE,4,68.16,51.95,6.4,276,2,0,1,0,7,2,0,0
ML-00472,ENGINEERING,Point & Crossing,3,89.13,36.92,8.6,112,0,0,0,0,5,1,1,0
ML-00473,TRD,Section Insulator,4,87.15,40.08,6.0,135,0,0,0,0,2,1,0,1
ML-00474,TRD,OHE,2,78.31,36.32,12.1,16,0,0,0,0,2,0,1,0
ML-00475,TRD,Section Insulator,3,73.39,51.51,20.3,103,0,0,0,0,3,0,3,1
ML-00476,TRD,Transformer,4,79.31,42.56,3.8,64,0,0,0,0,3,2,0,0
ML-00477,ENGINEERING,Track,1,79.53,24.64,19.1,61,1,0,3,0,3,0,1,0
ML-00478,TRD,Transformer,4,73.86,56.56,9.3,79,0,0,0,0,2,1,1,0
ML-00479,TRD,Transformer,5,87.87,50.0,9.5,36,1,1,2,1,2,2,1,0
ML-00480,TRD,Transformer,4,95.28,27.93,5.6,36,0,0,0,1,2,2,0,0
ML-00481,TRD,Transformer,4,86.56,39.61,8.8,29,0,0,0,0,6,4,2,0
ML-00482,S&T,Point Machine,5,68.28,52.65,6.3,36,2,0,5,1,4,3,0,0
ML-00483,ENGINEERING,Point & Crossing,3,75.47,35.03,11.8,186,2,1,3,0,4,1,1,1
ML-00484,ENGINEERING,Track,3,84.11,28.07,8.0,13,1,0,2,1,2,0,0,0
ML-00485,ENGINEERING,Point & Crossing,5,96.1,37.52,4.7,70,1,0,4,0,4,2,3,0
ML-00486,ENGINEERING,Point & Crossing,5,84.42,45.32,5.5,165,2,1,4,1,6,4,1,0
ML-00487,S&T,Signal,5,85.49,44.92,7.0,92,3,0,4,0,1,0,0,0
ML-00488,ENGINEERING,Track,3,74.69,47.0,11.4,66,1,0,4,1,4,1,1,1
ML-00489,TRD,Section Insulator,5,71.47,57.82,13.2,83,0,0,0,0,5,3,2,0
ML-00490,ENGINEERING,Track,4,62.32,51.49,12.8,139,4,1,2,0,2,1,1,0
ML-00491,ENGINEERING,Track,3,81.6,36.12,10.1,41,0,0,0,0,0,0,0,0
ML-00492,S&T,Signal,4,64.12,52.25,11.3,143,2,1,2,1,7,6,0,0
ML-00493,TRD,OHE,1,90.27,23.83,12.1,27,0,0,0,0,4,2,0,1
ML-00494,ENGINEERING,Point & Crossing,4,75.39,39.21,6.7,17,1,0,4,1,2,0,0,0
ML-00495,S&T,Axle Counter,4,74.18,43.16,6.3,95,1,0,2,0,4,0,2,1
ML-00496,TRD,Section Insulator,3,87.32,26.04,7.2,56,1,0,3,0,3,2,0,1
ML-00497,ENGINEERING,Point & Crossing,4,76.37,45.67,10.1,45,0,0,0,0,1,0,0,0
ML-00498,TRD,Transformer,2,58.99,46.78,22.3,137,0,0,0,0,1,0,0,0
ML-00499,TRD,Section Insulator,4,92.76,31.84,5.8,35,2,0,3,0,1,0,0,0
ML-00500,ENGINEERING,Point & Crossing,4,91.67,27.93,4.1,129,1,0,3,0,3,3,1,0
ML-00501,S&T,Axle Counter,4,57.14,54.4,13.5,70,1,1,1,0,2,0,2,1
ML-00502,ENGINEERING,Track,3,70.09,50.39,17.0,125,2,1,3,1,4,1,0,0
ML-00503,TRD,Transformer,3,85.49,38.09,5.1,73,2,0,3,0,4,3,2,1
ML-00504,ENGINEERING,Point & Crossing,4,71.26,53.04,12.8,35,4,1,3,1,4,1,0,0
ML-00505,ENGINEERING,Point & Crossing,5,97.12,39.66,9.0,128,2,0,3,0,5,2,2,0
ML-00506,ENGINEERING,Point & Crossing,3,80.82,31.38,14.3,85,2,0,5,0,3,0,0,0
ML-00507,S&T,Point Machine,3,83.62,40.75,10.5,135,0,0,0,0,2,1,0,0
ML-00508,TRD,Transformer,4,80.61,44.02,10.6,90,2,2,3,0,2,1,1,0
ML-00509,S&T,Axle Counter,3,81.64,37.09,12.1,93,1,0,3,0,5,2,1,1
ML-00510,TRD,Transformer,3,67.94,46.33,14.0,72,1,1,5,1,3,0,2,0
ML-00511,TRD,Transformer,3,87.78,24.05,5.2,51,0,0,0,0,3,1,1,0
ML-00512,ENGINEERING,Bridge,5,63.1,70.49,9.8,81,1,0,1,1,0,0,0,0
ML-00513,ENGINEERING,Track,1,71.96,26.26,12.9,306,1,0,2,0,2,1,1,0
ML-00514,S&T,Signal,3,65.11,41.95,9.6,84,1,0,3,0,3,1,0,0
ML-00515,S&T,Signal,4,82.85,41.42,6.2,67,0,0,0,1,4,2,2,0
ML-00516,ENGINEERING,Track,4,81.13,44.35,13.0,73,1,0,3,0,2,0,0,0
ML-00517,TRD,Section Insulator,3,83.18,33.8,4.3,152,0,0,0,0,3,1,0,0
ML-00518,ENGINEERING,Bridge,4,81.12,44.6,7.6,89,0,0,0,1,4,3,2,0
ML-00519,TRD,Section Insulator,3,80.52,40.78,6.7,169,3,1,3,0,5,0,1,1
ML-00520,TRD,OHE,2,68.38,39.32,12.9,76,1,0,1,1,6,1,1,0
ML-00521,TRD,Transformer,2,82.92,31.7,14.5,113,0,0,0,1,4,1,0,0
ML-00522,S&T,Axle Counter,1,84.57,19.62,13.1,47,0,0,0,0,1,0,0,0
ML-00523,ENGINEERING,Track,4,67.73,49.11,11.7,105,0,0,0,0,1,1,0,1
ML-00524,ENGINEERING,Point & Crossing,3,68.12,51.03,6.7,130,1,0,2,1,3,0,1,1
ML-00525,ENGINEERING,Point & Crossing,3,80.6,37.89,6.9,71,0,0,0,0,7,4,3,0
ML-00526,S&T,Point Machine,4,70.31,47.75,13.6,147,1,1,3,1,5,2,3,0
ML-00527,ENGINEERING,Bridge,4,85.22,45.58,12.4,62,3,1,3,1,2,0,0,1
ML-00528,S&T,Point Machine,5,72.36,43.0,9.6,37,2,1,1,0,1,0,0,0
ML-00529,S&T,Signal,3,85.6,40.21,9.5,49,1,0,5,1,1,0,0,0
ML-00530,ENGINEERING,Bridge,3,65.78,51.69,18.7,41,1,0,3,0,4,3,1,0
ML-00531,S&T,Axle Counter,4,61.6,57.2,17.2,65,1,1,3,0,3,3,0,1
ML-00532,S&T,Signal,5,74.8,52.59,7.0,91,2,2,2,0,1,0,0,1
ML-00533,ENGINEERING,Point & Crossing,1,77.24,32.66,19.9,271,0,0,0,0,1,1,0,0
ML-00534,S&T,Point Machine,5,72.03,55.74,7.9,78,1,1,3,0,8,6,0,0
ML-00535,S&T,Axle Counter,1,64.38,40.14,22.0,68,1,1,2,0,5,0,2,0
ML-00536,ENGINEERING,Point & Crossing,3,69.89,47.58,12.2,154,1,0,3,0,4,3,1,1
ML-00537,ENGINEERING,Point & Crossing,4,92.46,36.23,6.2,177,1,1,2,1,3,0,1,0
ML-00538,TRD,Transformer,2,71.85,30.05,10.1,67,2,1,1,0,3,1,0,0
ML-00539,TRD,Section Insulator,5,80.05,44.74,3.5,110,1,0,2,1,4,4,1,0
ML-00540,TRD,Section Insulator,3,91.2,23.64,4.1,134,0,0,0,1,3,2,0,0
ML-00541,ENGINEERING,Point & Crossing,2,87.54,27.44,13.5,84,4,0,4,1,2,1,1,0
ML-00542,S&T,Point Machine,5,68.85,59.72,14.8,154,1,1,3,1,2,2,2,0
ML-00543,S&T,Point Machine,3,78.53,31.07,3.9,138,3,1,3,0,3,1,0,0
ML-00544,ENGINEERING,Bridge,3,66.21,46.08,18.7,98,2,0,3,0,4,2,2,0
ML-00545,TRD,Section Insulator,5,72.85,45.66,6.0,59,3,1,4,1,2,2,1,1
ML-00546,ENGINEERING,Point & Crossing,2,87.08,29.23,9.1,53,0,0,0,0,4,1,1,0
ML-00547,TRD,Section Insulator,3,83.91,27.73,5.8,28,2,0,3,0,3,2,1,0
ML-00548,ENGINEERING,Bridge,2,81.71,28.52,7.1,45,2,0,1,0,1,0,0,0
ML-00549,S&T,Point Machine,3,88.86,24.72,8.6,115,2,1,2,0,3,1,0,0
ML-00550,TRD,Section Insulator,3,42.74,72.22,30.0,44,0,0,0,0,4,2,1,0
ML-00551,ENGINEERING,Point & Crossing,3,90.12,22.66,11.9,22,1,1,3,0,3,0,0,0
ML-00552,S&T,Axle Counter,4,74.5,52.21,13.7,132,1,0,3,1,3,0,0,1
ML-00553,TRD,Section Insulator,4,58.49,62.54,26.5,71,1,0,1,0,7,4,5,1
ML-00554,TRD,OHE,3,74.97,39.92,9.5,154,2,1,3,1,4,1,1,0
ML-00555,S&T,Signal,4,76.57,40.5,7.1,26,0,0,0,1,4,2,1,0
ML-00556,S&T,Point Machine,4,88.29,41.11,7.1,84,6,1,2,0,2,0,1,0
ML-00557,TRD,Section Insulator,4,77.84,41.21,7.6,50,0,0,0,1,1,1,0,0
ML-00558,ENGINEERING,Track,2,89.19,22.93,14.4,94,1,0,3,1,3,2,1,0
ML-00559,S&T,Point Machine,4,57.56,64.45,22.7,147,3,1,3,0,3,2,1,0
ML-00560,TRD,Transformer,4,62.53,49.28,18.5,24,1,0,2,0,2,1,0,0
ML-00561,TRD,Transformer,4,61.61,56.31,15.7,38,1,1,5,1,4,2,1,0
ML-00562,TRD,Transformer,3,85.99,37.77,8.5,63,1,0,3,0,4,2,1,0
ML-00563,S&T,Point Machine,5,95.8,32.48,6.8,110,3,0,1,1,4,3,1,1
ML-00564,S&T,Point Machine,5,47.12,83.35,26.8,94,6,4,3,1,3,2,0,1
ML-00565,ENGINEERING,Point & Crossing,1,76.53,24.0,18.0,92,0,0,0,0,1,0,1,0
ML-00566,TRD,OHE,4,74.78,38.59,13.0,97,2,0,3,0,3,0,2,0
ML-00567,ENGINEERING,Point & Crossing,4,88.77,42.07,9.6,101,0,0,0,1,1,1,0,0
ML-00568,TRD,OHE,3,85.32,35.35,6.0,112,1,0,5,0,1,1,1,0
ML-00569,ENGINEERING,Track,4,70.77,51.01,10.1,85,3,2,3,0,0,0,0,1
ML-00570,ENGINEERING,Bridge,3,65.53,41.74,13.4,130,2,1,5,1,3,2,0,0
ML-00571,S&T,Point Machine,4,68.91,49.68,6.9,130,0,0,0,1,7,3,5,0
ML-00572,TRD,Transformer,4,71.61,43.08,7.6,131,0,0,0,0,5,3,1,0
ML-00573,ENGINEERING,Track,2,88.79,21.28,8.1,131,2,0,3,0,3,2,0,0
ML-00574,ENGINEERING,Bridge,5,49.79,72.25,21.1,66,3,1,3,1,4,1,2,0
ML-00575,S&T,Axle Counter,4,58.97,65.17,17.8,33,1,1,2,0,2,2,1,1
ML-00576,S&T,Signal,4,85.07,41.98,7.4,51,3,0,3,0,1,0,0,0
ML-00577,S&T,Point Machine,3,81.63,51.89,17.3,13,0,0,0,0,5,4,2,1
ML-00578,ENGINEERING,Bridge,1,89.3,14.99,11.7,61,3,0,3,1,1,0,0,1
ML-00579,S&T,Signal,3,68.17,50.3,18.0,67,1,0,4,1,7,5,1,1
ML-00580,S&T,Point Machine,4,79.54,44.6,11.1,58,2,1,3,0,2,0,1,0
ML-00581,TRD,Section Insulator,3,76.34,36.56,6.4,37,1,0,3,0,7,3,1,0
ML-00582,S&T,Point Machine,2,86.07,30.49,7.5,36,1,0,3,0,2,1,1,0
ML-00583,TRD,OHE,5,54.88,63.84,20.0,20,2,2,5,1,4,2,1,0
ML-00584,ENGINEERING,Track,4,78.97,58.61,14.0,94,0,0,0,1,5,3,2,0
ML-00585,TRD,Transformer,4,58.26,61.76,21.5,100,1,0,1,0,4,2,3,1
ML-00586,TRD,OHE,4,70.03,51.36,9.5,88,2,0,4,0,3,2,1,1
ML-00587,TRD,OHE,3,78.6,25.02,9.3,139,1,0,1,0,4,1,1,0
ML-00588,ENGINEERING,Bridge,1,97.6,9.51,7.2,134,1,0,2,0,2,0,0,0
ML-00589,TRD,Section Insulator,1,61.5,46.27,25.0,80,0,0,0,0,2,1,0,0
ML-00590,ENGINEERING,Track,5,71.54,47.45,12.5,84,3,0,5,1,2,2,2,0
ML-00591,ENGINEERING,Point & Crossing,5,85.49,50.75,9.5,72,1,1,5,0,3,1,0,0
ML-00592,S&T,Axle Counter,4,87.75,38.6,8.8,66,1,1,3,0,2,1,1,0
ML-00593,S&T,Point Machine,5,91.36,36.93,7.3,26,2,2,3,0,4,3,0,1
ML-00594,TRD,Section Insulator,3,68.76,53.31,16.2,163,0,0,0,1,3,1,1,0
ML-00595,ENGINEERING,Track,5,75.0,42.44,2.7,94,3,2,3,1,6,3,0,0
ML-00596,S&T,Axle Counter,2,68.17,33.7,18.5,82,1,0,3,0,3,0,0,0
ML-00597,S&T,Axle Counter,3,84.13,39.63,11.1,41,0,0,0,0,1,0,0,0
ML-00598,ENGINEERING,Track,3,73.55,48.3,12.8,40,2,1,1,1,7,5,2,0
ML-00599,ENGINEERING,Point & Crossing,4,46.42,73.22,30.0,46,5,2,3,0,4,1,1,1
ML-00600,S&T,Signal,5,60.24,54.0,15.7,125,2,2,1,1,5,4,2,1
ML-00601,TRD,OHE,4,92.11,34.27,3.6,171,2,0,2,1,2,1,0,0
ML-00602,S&T,Axle Counter,2,86.08,18.17,3.2,146,0,0,0,0,3,0,1,0
ML-00603,S&T,Signal,4,72.14,41.04,12.8,45,2,1,2,1,0,0,0,1
ML-00604,S&T,Signal,4,66.23,56.55,13.0,77,2,0,3,0,3,2,1,0
ML-00605,S&T,Point Machine,3,81.35,36.2,12.1,133,0,0,0,0,5,2,1,0
ML-00606,TRD,Section Insulator,3,62.54,51.98,19.5,92,1,1,4,0,3,3,0,1
ML-00607,TRD,OHE,4,79.83,33.26,14.7,218,2,0,2,0,3,0,0,0
ML-00608,S&T,Axle Counter,2,63.99,47.05,12.0,82,2,1,2,1,3,1,1,0
ML-00609,TRD,Section Insulator,1,76.42,29.8,12.3,89,1,0,3,0,3,1,0,0
ML-00610,ENGINEERING,Point & Crossing,5,73.82,48.46,13.0,69,1,1,3,1,1,0,0,1
ML-00611,ENGINEERING,Point & Crossing,3,67.51,45.19,10.0,106,1,0,1,0,7,3,2,0
ML-00612,S&T,Axle Counter,4,68.15,46.08,9.6,20,0,0,0,1,5,2,1,0
ML-00613,ENGINEERING,Track,3,70.64,50.87,17.9,94,1,0,3,1,3,2,0,0
ML-00614,S&T,Point Machine,4,81.16,40.7,6.9,54,0,0,0,0,3,1,1,0
ML-00615,TRD,Section Insulator,5,74.4,51.3,14.9,42,0,0,0,0,2,1,1,0
ML-00616,S&T,Axle Counter,4,65.7,47.12,12.1,50,2,1,4,0,2,0,2,1
ML-00617,S&T,Point Machine,4,75.08,56.28,17.6,50,1,0,3,0,2,1,1,0
ML-00618,TRD,Transformer,2,96.59,27.27,13.1,125,0,0,0,0,6,2,2,0
ML-00619,ENGINEERING,Track,3,74.37,35.37,10.6,139,2,0,2,1,4,3,0,0
ML-00620,S&T,Signal,3,68.14,48.43,14.5,157,1,0,3,1,2,1,1,1
ML-00621,TRD,Transformer,5,47.25,77.39,22.5,222,5,3,3,0,4,2,2,1
ML-00622,TRD,Transformer,2,81.42,34.56,17.9,59,0,0,0,0,5,0,1,0
ML-00623,S&T,Signal,4,55.96,69.24,22.4,6,1,0,2,0,7,3,4,1
ML-00624,TRD,Transformer,2,80.99,23.63,11.0,141,1,0,3,0,7,0,2,0
ML-00625,TRD,Transformer,1,74.72,31.56,15.8,91,1,0,2,1,1,0,1,0
ML-00626,TRD,Transformer,3,82.09,41.29,11.2,129,2,1,4,1,4,0,2,0
ML-00627,S&T,Axle Counter,1,64.74,48.21,24.2,87,3,0,3,1,5,2,0,0
ML-00628,ENGINEERING,Point & Crossing,4,59.54,60.03,23.0,30,1,0,3,1,3,1,1,1
ML-00629,S&T,Signal,4,81.1,50.94,17.9,68,1,0,1,0,0,0,0,0
ML-00630,TRD,Section Insulator,3,85.15,32.58,7.0,117,0,0,0,0,2,1,1,0
ML-00631,TRD,OHE,3,78.05,37.41,8.4,99,0,0,0,0,1,0,0,1
ML-00632,TRD,OHE,3,68.1,45.85,17.9,78,1,1,2,0,2,1,0,0
ML-00633,S&T,Point Machine,3,78.63,36.74,9.8,112,0,0,0,1,2,1,1,0
ML-00634,ENGINEERING,Track,5,63.53,65.75,12.7,55,2,1,4,1,6,2,3,1
ML-00635,S&T,Point Machine,3,100.0,23.05,2.5,215,0,0,0,0,2,1,0,1
ML-00636,TRD,Transformer,4,58.6,57.33,16.5,163,1,1,3,1,2,2,0,1
ML-00637,ENGINEERING,Bridge,3,80.43,39.36,5.7,46,3,1,3,0,2,0,0,0
ML-00638,TRD,Section Insulator,4,67.42,59.29,12.1,105,2,0,3,0,5,3,2,1
ML-00639,TRD,Section Insulator,2,60.6,49.33,17.1,52,3,1,3,0,4,2,2,0
ML-00640,TRD,Section Insulator,4,80.57,43.5,4.2,36,0,0,0,0,3,2,0,1
ML-00641,ENGINEERING,Bridge,4,70.57,48.94,11.6,35,2,1,3,1,5,1,3,1
ML-00642,S&T,Point Machine,3,66.2,55.81,18.6,23,0,0,0,1,3,0,2,1
ML-00643,ENGINEERING,Point & Crossing,5,55.87,70.36,30.0,135,0,0,0,1,3,2,2,0
ML-00644,ENGINEERING,Bridge,3,95.37,27.22,5.9,41,1,0,5,1,4,2,1,1
ML-00645,S&T,Signal,1,85.38,21.72,10.0,331,1,0,3,0,9,2,3,0
ML-00646,S&T,Point Machine,5,80.33,44.61,13.7,38,1,0,3,0,2,1,0,0
ML-00647,S&T,Axle Counter,3,75.38,36.33,15.1,18,0,0,0,1,0,0,0,0
ML-00648,ENGINEERING,Bridge,5,84.67,44.64,3.1,34,3,1,3,0,4,1,1,1
ML-00649,TRD,Transformer,3,86.41,39.16,16.9,62,0,0,0,1,1,0,1,0
ML-00650,ENGINEERING,Point & Crossing,3,72.2,30.62,4.9,129,0,0,0,0,0,0,0,0
ML-00651,S&T,Axle Counter,5,68.17,62.82,15.8,43,0,0,0,1,1,1,0,1
ML-00652,ENGINEERING,Point & Crossing,4,79.24,34.87,10.6,100,2,0,4,0,4,0,0,0
ML-00653,ENGINEERING,Bridge,3,80.01,31.1,3.8,322,0,0,0,0,4,0,0,1
ML-00654,TRD,OHE,3,62.72,39.31,11.7,76,2,0,3,1,4,2,2,0
ML-00655,TRD,OHE,5,70.67,59.18,8.3,95,1,0,3,1,3,1,1,0
ML-00656,S&T,Point Machine,2,62.52,44.18,16.5,65,2,0,3,0,3,0,1,0
ML-00657,S&T,Signal,4,69.7,52.31,13.3,63,1,0,5,0,6,1,1,0
ML-00658,TRD,OHE,1,84.13,30.71,15.5,237,0,0,0,1,0,0,0,1
ML-00659,ENGINEERING,Bridge,2,82.3,26.32,7.2,40,1,0,1,0,0,0,0,0
ML-00660,S&T,Axle Counter,5,62.13,61.99,13.0,233,1,1,3,0,6,2,2,0
ML-00661,ENGINEERING,Point & Crossing,4,91.89,36.03,4.2,111,1,0,3,0,2,1,0,0
ML-00662,ENGINEERING,Point & Crossing,3,80.64,36.97,8.4,163,1,1,2,0,2,0,0,0
ML-00663,ENGINEERING,Track,5,60.61,60.02,19.7,36,1,0,3,1,2,2,1,0
ML-00664,ENGINEERING,Point & Crossing,3,61.79,58.06,16.3,90,0,0,0,0,1,0,0,0
ML-00665,ENGINEERING,Point & Crossing,1,77.9,24.07,3.4,107,1,0,1,1,2,1,2,0
ML-00666,S&T,Signal,5,65.01,64.21,14.7,55,1,1,4,0,4,2,2,0
ML-00667,S&T,Point Machine,5,66.23,65.0,14.8,53,3,1,3,0,5,3,3,0
ML-00668,TRD,OHE,3,47.65,68.71,23.7,24,2,1,3,0,10,5,5,0
ML-00669,TRD,OHE,1,76.18,32.77,20.0,143,1,0,3,0,2,1,0,0
ML-00670,TRD,OHE,2,100.0,17.79,4.6,68,1,1,3,0,4,1,0,1
ML-00671,TRD,Transformer,1,78.91,29.36,13.1,46,0,0,0,0,3,1,0,0
ML-00672,S&T,Signal,4,75.05,51.68,10.5,104,1,0,3,0,3,2,2,0
ML-00673,ENGINEERING,Bridge,3,87.88,27.61,5.6,132,1,1,3,0,2,2,0,0
ML-00674,ENGINEERING,Bridge,3,90.15,30.48,7.9,147,0,0,0,0,3,2,2,0
ML-00675,S&T,Axle Counter,3,85.78,31.95,5.8,61,1,0,1,1,3,1,0,0
ML-00676,ENGINEERING,Bridge,3,52.63,60.35,24.0,80,4,3,3,0,3,2,0,0
ML-00677,ENGINEERING,Point & Crossing,4,73.81,43.34,11.0,104,2,1,3,1,4,0,1,0
ML-00678,ENGINEERING,Bridge,2,94.86,18.87,3.0,66,0,0,0,0,2,2,1,0
ML-00679,ENGINEERING,Bridge,3,88.54,34.59,7.1,183,2,0,5,0,3,0,1,0
ML-00680,S&T,Signal,4,41.72,77.49,30.0,168,3,2,4,1,4,3,0,0
ML-00681,TRD,Section Insulator,4,76.06,41.48,8.1,35,3,0,3,1,2,0,1,0
ML-00682,TRD,OHE,4,43.91,75.31,30.0,212,1,0,1,0,6,0,1,0
ML-00683,S&T,Point Machine,5,74.45,56.11,16.6,114,1,1,5,1,4,2,0,0
ML-00684,TRD,OHE,2,90.11,36.7,16.4,192,0,0,0,0,2,0,2,0
ML-00685,ENGINEERING,Track,3,61.22,63.73,19.6,82,3,1,3,1,4,3,2,1
ML-00686,TRD,Section Insulator,4,61.99,57.48,18.4,97,1,1,3,1,2,2,0,0
ML-00687,S&T,Point Machine,2,59.04,68.49,26.6,84,3,2,3,1,3,3,1,0
ML-00688,S&T,Axle Counter,3,73.55,46.21,9.5,18,3,1,1,1,5,3,1,1
ML-00689,ENGINEERING,Bridge,3,96.88,28.68,4.7,74,1,0,4,0,2,0,0,0
ML-00690,S&T,Axle Counter,3,61.22,62.98,17.3,47,3,2,2,1,2,1,0,0
ML-00691,S&T,Axle Counter,1,95.81,4.08,5.5,45,2,0,3,0,3,1,0,0
ML-00692,TRD,Transformer,1,64.53,32.36,20.0,93,4,2,3,1,3,1,0,0
ML-00693,ENGINEERING,Point & Crossing,2,80.94,35.77,9.3,79,2,0,1,0,3,2,1,0
ML-00694,TRD,Transformer,3,82.71,35.69,8.6,27,1,0,2,1,5,1,1,0
ML-00695,ENGINEERING,Bridge,2,80.48,25.29,6.9,63,3,1,3,0,5,0,2,0
ML-00696,TRD,Section Insulator,5,76.51,40.61,8.7,146,2,0,2,1,0,0,0,1
ML-00697,ENGINEERING,Track,3,84.78,37.21,3.1,55,1,0,3,0,1,0,1,0
ML-00698,ENGINEERING,Bridge,2,91.32,24.76,7.7,95,0,0,0,0,5,3,0,0
ML-00699,TRD,OHE,4,69.61,62.47,16.2,53,3,1,2,1,3,1,0,0
ML-00700,S&T,Axle Counter,4,88.29,41.11,8.0,109,0,0,0,0,5,1,3,1
ML-00701,TRD,OHE,1,75.8,30.86,9.1,54,0,0,0,1,3,1,1,0
ML-00702,S&T,Signal,4,63.18,58.3,18.7,106,1,0,1,1,4,1,2,0
ML-00703,S&T,Axle Counter,4,59.08,58.01,11.4,56,0,0,0,0,3,1,1,0
ML-00704,TRD,Section Insulator,2,53.35,51.59,24.7,32,2,0,3,0,6,2,2,0
ML-00705,S&T,Signal,2,86.85,24.12,6.2,78,2,1,3,0,3,0,0,0
ML-00706,S&T,Point Machine,4,79.95,45.14,14.4,95,1,0,3,0,4,3,3,0
ML-00707,ENGINEERING,Track,4,73.33,42.75,10.9,59,2,2,3,1,4,2,0,0
ML-00708,ENGINEERING,Point & Crossing,4,42.89,69.29,17.9,149,5,2,1,1,3,3,2,1
ML-00709,TRD,Section Insulator,4,93.62,34.67,4.9,78,1,0,3,0,2,0,0,0
ML-00710,ENGINEERING,Point & Crossing,4,64.56,54.81,11.7,200,3,2,2,0,3,1,1,1
ML-00711,S&T,Signal,5,60.02,66.94,16.1,111,2,0,3,1,2,2,2,1
ML-00712,ENGINEERING,Point & Crossing,3,75.6,45.42,16.1,80,1,0,3,0,3,0,1,0
ML-00713,ENGINEERING,Track,4,86.55,30.94,4.8,116,1,0,3,1,4,1,1,0
ML-00714,TRD,Transformer,5,61.76,63.4,9.2,61,2,1,4,1,3,2,0,1
ML-00715,ENGINEERING,Track,5,55.09,68.07,17.9,37,2,1,3,1,3,0,1,0
ML-00716,S&T,Axle Counter,4,66.41,45.51,10.3,84,1,0,2,0,5,3,3,0
ML-00717,S&T,Axle Counter,3,71.33,41.01,18.6,235,2,0,3,0,3,0,1,1
ML-00718,TRD,Transformer,2,84.52,30.67,5.4,82,0,0,0,0,1,0,1,0
ML-00719,ENGINEERING,Bridge,5,51.16,93.61,30.0,111,0,0,0,1,2,1,1,0
ML-00720,ENGINEERING,Bridge,1,86.79,19.67,15.7,80,0,0,0,1,2,0,0,0
ML-00721,ENGINEERING,Point & Crossing,3,71.08,52.35,14.3,125,0,0,0,0,3,1,1,0
ML-00722,S&T,Signal,2,80.08,38.34,11.5,230,1,1,3,1,2,1,0,0
ML-00723,TRD,Transformer,3,72.59,35.21,16.7,84,1,0,3,0,1,0,0,0
ML-00724,TRD,Transformer,3,65.32,57.06,19.4,39,2,2,3,1,7,4,1,0
ML-00725,ENGINEERING,Track,5,100.0,36.86,5.5,38,0,0,0,1,3,0,1,0
ML-00726,S&T,Signal,2,54.19,55.69,18.0,56,3,2,3,0,3,1,1,1
ML-00727,ENGINEERING,Bridge,4,91.12,31.37,6.2,30,1,1,5,1,1,0,0,0
ML-00728,TRD,Transformer,2,78.34,23.54,17.3,100,1,0,3,0,6,3,0,0
ML-00729,S&T,Point Machine,5,55.62,64.18,18.6,163,3,2,3,1,3,3,1,0
ML-00730,ENGINEERING,Bridge,3,37.88,76.14,29.9,128,3,1,3,1,5,2,3,1
ML-00731,S&T,Signal,3,66.15,45.92,15.1,51,2,0,1,0,0,0,0,0
ML-00732,ENGINEERING,Point & Crossing,2,82.1,40.95,14.9,132,1,1,2,0,2,1,1,0
ML-00733,TRD,Section Insulator,1,81.27,19.91,10.1,75,1,0,2,1,4,1,0,0
ML-00734,ENGINEERING,Point & Crossing,1,98.54,18.89,13.8,89,0,0,0,0,3,2,1,0
ML-00735,S&T,Point Machine,3,92.58,29.02,8.1,86,0,0,0,1,1,0,0,0
ML-00736,ENGINEERING,Bridge,4,88.71,27.15,4.6,146,1,0,1,1,4,2,2,0
ML-00737,TRD,Section Insulator,1,84.45,11.17,6.7,36,0,0,0,0,1,0,0,0
ML-00738,ENGINEERING,Point & Crossing,4,78.81,42.79,6.6,185,4,1,3,0,5,2,2,0
ML-00739,TRD,OHE,3,68.58,36.46,6.0,55,0,0,0,0,2,1,0,0
ML-00740,TRD,Transformer,4,76.36,49.95,10.0,80,1,0,3,1,4,2,2,1
ML-00741,TRD,Transformer,3,66.24,49.79,17.5,69,0,0,0,0,3,2,2,0
ML-00742,TRD,Section Insulator,3,91.23,23.77,7.8,111,1,0,3,1,3,2,0,0
ML-00743,ENGINEERING,Bridge,4,80.45,36.1,5.1,29,0,0,0,1,4,2,1,0
ML-00744,ENGINEERING,Point & Crossing,5,51.04,63.73,15.1,88,2,0,5,1,4,4,3,1
ML-00745,TRD,OHE,4,49.94,66.1,13.0,135,1,0,3,1,3,2,1,0
ML-00746,S&T,Axle Counter,4,72.08,46.45,8.7,122,0,0,0,0,1,1,0,0
ML-00747,TRD,Transformer,3,81.0,38.84,10.7,45,1,0,1,0,3,1,2,1
ML-00748,TRD,Section Insulator,5,52.79,76.08,20.4,69,3,2,3,0,7,5,3,1
ML-00749,ENGINEERING,Track,2,84.0,26.51,10.5,39,2,0,3,0,1,0,0,0
ML-00750,TRD,Transformer,4,66.57,62.35,19.3,43,0,0,0,1,7,4,3,0
ML-00751,TRD,OHE,2,56.47,53.5,16.1,93,2,1,3,0,3,1,0,0
ML-00752,ENGINEERING,Track,5,52.4,71.33,22.2,43,1,0,3,0,4,2,2,0
ML-00753,TRD,Transformer,2,58.72,55.03,20.5,25,1,1,2,1,7,6,1,1
ML-00754,TRD,Transformer,5,60.77,60.76,9.2,81,0,0,0,0,4,2,2,1
ML-00755,TRD,Section Insulator,4,96.87,26.04,4.3,128,0,0,0,0,4,1,0,0
ML-00756,TRD,OHE,4,69.79,47.59,9.7,43,1,0,5,0,2,1,0,1
ML-00757,TRD,Transformer,4,76.29,42.78,6.7,114,2,1,3,0,2,1,0,0
ML-00758,TRD,Transformer,4,84.92,24.48,4.0,56,0,0,0,0,1,0,0,0
ML-00759,S&T,Point Machine,3,79.42,43.67,5.8,137,3,0,3,1,5,3,3,0
ML-00760,TRD,Transformer,4,68.81,56.01,21.4,29,0,0,0,1,1,0,0,0
ML-00761,ENGINEERING,Bridge,2,73.53,33.43,19.7,79,1,0,2,0,5,1,2,0
ML-00762,S&T,Signal,3,72.91,40.24,8.1,40,1,0,1,0,2,1,0,0
ML-00763,S&T,Signal,4,87.65,28.75,2.7,194,3,0,2,1,4,1,0,0
ML-00764,S&T,Signal,2,58.77,43.96,17.5,63,3,3,2,1,3,1,1,0
ML-00765,TRD,Section Insulator,5,83.15,42.73,7.0,19,3,2,1,0,4,1,3,1
ML-00766,S&T,Axle Counter,4,100.0,19.86,3.4,122,1,0,1,0,1,0,0,0
ML-00767,ENGINEERING,Point & Crossing,5,81.57,45.48,11.1,72,3,1,3,0,2,1,1,0
ML-00768,ENGINEERING,Bridge,1,90.66,34.92,14.0,123,1,1,1,0,2,1,0,1
ML-00769,S&T,Axle Counter,1,77.52,38.11,13.7,46,0,0,0,0,3,2,0,0
ML-00770,TRD,Transformer,3,82.75,36.77,9.5,108,1,0,3,0,4,2,2,0
ML-00771,ENGINEERING,Bridge,1,64.51,23.74,6.8,124,3,1,3,1,3,1,0,1
ML-00772,TRD,OHE,1,48.9,51.94,27.2,154,1,1,1,0,5,3,2,0
ML-00773,ENGINEERING,Track,4,70.92,54.62,12.5,140,3,1,3,0,3,3,0,0
ML-00774,TRD,Transformer,4,77.72,52.1,12.5,95,2,2,4,0,1,1,1,0
ML-00775,ENGINEERING,Point & Crossing,4,68.48,50.79,13.4,97,0,0,0,0,3,1,0,0
ML-00776,S&T,Signal,3,65.0,41.39,8.8,48,2,0,5,1,4,1,1,0
ML-00777,S&T,Signal,1,97.97,12.88,3.9,91,0,0,0,0,2,0,0,0
ML-00778,S&T,Point Machine,3,68.13,40.57,19.3,164,3,0,3,1,2,0,1,0
ML-00779,ENGINEERING,Bridge,5,81.47,38.92,4.6,42,0,0,0,1,2,1,1,0
ML-00780,TRD,OHE,4,89.42,32.18,3.8,104,2,1,3,0,1,0,0,0
ML-00781,TRD,Section Insulator,5,61.88,63.91,9.9,60,3,3,3,1,4,1,0,1
ML-00782,ENGINEERING,Point & Crossing,3,97.57,22.41,6.3,78,3,0,2,0,2,1,0,0
ML-00783,TRD,Section Insulator,4,91.48,34.44,2.2,68,2,0,3,1,0,0,0,1
ML-00784,ENGINEERING,Track,3,69.37,44.43,16.6,129,1,0,3,0,2,0,1,0
ML-00785,TRD,Transformer,5,94.02,27.92,5.1,165,1,0,2,0,1,1,0,0
ML-00786,TRD,Transformer,3,85.79,24.95,1.0,51,0,0,0,0,2,1,0,1
ML-00787,ENGINEERING,Point & Crossing,4,63.58,61.69,14.8,72,0,0,0,0,0,0,0,0
ML-00788,TRD,OHE,4,79.6,55.44,14.0,69,1,1,3,0,7,6,3,0
ML-00789,TRD,OHE,5,70.45,66.46,14.1,125,1,0,3,1,5,1,5,0
ML-00790,ENGINEERING,Point & Crossing,5,100.0,38.39,7.4,118,0,0,0,0,1,0,0,0
ML-00791,TRD,Transformer,4,56.95,59.96,19.8,194,1,0,3,1,4,2,3,0
ML-00792,TRD,OHE,2,82.34,34.13,11.4,15,0,0,0,1,0,0,0,0
ML-00793,ENGINEERING,Bridge,4,72.63,46.52,9.2,33,0,0,0,1,3,2,2,0
ML-00794,TRD,Transformer,5,48.88,75.31,13.9,103,3,0,1,0,3,1,2,0
ML-00795,S&T,Axle Counter,2,77.07,28.45,10.8,53,0,0,0,0,4,2,1,0
ML-00796,TRD,OHE,2,60.19,44.35,18.0,28,2,0,2,1,2,2,0,0
ML-00797,ENGINEERING,Point & Crossing,4,61.57,59.91,22.1,218,3,1,3,0,3,1,2,1
ML-00798,S&T,Axle Counter,1,85.01,15.51,6.5,69,0,0,0,0,1,0,0,0
ML-00799,ENGINEERING,Track,2,95.08,17.52,6.3,45,0,0,0,1,2,1,0,0
ML-00800,ENGINEERING,Point & Crossing,4,60.88,59.31,20.0,46,1,0,1,0,3,1,0,0
ML-00801,S&T,Axle Counter,2,73.28,39.89,11.4,44,0,0,0,1,1,0,1,0
ML-00802,ENGINEERING,Bridge,5,79.26,46.0,2.8,138,1,1,4,1,6,2,3,0
ML-00803,ENGINEERING,Track,1,80.32,20.09,8.5,123,0,0,0,1,1,1,0,0
ML-00804,S&T,Point Machine,5,74.03,56.62,9.7,112,1,0,3,0,2,1,1,0
ML-00805,S&T,Signal,3,81.09,28.35,7.1,33,2,2,2,0,3,0,2,0
ML-00806,ENGINEERING,Bridge,2,92.3,24.66,7.3,69,1,0,2,0,3,0,1,0
ML-00807,S&T,Signal,4,50.69,66.17,19.3,85,3,1,4,1,3,0,2,1
ML-00808,TRD,Transformer,2,82.92,24.96,7.5,121,0,0,0,0,3,2,0,1
ML-00809,S&T,Point Machine,1,85.3,19.92,9.8,230,0,0,0,0,1,1,0,1
ML-00810,ENGINEERING,Track,4,79.5,41.91,12.0,104,1,0,3,0,2,1,0,1
ML-00811,ENGINEERING,Track,5,88.67,36.85,5.4,82,2,0,3,0,3,2,0,0
ML-00812,TRD,Transformer,5,86.03,37.71,8.7,56,0,0,0,0,4,2,1,1
ML-00813,ENGINEERING,Point & Crossing,3,77.35,36.11,13.1,36,0,0,0,0,3,0,0,0
ML-00814,TRD,Transformer,3,68.15,41.17,12.3,96,0,0,0,0,3,1,0,0
ML-00815,ENGINEERING,Track,3,66.38,61.07,24.8,102,1,0,2,1,3,1,1,0
ML-00816,ENGINEERING,Track,1,96.88,7.75,5.9,85,0,0,0,0,2,1,0,0
ML-00817,S&T,Axle Counter,4,66.71,58.32,16.8,30,3,0,2,0,5,2,2,0
ML-00818,TRD,Transformer,4,86.78,24.8,2.2,76,0,0,0,0,6,2,3,0
ML-00819,TRD,Transformer,3,68.09,44.48,11.7,93,2,1,3,0,4,1,0,0
ML-00820,ENGINEERING,Track,4,76.06,51.98,13.6,45,3,1,2,1,2,1,2,0
ML-00821,ENGINEERING,Point & Crossing,1,78.07,27.42,12.5,71,4,2,3,0,3,3,0,0
ML-00822,ENGINEERING,Track,4,82.24,39.21,6.0,107,3,2,3,1,3,2,0,1
ML-00823,ENGINEERING,Bridge,4,83.76,40.01,13.8,117,3,0,3,0,4,2,2,0
ML-00824,ENGINEERING,Bridge,4,78.73,35.5,11.1,22,2,0,3,0,1,0,0,0
ML-00825,ENGINEERING,Track,2,69.16,50.21,17.2,129,4,2,3,1,7,5,3,0
ML-00826,TRD,Section Insulator,5,78.78,40.3,2.6,20,1,0,4,1,2,0,0,0
ML-00827,ENGINEERING,Track,5,75.45,58.98,8.4,33,2,1,5,1,5,2,1,0
ML-00828,ENGINEERING,Track,4,82.58,35.67,6.2,120,1,1,3,0,1,0,0,0
ML-00829,S&T,Signal,1,76.99,21.99,7.2,79,2,1,2,0,1,0,0,1
ML-00830,S&T,Axle Counter,3,84.78,39.85,14.9,115,2,0,3,1,3,0,0,0
ML-00831,S&T,Point Machine,4,68.5,47.19,12.4,45,2,1,3,1,4,2,0,1
ML-00832,TRD,OHE,4,75.62,45.96,12.8,145,1,1,2,1,1,1,0,0
ML-00833,S&T,Axle Counter,1,73.34,31.04,8.7,86,1,0,2,0,4,2,1,0
ML-00834,ENGINEERING,Bridge,4,81.2,40.5,13.2,134,1,0,4,1,1,1,0,1
ML-00835,TRD,Transformer,1,74.37,26.29,9.0,33,1,0,5,1,4,3,1,1
ML-00836,TRD,Section Insulator,2,76.45,36.5,7.8,33,1,0,3,0,3,0,3,0
ML-00837,S&T,Point Machine,3,64.59,45.1,8.1,31,0,0,0,1,7,4,2,0
ML-00838,ENGINEERING,Point & Crossing,3,92.65,28.95,4.4,84,0,0,0,0,5,2,1,0
ML-00839,TRD,Section Insulator,3,78.08,34.13,9.2,233,0,0,0,0,0,0,0,0
ML-00840,TRD,Transformer,4,59.24,69.48,16.9,61,1,1,3,0,2,1,1,0
ML-00841,S&T,Axle Counter,3,59.24,51.46,17.1,40,0,0,0,1,2,1,2,0
ML-00842,S&T,Point Machine,4,66.33,53.89,13.3,166,2,0,1,0,3,3,1,0
ML-00843,TRD,Transformer,5,83.56,50.7,9.4,117,1,1,3,0,4,1,2,0
ML-00844,TRD,OHE,1,81.68,27.48,9.5,156,2,0,3,0,1,0,0,0
ML-00845,S&T,Signal,4,89.65,38.33,5.1,131,3,1,3,0,6,1,3,0
ML-00846,TRD,OHE,4,79.19,43.65,8.9,150,1,0,2,1,1,0,0,0
ML-00847,ENGINEERING,Track,5,46.74,89.11,29.7,77,3,1,3,0,1,1,1,0
ML-00848,TRD,Transformer,5,72.12,45.47,10.1,54,2,0,2,1,3,0,2,0
ML-00849,TRD,Transformer,3,50.26,60.89,13.5,74,0,0,0,0,6,3,3,0
ML-00850,ENGINEERING,Track,5,62.57,65.5,18.7,111,0,0,0,0,8,6,3,0
ML-00851,TRD,OHE,4,83.37,39.78,11.2,55,2,0,2,0,3,0,0,0
ML-00852,ENGINEERING,Bridge,4,94.16,39.43,11.4,97,0,0,0,0,1,0,0,0
ML-00853,TRD,OHE,3,87.41,28.28,9.0,42,0,0,0,1,5,3,2,0
ML-00854,S&T,Point Machine,3,99.03,24.4,4.9,199,2,0,4,1,4,2,1,0
ML-00855,ENGINEERING,Track,4,68.18,53.33,20.7,71,1,0,3,1,3,2,2,0
ML-00856,ENGINEERING,Point & Crossing,4,45.95,71.73,23.0,160,1,1,3,1,5,4,1,0
ML-00857,ENGINEERING,Point & Crossing,4,82.21,46.84,6.7,103,0,0,0,1,5,1,0,0
ML-00858,TRD,OHE,3,86.28,30.32,9.6,86,0,0,0,0,2,1,1,0
ML-00859,S&T,Axle Counter,4,72.96,51.26,8.0,148,1,1,3,0,1,0,0,1
ML-00860,TRD,OHE,5,46.86,80.42,18.5,62,4,1,2,0,7,5,4,1
ML-00861,ENGINEERING,Bridge,4,78.79,58.68,17.8,52,0,0,0,0,3,2,1,0
ML-00862,TRD,Section Insulator,5,72.58,48.08,11.5,129,1,1,3,1,6,5,3,0
ML-00863,S&T,Point Machine,5,60.33,47.22,12.1,66,1,0,3,0,4,2,2,0
ML-00864,ENGINEERING,Track,3,70.33,36.42,11.3,35,2,0,3,0,3,1,0,0
ML-00865,ENGINEERING,Bridge,3,90.64,22.68,12.1,90,0,0,0,0,0,0,0,0
ML-00866,ENGINEERING,Point & Crossing,4,67.0,51.86,11.2,53,1,1,3,1,5,3,2,1
ML-00867,TRD,Transformer,3,60.4,50.71,16.3,113,1,0,3,1,4,3,2,0
ML-00868,TRD,Transformer,2,94.74,23.89,2.1,99,1,0,1,0,2,1,0,0
ML-00869,ENGINEERING,Bridge,4,84.16,42.1,6.4,71,2,0,3,0,3,0,1,0
ML-00870,TRD,OHE,2,69.51,41.04,11.0,56,1,0,4,0,3,1,0,0
ML-00871,S&T,Point Machine,2,85.19,24.54,3.5,102,0,0,0,0,2,0,1,0
ML-00872,ENGINEERING,Track,3,46.15,72.06,23.0,63,2,0,3,0,3,0,1,1
ML-00873,ENGINEERING,Track,3,68.08,47.16,10.6,81,1,1,3,1,3,3,0,1
ML-00874,TRD,OHE,2,86.63,28.71,9.8,142,1,1,1,1,5,4,1,0
ML-00875,S&T,Signal,4,68.55,47.39,10.9,19,1,0,3,0,3,1,0,1
ML-00876,ENGINEERING,Point & Crossing,5,87.51,34.78,4.6,34,1,0,1,1,3,0,1,0
ML-00877,ENGINEERING,Bridge,3,76.59,39.27,10.4,42,1,1,3,0,9,2,2,1
ML-00878,TRD,OHE,4,83.61,42.21,6.5,97,1,0,2,0,5,1,0,0
ML-00879,ENGINEERING,Point & Crossing,4,74.23,57.11,16.8,212,2,2,1,1,5,1,3,0
ML-00880,TRD,Transformer,2,83.89,26.85,7.5,116,1,1,3,0,5,2,2,0
ML-00881,TRD,OHE,4,60.38,69.99,17.9,76,2,1,5,1,3,2,2,1
ML-00882,ENGINEERING,Bridge,5,67.62,60.89,18.5,21,3,0,2,1,1,1,0,0
ML-00883,S&T,Point Machine,5,60.73,59.91,17.6,85,2,1,2,0,8,3,2,0
ML-00884,S&T,Point Machine,2,65.41,43.48,17.9,183,1,1,3,0,2,1,2,0
ML-00885,ENGINEERING,Point & Crossing,5,75.33,48.73,4.6,133,1,0,4,1,2,0,2,0
ML-00886,ENGINEERING,Track,3,84.02,34.33,7.6,304,3,0,3,0,6,2,1,0
ML-00887,ENGINEERING,Bridge,3,60.82,59.94,20.0,128,0,0,0,0,4,1,1,0
ML-00888,ENGINEERING,Point & Crossing,4,55.19,70.3,17.6,123,1,1,3,1,2,1,1,1
ML-00889,TRD,Section Insulator,3,54.94,64.2,26.2,29,1,0,3,0,1,1,1,0
ML-00890,S&T,Axle Counter,5,63.33,58.0,8.6,141,0,0,0,1,3,0,2,0
ML-00891,TRD,Transformer,3,68.48,40.98,9.8,97,2,0,3,1,0,0,0,0
ML-00892,S&T,Axle Counter,3,85.26,31.48,12.6,29,0,0,0,0,1,0,0,0
ML-00893,TRD,Transformer,5,60.76,60.33,15.6,117,2,0,3,1,5,3,2,0
ML-00894,S&T,Axle Counter,4,81.57,55.29,18.8,329,0,0,0,0,5,1,1,1
ML-00895,ENGINEERING,Bridge,4,60.25,58.33,15.4,34,5,1,3,1,2,2,2,1
ML-00896,ENGINEERING,Bridge,3,72.15,47.47,9.3,67,1,0,4,0,4,3,1,0
ML-00897,ENGINEERING,Point & Crossing,1,80.59,25.82,15.1,223,2,0,5,0,3,1,0,0
ML-00898,TRD,Transformer,3,69.84,37.03,14.7,78,0,0,0,0,5,2,1,0
ML-00899,S&T,Axle Counter,3,45.04,69.69,28.9,113,1,0,4,1,6,5,4,1
ML-00900,TRD,Section Insulator,2,74.23,41.67,11.3,214,1,0,4,1,8,3,1,0
ML-00901,TRD,Transformer,4,69.59,52.31,10.8,51,4,1,5,0,3,1,1,1
ML-00902,TRD,Transformer,3,81.34,36.44,12.5,51,1,0,3,0,1,1,1,0
ML-00903,TRD,OHE,2,54.34,41.68,12.0,43,3,2,1,0,1,0,1,0
ML-00904,S&T,Signal,3,63.91,49.88,15.3,36,0,0,0,0,5,3,1,1
ML-00905,S&T,Signal,2,79.82,35.56,19.9,27,0,0,0,0,6,2,2,0
ML-00906,TRD,Section Insulator,5,67.48,53.27,11.6,58,1,0,2,0,1,0,0,0
ML-00907,S&T,Axle Counter,1,87.83,18.67,8.4,169,0,0,0,0,0,0,0,0
ML-00908,TRD,Section Insulator,5,93.56,36.27,0.8,15,0,0,0,1,7,2,2,0
ML-00909,S&T,Signal,5,68.76,51.99,8.4,74,2,1,3,0,5,2,4,1
ML-00910,S&T,Point Machine,2,95.87,10.74,3.9,60,1,0,4,0,1,0,0,0
ML-00911,S&T,Point Machine,3,81.46,43.36,17.0,20,2,1,3,1,2,1,0,0
ML-00912,ENGINEERING,Bridge,1,80.12,28.54,9.3,76,0,0,0,1,0,0,0,0
ML-00913,S&T,Axle Counter,3,58.94,53.36,19.5,114,1,0,1,0,5,2,2,0
ML-00914,ENGINEERING,Track,3,83.45,29.14,9.4,119,1,1,3,1,3,2,0,0
ML-00915,TRD,OHE,5,77.96,46.95,5.5,70,3,0,2,0,3,1,1,1
ML-00916,ENGINEERING,Track,4,71.66,49.36,18.7,124,3,0,2,0,2,0,0,1
ML-00917,ENGINEERING,Track,5,72.3,42.67,11.9,100,4,0,1,1,2,0,0,1
ML-00918,TRD,Section Insulator,3,83.8,46.32,9.8,65,2,1,2,1,5,3,3,1
ML-00919,TRD,Transformer,4,52.14,65.4,26.2,72,1,0,4,0,1,1,1,1
ML-00920,ENGINEERING,Track,5,58.85,65.54,16.6,33,5,0,3,1,3,1,3,0
ML-00921,TRD,Section Insulator,2,89.42,25.51,4.6,40,4,1,5,0,2,1,0,0
ML-00922,S&T,Point Machine,2,80.83,25.96,9.0,188,0,0,0,0,0,0,0,0
ML-00923,TRD,OHE,2,84.98,29.27,8.3,69,0,0,0,0,3,0,0,0
ML-00924,ENGINEERING,Point & Crossing,4,62.31,61.83,15.4,81,3,1,2,0,1,0,0,1
ML-00925,ENGINEERING,Track,3,100.0,29.43,5.3,83,1,0,2,0,0,0,0,0
ML-00926,ENGINEERING,Point & Crossing,3,80.42,34.77,9.9,60,2,0,3,1,0,0,0,0
ML-00927,ENGINEERING,Track,5,69.75,48.68,12.0,143,1,0,3,1,3,2,1,0
ML-00928,ENGINEERING,Point & Crossing,3,86.83,27.47,8.4,99,4,0,3,0,1,0,0,0
ML-00929,ENGINEERING,Track,4,70.09,49.86,14.2,193,1,1,3,0,5,2,1,1
ML-00930,S&T,Axle Counter,3,74.52,45.76,15.3,73,0,0,0,0,6,3,1,0
ML-00931,ENGINEERING,Point & Crossing,2,62.47,47.96,20.5,30,1,0,3,1,4,2,0,0
ML-00932,S&T,Signal,1,94.27,11.45,6.9,161,1,0,1,0,1,0,0,0
ML-00933,TRD,Section Insulator,3,76.62,44.46,14.1,75,0,0,0,0,7,2,3,0
ML-00934,ENGINEERING,Bridge,5,89.39,42.45,11.4,61,3,0,5,0,2,0,1,0
ML-00935,ENGINEERING,Track,5,68.5,63.76,19.5,36,2,0,2,0,0,0,0,0
ML-00936,TRD,Transformer,3,73.91,43.04,7.0,156,0,0,0,0,4,2,0,0
ML-00937,S&T,Signal,3,76.47,38.64,11.6,73,3,1,3,0,8,3,1,0
ML-00938,TRD,OHE,1,88.59,12.6,6.9,53,1,0,2,0,4,1,0,0
ML-00939,TRD,Transformer,5,70.0,52.33,14.8,86,1,0,2,0,2,1,0,1
ML-00940,S&T,Signal,4,83.33,46.4,12.1,24,0,0,0,0,1,0,0,0
ML-00941,S&T,Axle Counter,5,69.58,55.19,14.1,89,3,3,3,0,3,0,0,0
ML-00942,ENGINEERING,Track,4,79.11,43.79,5.8,98,1,1,2,0,2,0,1,1
ML-00943,TRD,OHE,4,75.21,60.81,15.5,111,3,1,4,1,8,5,3,0
ML-00944,ENGINEERING,Track,3,82.56,23.9,5.5,52,2,0,3,1,3,2,0,1
ML-00945,S&T,Point Machine,5,89.45,40.77,9.0,119,0,0,0,0,5,3,2,1
ML-00946,TRD,Transformer,4,65.73,56.32,15.7,166,3,2,4,1,1,1,0,1
ML-00947,TRD,OHE,2,89.29,28.86,10.7,25,1,1,2,1,3,3,0,0
ML-00948,ENGINEERING,Bridge,5,53.84,72.74,25.4,34,0,0,0,1,4,2,0,0
ML-00949,TRD,Transformer,2,92.91,25.26,15.0,114,1,0,4,0,2,0,0,0
ML-00950,TRD,Section Insulator,4,45.5,65.69,26.3,129,1,0,3,0,3,2,1,0
ML-00951,S&T,Signal,4,76.11,45.97,7.1,77,2,0,4,0,3,2,3,0
ML-00952,TRD,Section Insulator,3,80.19,44.2,3.4,44,3,0,3,1,5,1,3,0
ML-00953,ENGINEERING,Point & Crossing,5,37.94,84.58,23.1,96,3,3,4,1,4,3,1,0
ML-00954,TRD,Section Insulator,3,85.59,35.46,11.4,132,1,0,2,0,3,2,1,0
ML-00955,S&T,Signal,1,83.08,19.01,7.8,73,1,0,3,1,2,0,0,0
ML-00956,S&T,Signal,3,82.82,27.22,10.7,52,2,0,3,0,2,0,1,0
ML-00957,ENGINEERING,Point & Crossing,4,77.56,47.44,12.1,102,0,0,0,0,5,2,1,0
ML-00958,S&T,Axle Counter,4,86.06,44.04,7.5,75,2,0,3,1,4,2,1,0
ML-00959,TRD,OHE,1,64.7,38.15,14.4,72,1,0,3,0,2,1,0,0
ML-00960,TRD,Section Insulator,3,64.54,59.35,18.7,89,0,0,0,1,3,1,2,1
ML-00961,S&T,Point Machine,3,67.58,37.34,9.0,49,1,0,3,0,1,1,0,0
ML-00962,S&T,Axle Counter,4,70.0,43.71,6.6,152,4,2,3,0,4,1,1,0
ML-00963,S&T,Point Machine,3,57.47,52.29,14.1,113,2,1,2,1,3,2,2,0
ML-00964,S&T,Point Machine,5,77.34,60.4,11.7,74,3,2,3,0,2,1,1,0
ML-00965,ENGINEERING,Bridge,4,79.51,42.45,8.9,66,3,1,4,0,3,1,0,0
ML-00966,S&T,Axle Counter,5,54.84,80.67,17.7,31,3,3,2,0,1,0,1,0
ML-00967,S&T,Point Machine,4,79.58,39.99,8.0,66,2,0,3,1,7,3,2,0
ML-00968,ENGINEERING,Bridge,3,100.0,25.31,7.2,60,0,0,0,0,6,4,2,0
ML-00969,ENGINEERING,Track,5,90.27,38.31,5.8,72,1,0,2,0,2,2,2,0
ML-00970,ENGINEERING,Bridge,4,93.88,39.09,7.0,71,0,0,0,1,1,1,0,0
ML-00971,ENGINEERING,Bridge,2,67.64,35.85,16.4,86,1,0,3,0,0,0,0,0
ML-00972,S&T,Signal,4,81.99,40.17,5.4,65,0,0,0,1,2,1,0,0
ML-00973,S&T,Signal,3,61.46,52.89,21.1,113,2,0,3,0,1,1,0,1
ML-00974,ENGINEERING,Track,3,66.62,42.52,10.6,236,2,0,2,1,6,3,2,0
ML-00975,ENGINEERING,Track,1,75.21,30.61,11.7,44,2,0,3,0,2,2,0,0
ML-00976,TRD,Transformer,4,78.41,35.18,9.6,63,3,1,5,1,4,2,1,1
ML-00977,TRD,Transformer,4,50.1,77.84,24.0,138,4,2,5,0,5,3,2,0
ML-00978,S&T,Point Machine,1,81.76,24.99,8.7,172,2,1,3,0,3,0,0,0
ML-00979,TRD,OHE,5,78.98,50.44,8.6,72,2,1,3,0,2,2,1,1
ML-00980,TRD,OHE,2,97.79,12.99,6.4,123,0,0,0,1,4,1,1,0
ML-00981,TRD,OHE,3,50.79,56.09,14.8,83,0,0,0,1,3,3,1,0
ML-00982,ENGINEERING,Bridge,5,87.04,43.9,12.4,57,1,0,3,0,6,2,1,0
ML-00983,S&T,Signal,5,67.62,65.6,16.3,26,2,1,3,1,5,1,3,0
ML-00984,S&T,Point Machine,4,87.44,31.9,9.6,181,2,0,3,1,3,1,1,0
ML-00985,TRD,Transformer,3,80.17,45.6,13.2,129,0,0,0,1,2,0,1,0
ML-00986,ENGINEERING,Track,4,78.45,36.03,6.0,47,2,1,2,0,1,0,1,1
ML-00987,S&T,Signal,4,84.97,39.1,7.6,112,1,0,5,0,6,3,1,0
ML-00988,S&T,Signal,3,77.96,37.01,14.7,223,3,1,4,1,1,0,1,0
ML-00989,S&T,Signal,2,93.4,16.89,5.6,18,0,0,0,1,1,1,0,0
ML-00990,S&T,Signal,5,74.59,60.2,14.6,49,4,1,3,1,3,1,1,0
ML-00991,TRD,Transformer,1,75.32,34.42,11.0,37,4,0,4,0,2,0,0,0
ML-00992,ENGINEERING,Bridge,2,100.0,26.29,7.2,64,0,0,0,0,5,2,2,0
ML-00993,ENGINEERING,Bridge,4,68.88,50.77,12.1,175,2,0,3,0,5,4,3,1
ML-00994,S&T,Signal,5,68.14,61.89,13.7,138,2,0,2,1,4,3,1,1
ML-00995,ENGINEERING,Point & Crossing,5,60.9,61.21,17.0,125,4,2,4,1,6,4,1,1
ML-00996,TRD,Section Insulator,4,89.17,35.29,3.9,97,3,0,3,0,6,3,2,0
ML-00997,ENGINEERING,Bridge,3,90.09,29.22,12.2,19,0,0,0,0,2,1,1,0
ML-00998,ENGINEERING,Point & Crossing,4,82.58,45.06,7.5,114,1,0,2,0,4,2,1,1
ML-00999,TRD,Section Insulator,3,87.14,47.26,12.0,89,0,0,0,0,2,0,0,0
ML-01000,ENGINEERING,Bridge,4,85.49,36.0,7.9,63,1,0,4,0,2,1,0,0
ML-01001,ENGINEERING,Track,1,100.0,4.27,5.1,150,1,0,3,0,3,0,1,0
ML-01002,S&T,Point Machine,3,78.22,43.15,12.4,103,2,0,3,0,2,1,1,0
ML-01003,S&T,Axle Counter,5,81.33,42.22,9.4,68,0,0,0,1,3,0,1,0
ML-01004,ENGINEERING,Track,4,64.98,56.47,15.3,133,1,0,3,1,5,1,2,0
ML-01005,S&T,Signal,5,75.54,51.64,12.7,66,2,0,3,1,3,2,0,0
ML-01006,ENGINEERING,Track,4,79.27,35.58,10.0,69,2,0,4,1,1,1,1,0
ML-01007,ENGINEERING,Bridge,5,62.22,58.13,19.3,54,1,0,5,0,4,3,2,0
ML-01008,ENGINEERING,Point & Crossing,2,75.63,32.87,6.8,31,4,1,4,0,2,1,1,1
ML-01009,ENGINEERING,Track,4,78.79,31.58,7.5,96,0,0,0,0,1,1,0,0
ML-01010,ENGINEERING,Point & Crossing,3,53.82,59.35,19.0,35,1,1,3,0,7,2,2,0
ML-01011,ENGINEERING,Bridge,4,79.42,43.91,14.8,118,0,0,0,0,4,1,0,0
ML-01012,ENGINEERING,Track,4,79.35,51.28,6.7,108,2,0,2,1,1,1,1,0
ML-01013,ENGINEERING,Bridge,4,81.69,46.63,9.8,142,0,0,0,1,3,0,1,0
ML-01014,ENGINEERING,Track,3,91.35,28.74,8.1,184,1,0,3,0,3,0,0,0
ML-01015,ENGINEERING,Point & Crossing,3,94.22,37.36,5.6,43,0,0,0,1,2,0,0,0
ML-01016,ENGINEERING,Bridge,2,84.77,27.81,4.8,176,1,1,2,0,4,1,1,0
ML-01017,S&T,Axle Counter,2,67.02,44.23,15.9,31,2,0,3,0,6,5,4,1
ML-01018,ENGINEERING,Point & Crossing,5,63.49,54.7,10.6,75,1,0,3,1,3,2,0,0
ML-01019,TRD,OHE,1,68.85,42.73,21.0,178,0,0,0,0,3,1,2,0
ML-01020,TRD,Section Insulator,4,85.32,47.3,12.6,24,2,1,3,0,3,2,1,1
ML-01021,S&T,Axle Counter,4,55.11,64.25,16.7,46,2,1,3,0,8,4,5,0
ML-01022,TRD,Section Insulator,2,83.43,27.5,7.5,93,0,0,0,1,2,0,1,0
ML-01023,TRD,Section Insulator,5,81.55,49.0,12.7,83,0,0,0,1,3,0,2,0
ML-01024,TRD,Transformer,4,68.93,52.24,14.8,117,1,0,3,0,4,3,2,0
ML-01025,S&T,Axle Counter,2,70.96,48.8,15.3,115,2,0,1,0,3,0,0,0
ML-01026,S&T,Point Machine,5,77.68,44.72,3.7,165,0,0,0,0,2,2,1,0
ML-01027,ENGINEERING,Track,1,60.17,47.55,19.6,48,1,0,2,0,4,3,1,0
ML-01028,TRD,OHE,1,63.37,52.07,21.6,184,1,0,3,0,7,5,2,0
ML-01029,TRD,Transformer,1,90.44,22.38,14.7,60,0,0,0,0,4,2,2,1
ML-01030,ENGINEERING,Bridge,4,80.55,38.28,3.5,75,0,0,0,0,0,0,0,0
ML-01031,ENGINEERING,Point & Crossing,4,48.34,69.98,26.2,72,1,1,4,1,2,1,1,0
ML-01032,TRD,Transformer,4,79.45,38.5,10.5,43,4,1,3,1,4,2,2,0
ML-01033,ENGINEERING,Track,3,74.63,39.89,8.6,169,1,0,3,1,4,0,0,1
ML-01034,ENGINEERING,Point & Crossing,2,70.48,31.01,16.6,14,2,0,3,0,4,1,1,0
ML-01035,ENGINEERING,Point & Crossing,4,65.77,64.5,18.5,103,2,1,3,0,3,1,1,0
ML-01036,ENGINEERING,Point & Crossing,1,73.88,34.2,17.9,240,3,0,3,1,4,1,0,0
ML-01037,ENGINEERING,Bridge,4,87.58,47.29,2.8,110,2,1,3,1,1,1,0,0
ML-01038,TRD,Transformer,5,84.15,46.13,7.6,48,0,0,0,1,2,1,0,0
ML-01039,ENGINEERING,Bridge,4,73.39,49.21,15.8,163,1,0,2,1,3,2,0,0
ML-01040,S&T,Signal,3,100.0,27.15,6.3,87,1,0,3,1,1,1,0,1
ML-01041,S&T,Axle Counter,2,97.24,27.75,6.2,111,2,1,3,1,2,0,1,0
ML-01042,TRD,OHE,3,82.19,31.93,14.8,43,1,0,2,1,4,3,0,0
ML-01043,S&T,Point Machine,4,80.09,42.61,6.3,170,1,0,3,0,3,1,1,0
ML-01044,S&T,Axle Counter,1,81.22,21.44,13.0,37,1,0,2,0,4,0,0,0
ML-01045,S&T,Point Machine,4,66.63,66.64,18.8,61,1,0,2,1,2,2,0,0
ML-01046,ENGINEERING,Track,3,67.32,44.64,12.6,161,1,0,3,0,4,1,0,0
ML-01047,S&T,Point Machine,2,77.55,53.89,11.0,46,0,0,0,0,6,3,3,1
ML-01048,S&T,Axle Counter,4,80.53,36.35,4.1,74,3,2,3,0,3,0,1,0
ML-01049,S&T,Axle Counter,3,71.95,38.6,13.2,117,1,0,2,1,3,1,1,0
ML-01050,ENGINEERING,Bridge,1,76.89,34.13,22.3,35,1,0,3,0,3,3,1,0
ML-01051,TRD,Section Insulator,3,79.88,40.51,8.2,90,0,0,0,1,2,2,1,0
ML-01052,S&T,Signal,2,99.79,15.19,6.2,47,0,0,0,1,3,2,0,0
ML-01053,ENGINEERING,Bridge,3,65.82,42.14,11.3,57,1,0,3,1,2,1,1,0
ML-01054,ENGINEERING,Bridge,3,90.83,33.51,11.8,62,2,1,1,0,1,1,1,0
ML-01055,TRD,OHE,3,82.41,31.58,3.4,97,0,0,0,0,5,1,2,0
ML-01056,S&T,Point Machine,4,88.28,32.56,6.9,52,2,1,3,1,2,1,2,0
ML-01057,TRD,Section Insulator,1,87.22,15.51,6.1,93,1,0,2,0,4,2,0,0
ML-01058,ENGINEERING,Bridge,1,87.2,21.13,9.9,62,3,0,3,0,6,2,1,1
ML-01059,ENGINEERING,Track,4,74.78,53.19,13.0,43,1,0,3,1,11,5,2,0
ML-01060,ENGINEERING,Bridge,2,68.46,44.62,16.1,41,1,0,3,1,6,3,2,0
ML-01061,ENGINEERING,Bridge,3,92.9,30.42,7.5,84,3,0,5,0,4,4,1,0
ML-01062,ENGINEERING,Track,2,82.39,29.31,8.8,116,2,0,5,0,1,0,0,0
ML-01063,S&T,Point Machine,2,97.58,24.61,11.7,195,3,1,1,1,1,1,0,0
ML-01064,S&T,Point Machine,5,84.24,45.35,8.0,121,2,0,1,1,1,1,1,0
ML-01065,ENGINEERING,Track,4,65.87,56.13,9.2,110,3,2,2,0,1,0,0,1
ML-01066,TRD,OHE,3,87.68,42.19,17.0,108,1,0,4,0,2,1,2,0
ML-01067,S&T,Signal,5,76.43,47.62,7.4,174,0,0,0,0,2,1,1,0
ML-01068,ENGINEERING,Point & Crossing,1,74.25,27.74,10.0,73,4,0,3,0,3,1,2,0
ML-01069,TRD,OHE,4,81.54,46.89,14.0,67,0,0,0,0,2,0,1,0
ML-01070,ENGINEERING,Point & Crossing,3,47.72,75.72,28.7,55,0,0,0,0,8,3,3,0
ML-01071,ENGINEERING,Point & Crossing,4,82.6,34.21,7.1,174,1,1,3,0,3,1,0,0
ML-01072,TRD,OHE,4,47.54,77.26,30.0,113,1,1,4,1,6,4,4,0
ML-01073,S&T,Point Machine,4,76.76,41.15,6.0,26,3,2,3,0,1,0,1,0
ML-01074,TRD,Transformer,4,90.31,23.98,5.6,130,2,1,3,0,5,2,1,0
ML-01075,TRD,Transformer,3,88.22,31.06,10.6,122,1,0,3,1,1,0,0,0
ML-01076,TRD,OHE,4,69.51,46.12,8.6,72,1,0,3,1,7,2,3,1
ML-01077,ENGINEERING,Track,3,72.75,38.68,3.1,81,1,0,3,1,0,0,0,1
ML-01078,TRD,OHE,5,60.08,70.0,18.6,97,2,0,1,1,2,1,2,1
ML-01079,S&T,Axle Counter,3,75.1,41.14,14.4,47,1,1,2,0,5,3,2,0
ML-01080,TRD,Transformer,3,51.03,66.05,30.0,7,5,1,3,0,5,2,1,0
ML-01081,S&T,Signal,3,82.69,37.62,10.7,103,2,1,3,0,2,2,0,0
ML-01082,ENGINEERING,Point & Crossing,3,64.32,49.82,9.9,103,0,0,0,1,3,1,1,0
ML-01083,S&T,Signal,2,64.5,35.95,17.2,64,2,1,5,1,2,0,0,0
ML-01084,TRD,Section Insulator,4,79.05,37.47,9.9,82,2,1,3,0,2,1,0,0
ML-01085,ENGINEERING,Point & Crossing,3,63.86,46.95,15.5,191,7,3,3,1,2,1,0,0
ML-01086,TRD,Transformer,1,91.27,30.05,16.0,72,0,0,0,1,3,2,0,0
ML-01087,ENGINEERING,Bridge,2,72.55,41.04,19.4,110,2,0,5,1,5,1,2,1
ML-01088,S&T,Axle Counter,4,73.04,45.12,8.8,60,4,0,2,0,1,0,0,1
ML-01089,ENGINEERING,Point & Crossing,2,82.13,26.36,11.5,101,0,0,0,0,2,1,1,1
ML-01090,ENGINEERING,Bridge,3,76.85,47.74,17.6,85,1,1,3,1,1,0,1,0
ML-01091,S&T,Point Machine,3,50.41,77.12,30.0,98,1,1,3,1,1,1,0,0
ML-01092,ENGINEERING,Point & Crossing,2,70.23,29.22,6.3,196,2,1,3,0,1,0,0,1
ML-01093,ENGINEERING,Point & Crossing,4,70.66,43.16,4.9,64,2,0,3,0,3,2,1,0
ML-01094,ENGINEERING,Point & Crossing,3,89.62,32.34,5.2,85,2,1,2,0,3,2,1,0
ML-01095,TRD,Transformer,4,52.19,65.2,21.3,80,2,0,4,0,1,1,1,0
ML-01096,ENGINEERING,Track,4,78.67,34.55,9.0,39,2,0,5,0,2,0,0,0
ML-01097,ENGINEERING,Bridge,5,81.72,44.69,6.8,65,2,1,2,1,4,3,0,0
ML-01098,TRD,Section Insulator,4,58.39,65.01,30.0,54,1,1,3,1,2,1,2,1
ML-01099,S&T,Signal,2,39.27,64.84,30.0,68,1,1,3,1,5,2,1,0
ML-01100,ENGINEERING,Point & Crossing,4,52.61,65.05,21.9,42,2,0,3,0,0,0,0,1
ML-01101,TRD,Transformer,5,94.17,33.86,6.6,68,2,2,1,1,0,0,0,0
ML-01102,TRD,Section Insulator,3,60.43,55.18,19.7,45,0,0,0,1,5,2,3,0
ML-01103,TRD,Section Insulator,2,82.23,27.6,9.1,158,1,0,4,1,6,3,1,0
ML-01104,S&T,Axle Counter,4,74.28,38.09,5.5,179,2,1,1,0,4,0,1,1
ML-01105,ENGINEERING,Track,5,66.9,57.89,9.6,105,1,0,2,1,2,1,2,0
ML-01106,TRD,OHE,3,83.19,35.15,10.1,161,1,0,3,1,3,1,0,0
ML-01107,TRD,OHE,3,92.62,31.67,7.0,148,2,0,2,1,2,2,1,0
ML-01108,ENGINEERING,Track,2,68.09,41.01,16.1,47,1,0,4,1,1,0,1,0
ML-01109,TRD,Section Insulator,5,72.54,57.28,11.1,34,3,1,4,1,3,3,1,1
ML-01110,S&T,Signal,3,85.39,37.25,16.6,156,2,1,3,0,2,2,1,0
ML-01111,S&T,Signal,4,86.65,36.81,8.5,66,1,1,2,0,2,2,0,0
ML-01112,TRD,Section Insulator,4,87.63,32.24,5.6,21,0,0,0,1,1,1,0,0
ML-01113,TRD,Transformer,5,71.83,54.8,5.6,149,1,1,3,1,7,4,1,0
ML-01114,TRD,OHE,3,63.29,68.24,19.8,217,1,0,1,0,6,3,3,0
ML-01115,S&T,Signal,2,76.1,38.13,11.0,164,1,0,2,1,4,1,1,0
ML-01116,ENGINEERING,Point & Crossing,3,97.41,28.93,9.2,129,1,1,2,0,1,0,1,0
ML-01117,ENGINEERING,Bridge,4,66.53,55.67,7.7,85,1,1,1,0,2,1,0,1
ML-01118,S&T,Axle Counter,4,60.86,59.9,21.3,23,0,0,0,1,4,3,1,0
ML-01119,S&T,Signal,4,92.14,40.64,5.2,120,1,1,3,0,5,1,4,0
ML-01120,TRD,Transformer,5,77.33,49.22,8.0,151,0,0,0,1,7,5,2,1
ML-01121,ENGINEERING,Bridge,4,67.68,62.3,21.0,87,1,0,3,1,2,1,1,0
ML-01122,S&T,Axle Counter,3,67.29,48.38,16.0,213,1,0,3,0,3,1,2,0
ML-01123,ENGINEERING,Track,3,71.76,51.02,14.5,175,5,0,3,0,4,2,1,0
ML-01124,ENGINEERING,Bridge,4,71.21,51.68,9.7,125,1,0,4,1,0,0,0,0
ML-01125,ENGINEERING,Track,3,66.77,43.3,8.6,113,3,2,3,0,2,1,0,1
ML-01126,ENGINEERING,Point & Crossing,3,87.31,32.63,6.4,117,1,0,1,0,0,0,0,0
ML-01127,S&T,Point Machine,3,62.66,46.14,16.3,41,1,1,1,0,4,3,1,0
ML-01128,ENGINEERING,Bridge,5,74.29,54.81,13.6,63,2,0,4,0,4,1,2,1
ML-01129,S&T,Axle Counter,4,59.91,62.86,15.7,63,2,0,4,1,5,3,3,0
ML-01130,S&T,Axle Counter,2,96.2,24.44,5.6,192,0,0,0,0,0,0,0,0
ML-01131,ENGINEERING,Point & Crossing,4,82.17,52.5,10.0,120,0,0,0,0,3,2,1,0
ML-01132,ENGINEERING,Bridge,5,72.73,46.91,7.1,156,0,0,0,0,4,2,2,0
ML-01133,ENGINEERING,Bridge,4,77.68,35.69,9.1,46,1,0,3,0,1,1,0,0
ML-01134,ENGINEERING,Point & Crossing,3,57.62,49.69,14.8,59,1,0,3,1,2,2,0,0
ML-01135,S&T,Point Machine,4,82.68,44.54,10.6,81,1,0,2,0,2,1,0,0
ML-01136,S&T,Signal,5,73.94,54.04,9.8,106,4,0,5,1,4,2,3,0
ML-01137,S&T,Point Machine,4,63.77,62.89,17.7,58,0,0,0,1,5,0,2,0
ML-01138,TRD,Section Insulator,1,79.22,25.97,10.1,96,1,0,3,0,3,2,0,1
ML-01139,TRD,OHE,4,63.74,55.13,18.1,71,1,0,3,1,2,2,0,1
ML-01140,ENGINEERING,Point & Crossing,4,71.32,51.56,12.0,151,1,0,2,0,1,1,0,0
ML-01141,ENGINEERING,Track,5,72.57,47.31,8.9,109,1,1,2,1,2,1,0,0
ML-01142,ENGINEERING,Track,4,69.29,47.85,14.4,77,0,0,0,0,1,0,1,0
ML-01143,ENGINEERING,Bridge,4,96.54,38.75,12.4,67,0,0,0,1,2,1,0,0
ML-01144,ENGINEERING,Bridge,4,79.45,41.59,5.4,136,0,0,0,0,4,1,0,0
ML-01145,TRD,Section Insulator,1,75.35,34.61,11.9,153,0,0,0,0,2,1,0,0
ML-01146,TRD,Transformer,5,73.28,50.36,8.7,22,0,0,0,0,4,3,0,0
ML-01147,ENGINEERING,Point & Crossing,3,59.38,60.01,22.0,17,0,0,0,0,5,2,2,0
ML-01148,ENGINEERING,Point & Crossing,5,85.3,45.57,6.9,128,2,0,2,0,1,1,1,0
ML-01149,TRD,Transformer,3,68.39,51.65,18.0,42,0,0,0,1,6,3,1,0
ML-01150,ENGINEERING,Bridge,1,98.98,12.06,5.5,59,0,0,0,1,3,1,0,0
ML-01151,TRD,Transformer,5,84.38,49.02,15.8,44,1,0,3,0,6,3,0,0
ML-01152,TRD,OHE,4,56.68,69.18,22.7,8,3,2,4,0,4,2,2,0
ML-01153,TRD,OHE,4,83.57,40.66,6.8,87,0,0,0,0,3,1,1,0
ML-01154,TRD,OHE,4,91.5,33.84,3.4,53,2,1,3,1,1,0,0,0
ML-01155,S&T,Point Machine,2,69.44,38.32,15.1,86,1,1,2,1,3,2,1,0
ML-01156,TRD,Section Insulator,3,84.33,28.93,8.0,86,0,0,0,1,3,2,0,1
ML-01157,TRD,Section Insulator,3,83.21,37.69,5.8,128,1,0,3,0,6,3,2,1
ML-01158,TRD,OHE,5,41.37,79.89,19.3,15,1,0,1,1,6,2,4,0
ML-01159,ENGINEERING,Track,4,71.65,50.72,20.1,35,2,2,2,0,1,0,0,0
ML-01160,ENGINEERING,Point & Crossing,3,66.34,53.78,14.3,39,1,0,1,1,3,1,0,0
ML-01161,TRD,Transformer,5,94.99,36.0,6.5,11,3,0,3,1,4,2,0,0
ML-01162,S&T,Axle Counter,4,64.03,57.04,14.0,126,2,1,4,1,5,3,3,0
ML-01163,S&T,Signal,3,57.72,52.03,20.3,129,2,2,3,1,2,0,1,0
ML-01164,TRD,Section Insulator,1,69.87,29.63,17.0,134,2,0,4,0,3,2,0,0
ML-01165,S&T,Axle Counter,3,58.57,52.59,12.9,207,2,1,3,1,3,1,0,0
ML-01166,ENGINEERING,Point & Crossing,4,55.92,64.18,18.3,132,0,0,0,0,3,1,1,0
ML-01167,ENGINEERING,Point & Crossing,3,99.01,21.87,4.5,60,1,0,3,0,1,1,0,0
ML-01168,TRD,OHE,4,84.74,38.86,8.3,43,0,0,0,0,4,2,1,0
ML-01169,S&T,Point Machine,5,71.16,52.8,12.1,184,0,0,0,0,2,1,0,0
ML-01170,ENGINEERING,Bridge,4,72.18,37.8,3.5,81,1,0,3,1,0,0,0,0
ML-01171,TRD,Transformer,5,59.03,79.56,30.0,135,3,1,2,1,3,2,1,0
ML-01172,TRD,Section Insulator,3,69.28,46.51,13.3,83,2,1,3,0,5,1,2,0
ML-01173,S&T,Signal,4,63.39,55.35,18.3,67,2,0,3,0,4,2,2,0
ML-01174,TRD,Section Insulator,4,79.7,47.57,9.5,76,2,0,3,0,4,2,3,0
ML-01175,S&T,Signal,4,87.62,34.89,4.9,75,0,0,0,1,2,1,0,1
ML-01176,ENGINEERING,Track,5,44.05,77.97,19.7,119,3,0,2,1,6,5,3,0
ML-01177,S&T,Signal,1,80.53,28.82,14.2,48,1,0,4,0,4,1,1,1
ML-01178,S&T,Point Machine,5,83.53,48.96,10.2,86,3,1,3,1,4,3,0,1
ML-01179,S&T,Signal,4,83.89,40.86,16.1,86,2,0,2,1,2,1,1,1
ML-01180,S&T,Point Machine,3,84.46,36.34,14.3,185,1,1,3,0,4,1,2,0
ML-01181,TRD,Transformer,1,85.45,25.45,6.2,86,1,0,3,0,0,0,0,0
ML-01182,TRD,OHE,3,82.48,40.63,16.1,120,3,0,1,0,3,1,2,0
ML-01183,ENGINEERING,Track,5,57.21,63.97,11.5,101,1,0,3,0,5,2,2,0
ML-01184,ENGINEERING,Bridge,3,69.76,44.65,16.0,37,1,0,1,1,7,1,1,0
ML-01185,ENGINEERING,Track,1,74.05,23.01,9.2,11,1,0,3,0,5,1,1,0
ML-01186,ENGINEERING,Bridge,5,78.62,58.64,11.7,96,1,0,2,0,4,1,4,0
ML-01187,TRD,OHE,2,64.49,50.38,21.0,71,4,1,2,0,4,1,2,0
ML-01188,S&T,Signal,2,81.29,20.83,12.3,54,0,0,0,0,6,0,0,0
ML-01189,ENGINEERING,Track,1,63.55,41.01,16.9,62,3,0,3,0,2,0,1,0
ML-01190,ENGINEERING,Point & Crossing,4,74.21,41.76,10.9,71,1,0,1,0,3,2,1,1
ML-01191,TRD,OHE,3,73.41,38.35,11.9,39,1,1,2,0,1,1,0,0
ML-01192,TRD,Transformer,3,68.0,44.31,13.7,125,2,1,4,0,3,2,1,0
ML-01193,S&T,Signal,5,63.03,59.36,12.7,37,0,0,0,1,3,3,1,0
ML-01194,S&T,Signal,2,85.91,26.28,6.0,123,2,0,3,0,7,1,0,0
ML-01195,ENGINEERING,Point & Crossing,4,90.13,39.74,6.4,144,0,0,0,0,9,2,1,1
ML-01196,ENGINEERING,Track,4,63.88,51.31,10.5,43,5,0,3,0,2,1,0,0
ML-01197,TRD,OHE,2,64.07,50.76,12.4,99,0,0,0,0,0,0,0,0
ML-01198,ENGINEERING,Point & Crossing,3,73.62,48.75,12.3,126,4,2,4,1,2,2,1,0
ML-01199,S&T,Signal,4,99.17,34.59,6.2,70,1,0,1,1,4,2,2,0
ML-01200,ENGINEERING,Point & Crossing,1,95.83,8.23,14.2,99,0,0,0,0,2,1,0,0
ML-01201,ENGINEERING,Point & Crossing,4,67.87,57.56,19.0,71,4,0,4,0,7,2,5,1
ML-01202,ENGINEERING,Point & Crossing,1,62.33,41.03,18.5,76,1,1,5,0,0,0,0,1
ML-01203,TRD,OHE,2,78.37,37.18,10.8,30,0,0,0,1,3,2,1,0
ML-01204,ENGINEERING,Bridge,5,81.87,48.45,9.3,9,2,0,3,1,3,1,1,0
ML-01205,ENGINEERING,Track,2,82.92,21.13,11.6,46,2,1,2,0,4,1,0,0
ML-01206,ENGINEERING,Point & Crossing,4,72.9,50.54,18.0,95,2,0,2,0,3,1,2,0
ML-01207,ENGINEERING,Track,1,76.64,41.99,15.2,81,0,0,0,0,4,2,1,0
ML-01208,S&T,Signal,3,69.14,51.12,20.8,106,0,0,0,0,4,2,2,0
ML-01209,S&T,Signal,4,87.55,32.76,8.0,173,1,1,2,1,4,2,2,1
ML-01210,ENGINEERING,Bridge,1,71.13,26.91,15.2,27,0,0,0,0,1,0,0,0
ML-01211,ENGINEERING,Bridge,3,89.06,25.4,8.4,33,2,0,3,0,3,1,1,0
ML-01212,S&T,Point Machine,3,78.03,36.1,8.6,118,1,0,3,0,3,2,1,1
ML-01213,S&T,Point Machine,4,66.03,57.8,13.8,56,1,1,3,0,5,0,2,0
ML-01214,S&T,Axle Counter,4,74.31,43.09,10.1,46,0,0,0,0,3,2,1,0
ML-01215,TRD,Transformer,3,78.73,40.15,13.3,203,1,0,2,1,2,1,0,0
ML-01216,S&T,Axle Counter,4,76.21,41.69,4.7,54,2,0,2,0,2,1,2,0
ML-01217,TRD,OHE,5,58.18,63.12,17.0,77,0,0,0,0,5,5,2,0
ML-01218,TRD,Transformer,2,60.84,50.0,22.6,157,1,0,3,0,5,1,1,1
ML-01219,ENGINEERING,Track,5,75.2,60.79,13.4,36,3,0,4,1,10,7,3,0
ML-01220,TRD,OHE,5,81.92,44.25,6.3,72,1,1,1,1,6,3,3,1
ML-01221,ENGINEERING,Track,1,59.56,47.85,25.6,58,0,0,0,1,4,3,0,1
ML-01222,ENGINEERING,Point & Crossing,4,47.57,71.23,19.5,123,2,0,3,1,5,3,1,0
ML-01223,TRD,OHE,4,61.48,66.25,14.7,89,5,1,2,1,6,3,4,0
ML-01224,S&T,Point Machine,2,100.0,15.24,3.8,114,2,1,3,0,4,0,0,0
ML-01225,TRD,Section Insulator,2,66.92,53.13,23.5,116,2,1,2,1,1,0,0,0
ML-01226,TRD,Section Insulator,2,54.65,52.25,21.5,20,2,1,3,0,3,3,3,0
ML-01227,S&T,Signal,4,66.55,48.67,14.9,58,1,1,3,1,5,3,2,1
ML-01228,ENGINEERING,Point & Crossing,4,83.39,35.37,5.3,80,2,0,2,0,4,3,1,0
ML-01229,S&T,Axle Counter,4,55.79,60.55,17.2,91,2,0,5,1,3,2,0,0
ML-01230,ENGINEERING,Track,1,66.59,41.71,26.5,172,0,0,0,0,5,1,1,0
ML-01231,ENGINEERING,Bridge,2,83.72,30.98,9.0,47,0,0,0,0,4,2,1,0
ML-01232,ENGINEERING,Point & Crossing,2,84.34,21.42,12.0,61,1,0,4,1,3,2,0,0
ML-01233,TRD,OHE,3,58.76,49.82,18.2,47,2,2,3,1,5,2,3,0
ML-01234,TRD,Transformer,3,59.17,62.81,30.0,143,0,0,0,1,2,2,2,0
ML-01235,ENGINEERING,Bridge,4,44.19,77.92,24.9,60,2,0,2,0,3,1,2,0
ML-01236,ENGINEERING,Bridge,3,89.34,22.61,5.7,34,2,0,2,0,2,0,1,0
ML-01237,TRD,Section Insulator,4,85.34,43.43,11.7,57,1,0,3,1,1,0,0,0
ML-01238,ENGINEERING,Point & Crossing,2,81.69,25.24,14.4,136,1,0,3,0,3,2,1,0
ML-01239,ENGINEERING,Bridge,4,94.9,40.51,6.5,168,1,0,3,0,1,1,0,0
ML-01240,ENGINEERING,Bridge,2,84.63,31.76,7.6,68,1,0,3,0,4,3,0,0
ML-01241,TRD,Transformer,2,92.57,21.56,9.8,19,0,0,0,0,0,0,0,0
ML-01242,S&T,Axle Counter,3,69.56,40.29,11.5,34,5,1,3,1,3,1,0,0
ML-01243,ENGINEERING,Point & Crossing,1,89.53,11.14,4.9,21,0,0,0,0,0,0,0,0
ML-01244,ENGINEERING,Bridge,5,62.42,63.51,14.4,125,3,2,2,1,1,1,1,0
ML-01245,S&T,Point Machine,4,68.68,55.82,10.5,101,3,2,3,0,3,2,2,1
ML-01246,ENGINEERING,Bridge,4,69.3,48.8,10.6,14,0,0,0,1,2,0,1,0
ML-01247,S&T,Axle Counter,3,77.96,43.22,19.3,47,1,0,3,0,2,1,1,0
ML-01248,S&T,Signal,2,57.35,57.09,27.2,81,0,0,0,1,5,3,1,0
ML-01249,ENGINEERING,Bridge,1,92.17,15.03,6.6,55,0,0,0,1,0,0,0,0
ML-01250,ENGINEERING,Point & Crossing,3,81.53,37.45,10.2,70,3,0,2,0,3,0,1,0
ML-01251,S&T,Signal,5,82.95,43.18,8.1,112,1,0,1,0,5,3,0,0
ML-01252,TRD,Transformer,4,92.63,26.39,6.1,77,3,0,1,0,4,1,1,0
ML-01253,TRD,Transformer,2,96.43,19.44,7.1,139,1,1,1,0,7,1,2,0
ML-01254,TRD,OHE,5,85.16,51.17,8.9,68,1,0,3,0,4,2,3,1
ML-01255,TRD,OHE,2,63.95,51.12,18.8,161,0,0,0,0,4,2,0,1
ML-01256,ENGINEERING,Track,2,63.28,47.12,21.8,43,0,0,0,0,4,1,0,0
ML-01257,ENGINEERING,Bridge,5,83.04,50.17,5.9,54,0,0,0,1,4,1,2,0
ML-01258,TRD,Section Insulator,4,74.35,40.08,4.8,59,1,1,2,1,4,2,1,1
ML-01259,ENGINEERING,Bridge,4,81.27,49.51,22.7,67,0,0,0,0,5,4,1,0
ML-01260,ENGINEERING,Point & Crossing,1,83.41,23.4,8.0,146,4,0,3,0,6,2,0,1
ML-01261,TRD,Section Insulator,3,80.96,33.1,3.3,92,5,0,3,0,3,1,2,0
ML-01262,S&T,Point Machine,4,68.79,57.56,16.1,49,0,0,0,0,1,0,0,1
ML-01263,ENGINEERING,Point & Crossing,4,71.67,57.73,11.9,181,0,0,0,0,3,0,1,1
ML-01264,S&T,Signal,3,76.12,46.52,9.8,93,5,0,3,0,6,4,0,0
ML-01265,ENGINEERING,Point & Crossing,2,70.48,42.89,15.1,17,0,0,0,0,8,2,4,0
ML-01266,TRD,Section Insulator,3,77.79,38.4,13.4,40,1,0,3,1,4,1,1,0
ML-01267,ENGINEERING,Bridge,3,58.82,68.36,18.0,48,1,1,3,1,4,3,1,0
ML-01268,TRD,OHE,4,59.03,75.03,27.7,164,2,1,2,1,3,2,2,1
ML-01269,S&T,Axle Counter,5,75.46,53.45,9.4,84,0,0,0,0,2,2,0,1
ML-01270,ENGINEERING,Point & Crossing,5,50.45,71.83,16.0,107,3,1,5,0,3,2,1,0
ML-01271,S&T,Signal,2,50.41,66.47,28.1,244,2,1,3,1,2,1,0,1
ML-01272,ENGINEERING,Track,3,92.09,20.52,4.1,46,2,0,3,0,4,2,1,0
ML-01273,S&T,Axle Counter,2,57.63,57.8,23.5,13,1,0,5,1,5,4,4,0
ML-01274,ENGINEERING,Point & Crossing,4,76.62,38.34,14.6,115,1,0,1,1,4,1,1,0
ML-01275,TRD,OHE,2,85.19,23.85,10.2,49,0,0,0,0,6,2,2,0
ML-01276,TRD,Section Insulator,4,81.52,41.96,11.2,138,1,0,2,1,6,1,3,0
ML-01277,S&T,Point Machine,3,84.98,25.64,4.2,30,0,0,0,1,1,0,0,0
ML-01278,S&T,Signal,3,60.89,53.05,21.2,41,2,0,2,1,1,0,0,0
ML-01279,TRD,Transformer,3,93.95,21.02,8.4,12,4,1,3,1,2,0,0,0
ML-01280,ENGINEERING,Bridge,2,68.38,42.22,11.1,55,1,0,4,0,3,1,2,0
ML-01281,TRD,OHE,4,88.0,36.63,7.7,177,0,0,0,1,5,1,2,1
ML-01282,ENGINEERING,Bridge,3,59.17,58.43,20.5,94,1,0,2,0,4,1,1,0
ML-01283,S&T,Signal,3,84.67,38.55,16.6,83,1,0,3,1,4,3,1,0
ML-01284,ENGINEERING,Point & Crossing,2,96.82,4.36,1.3,39,3,1,3,0,1,0,0,0
ML-01285,S&T,Axle Counter,4,70.06,52.82,12.0,22,1,0,1,1,4,2,1,0
ML-01286,S&T,Point Machine,1,91.68,29.36,13.0,70,1,0,3,0,1,1,1,0
ML-01287,TRD,Section Insulator,5,76.43,50.13,11.2,21,1,1,3,1,1,0,1,0
ML-01288,ENGINEERING,Point & Crossing,4,64.64,46.41,13.8,44,1,1,1,0,2,1,0,0
ML-01289,ENGINEERING,Track,3,43.49,73.74,25.5,35,2,0,4,1,1,1,0,0
ML-01290,S&T,Point Machine,3,94.52,37.36,5.8,30,2,0,1,0,1,0,1,0
ML-01291,S&T,Axle Counter,4,83.11,43.11,14.5,31,1,0,4,0,6,4,0,0
ML-01292,TRD,OHE,3,83.69,19.18,10.5,44,1,0,3,0,0,0,0,0
ML-01293,TRD,OHE,4,58.18,69.37,20.9,38,1,1,3,1,2,1,0,0
ML-01294,ENGINEERING,Track,3,71.86,34.16,6.7,46,1,0,3,1,2,2,0,0
ML-01295,TRD,Transformer,3,75.45,41.84,13.0,48,1,0,2,1,3,2,0,0
ML-01296,TRD,Section Insulator,2,87.39,22.5,8.0,35,2,0,3,0,4,1,1,0
ML-01297,S&T,Signal,5,77.14,51.09,12.2,120,0,0,0,0,4,3,1,0
ML-01298,ENGINEERING,Bridge,3,86.13,35.88,8.6,79,1,0,3,0,3,2,1,0
ML-01299,ENGINEERING,Track,1,76.52,30.52,15.4,52,2,0,2,0,1,0,0,0
ML-01300,ENGINEERING,Point & Crossing,3,75.21,48.62,13.8,135,2,1,3,0,7,4,1,0
ML-01301,S&T,Signal,4,68.79,54.35,19.4,37,2,0,4,0,4,2,1,0
ML-01302,S&T,Point Machine,4,62.26,63.09,21.0,71,1,0,2,1,1,0,1,0
ML-01303,S&T,Signal,3,50.31,68.33,26.5,127,2,0,1,1,5,3,4,1
ML-01304,S&T,Axle Counter,1,93.4,10.61,8.9,72,1,1,2,0,5,2,1,0
ML-01305,TRD,Section Insulator,5,66.2,58.02,9.2,112,1,0,3,0,3,2,1,1
ML-01306,TRD,OHE,3,72.85,35.82,4.3,73,1,0,5,0,3,2,1,0
ML-01307,ENGINEERING,Point & Crossing,1,83.85,13.68,8.3,39,0,0,0,0,1,0,0,0
ML-01308,TRD,Transformer,3,85.5,42.68,16.7,119,0,0,0,0,3,0,1,0
ML-01309,ENGINEERING,Bridge,3,59.88,53.84,21.8,124,4,1,3,1,2,1,0,0
ML-01310,S&T,Point Machine,4,76.7,41.53,7.1,121,2,0,1,0,4,3,1,0
ML-01311,S&T,Axle Counter,3,85.66,29.7,5.4,99,2,0,3,0,3,2,2,0
ML-01312,ENGINEERING,Track,3,74.33,40.67,12.2,151,2,0,4,0,4,2,1,1
ML-01313,S&T,Axle Counter,4,78.18,46.8,9.6,53,4,1,4,0,1,0,1,0
ML-01314,TRD,OHE,5,84.71,43.85,9.6,32,1,0,3,1,3,0,2,0
ML-01315,TRD,OHE,3,70.52,48.91,17.6,114,3,1,3,0,3,2,1,0
ML-01316,S&T,Point Machine,1,81.32,21.75,15.5,63,1,0,2,0,5,2,1,0
ML-01317,ENGINEERING,Bridge,4,87.06,37.27,6.3,91,2,0,2,0,1,0,0,0
ML-01318,ENGINEERING,Track,4,60.27,56.8,13.6,29,4,0,3,0,7,2,1,0
ML-01319,ENGINEERING,Track,5,72.95,41.63,7.0,41,0,0,0,1,3,2,1,0
ML-01320,ENGINEERING,Track,2,62.97,44.17,18.4,48,0,0,0,1,3,1,0,0
ML-01321,S&T,Point Machine,3,51.99,66.97,25.2,94,0,0,0,0,5,2,2,0
ML-01322,TRD,OHE,4,78.22,44.64,6.7,50,0,0,0,0,2,1,0,0
ML-01323,ENGINEERING,Bridge,2,92.07,26.9,10.6,78,3,1,3,0,1,1,0,1
ML-01324,ENGINEERING,Bridge,3,86.35,31.61,7.1,81,0,0,0,0,2,0,1,0
ML-01325,ENGINEERING,Track,3,72.88,37.94,13.2,46,1,0,3,1,1,1,0,0
ML-01326,ENGINEERING,Point & Crossing,1,54.56,42.54,26.0,55,3,1,2,0,6,2,1,0
ML-01327,ENGINEERING,Point & Crossing,2,50.3,57.14,15.6,77,0,0,0,1,4,2,2,0
ML-01328,TRD,OHE,4,70.6,45.45,11.7,28,2,0,3,0,5,2,2,0
ML-01329,S&T,Signal,4,100.0,32.07,5.7,39,1,0,1,1,7,2,3,0
ML-01330,ENGINEERING,Track,3,77.85,41.79,10.7,57,7,2,1,0,4,1,0,0
ML-01331,S&T,Axle Counter,4,82.98,37.35,9.5,98,3,0,3,0,3,0,1,0
ML-01332,ENGINEERING,Track,5,77.81,50.95,6.5,94,3,2,3,1,4,0,1,0
ML-01333,S&T,Point Machine,4,80.19,39.03,6.6,201,0,0,0,1,4,2,2,0
ML-01334,S&T,Axle Counter,1,74.34,40.92,11.1,108,0,0,0,0,5,1,1,0
ML-01335,TRD,OHE,3,85.49,27.19,10.8,27,0,0,0,0,3,0,0,0
ML-01336,TRD,Section Insulator,3,77.87,42.98,16.0,55,1,0,3,1,8,3,2,0
ML-01337,ENGINEERING,Track,3,70.29,45.79,15.8,128,1,0,3,1,2,1,1,0
ML-01338,TRD,Transformer,1,73.26,33.77,15.6,51,4,1,3,1,2,1,0,0
ML-01339,TRD,Section Insulator,5,48.29,76.95,23.3,78,6,3,2,1,7,5,3,1
ML-01340,TRD,Section Insulator,3,75.13,39.6,8.0,131,1,0,2,1,4,1,0,1
ML-01341,ENGINEERING,Bridge,4,52.89,66.02,28.3,38,2,0,3,1,3,1,2,0
ML-01342,TRD,Section Insulator,4,57.61,57.44,8.7,157,2,2,3,1,3,2,2,1
ML-01343,TRD,Transformer,3,82.67,29.66,8.0,147,3,1,4,0,5,2,1,0
ML-01344,ENGINEERING,Bridge,1,75.05,26.89,7.3,89,3,0,4,0,4,0,2,1
ML-01345,ENGINEERING,Track,1,100.0,14.61,9.1,41,1,0,1,0,3,1,1,0
ML-01346,TRD,Transformer,3,93.22,26.7,4.0,46,0,0,0,0,1,1,0,0
ML-01347,ENGINEERING,Track,4,74.95,46.63,8.0,76,1,0,4,1,2,1,0,0
ML-01348,ENGINEERING,Point & Crossing,2,81.1,40.04,14.9,50,0,0,0,0,4,3,1,0
ML-01349,ENGINEERING,Point & Crossing,3,73.94,42.72,7.6,37,1,1,2,0,3,1,1,0
ML-01350,S&T,Point Machine,3,71.51,35.9,10.8,52,1,1,5,1,3,1,0,0
ML-01351,ENGINEERING,Point & Crossing,2,86.62,24.58,9.7,42,1,0,2,0,3,2,1,0
ML-01352,TRD,Section Insulator,4,81.03,40.69,7.5,118,1,0,3,0,1,0,0,0
ML-01353,S&T,Point Machine,4,96.42,29.63,6.8,57,1,0,3,0,3,1,1,0
ML-01354,TRD,Transformer,2,76.83,38.76,19.6,110,2,1,2,1,2,1,1,0
ML-01355,S&T,Axle Counter,5,70.29,56.66,12.1,50,1,1,3,0,5,3,2,1
ML-01356,TRD,Section Insulator,3,59.82,55.82,20.4,102,0,0,0,1,3,3,0,0
ML-01357,S&T,Signal,2,75.0,53.05,22.1,97,1,0,2,1,2,1,0,0
ML-01358,TRD,Transformer,3,88.81,38.08,11.1,37,0,0,0,0,2,2,0,0
ML-01359,TRD,Transformer,3,61.56,49.74,14.6,177,2,1,3,0,2,1,0,0
ML-01360,S&T,Axle Counter,4,69.47,57.46,15.8,87,3,1,2,0,2,0,1,0
ML-01361,ENGINEERING,Point & Crossing,4,69.33,48.7,5.8,60,1,1,3,1,3,2,2,1
ML-01362,TRD,OHE,5,72.97,66.98,17.7,74,3,3,3,1,5,4,3,1
ML-01363,TRD,Section Insulator,3,75.72,40.67,11.3,20,0,0,0,1,5,3,2,1
ML-01364,ENGINEERING,Bridge,5,83.39,52.22,10.2,145,1,1,3,1,4,4,2,1
ML-01365,ENGINEERING,Track,4,87.71,38.71,6.2,59,1,1,3,0,2,1,0,0
ML-01366,S&T,Axle Counter,4,77.05,38.22,15.4,119,2,0,2,0,2,0,0,0
ML-01367,TRD,OHE,1,62.51,41.35,20.1,26,0,0,0,1,3,0,0,1
ML-01368,S&T,Signal,3,74.63,41.19,19.4,132,1,0,4,0,2,1,0,0
ML-01369,TRD,Transformer,4,70.12,55.84,16.9,74,1,0,3,0,1,1,0,0
ML-01370,ENGINEERING,Point & Crossing,1,69.98,25.21,10.4,158,1,0,3,0,5,2,0,1
ML-01371,ENGINEERING,Track,4,70.32,41.91,14.0,63,2,1,3,1,3,2,2,1
ML-01372,TRD,Section Insulator,2,75.44,30.51,11.6,137,4,0,3,1,4,3,3,0
ML-01373,ENGINEERING,Point & Crossing,4,85.31,29.11,6.6,86,0,0,0,0,5,1,0,0
ML-01374,TRD,Transformer,3,83.32,38.72,7.5,78,1,0,3,0,5,2,1,0
ML-01375,ENGINEERING,Track,3,84.64,36.33,11.9,25,0,0,0,1,2,0,0,0
ML-01376,ENGINEERING,Point & Crossing,3,79.35,32.87,11.0,139,0,0,0,0,2,2,1,0
ML-01377,ENGINEERING,Point & Crossing,2,60.87,56.81,19.4,82,4,1,3,0,3,2,3,0
ML-01378,TRD,OHE,4,66.56,50.47,17.3,44,1,0,3,1,2,2,0,1
ML-01379,TRD,Section Insulator,5,80.06,43.71,7.2,99,1,0,3,1,7,2,2,0
ML-01380,TRD,OHE,4,71.23,51.49,14.0,179,0,0,0,1,2,1,1,0
ML-01381,ENGINEERING,Point & Crossing,5,94.34,35.26,5.5,87,1,0,1,0,1,1,1,0
ML-01382,TRD,Section Insulator,1,82.31,33.13,9.5,92,1,0,3,1,2,1,1,0
ML-01383,TRD,Section Insulator,4,60.12,53.47,13.0,67,4,1,3,1,0,0,0,1
ML-01384,S&T,Signal,1,89.99,13.76,7.8,89,1,0,3,0,2,1,0,0
ML-01385,TRD,Transformer,4,73.26,51.16,11.9,68,0,0,0,0,4,3,2,0
ML-01386,ENGINEERING,Point & Crossing,4,86.73,37.99,6.1,92,1,0,2,1,3,1,2,0
ML-01387,TRD,Transformer,4,81.34,40.21,4.7,62,1,0,2,1,3,0,0,1
ML-01388,S&T,Signal,4,70.47,52.37,8.4,54,4,2,3,1,4,3,3,0
ML-01389,TRD,OHE,4,69.9,47.19,14.0,75,1,0,5,0,4,1,1,0
ML-01390,ENGINEERING,Track,3,88.85,44.85,9.7,119,0,0,0,1,4,1,2,0
ML-01391,TRD,Section Insulator,4,94.57,39.09,9.4,32,2,0,5,0,2,0,1,0
ML-01392,S&T,Axle Counter,3,83.09,27.44,4.1,65,2,0,3,0,3,2,1,0
ML-01393,ENGINEERING,Bridge,3,74.2,42.46,17.1,143,1,0,3,0,5,3,3,1
ML-01394,S&T,Signal,1,89.17,14.08,5.8,115,0,0,0,1,2,1,0,0
ML-01395,ENGINEERING,Track,3,83.64,38.99,6.7,76,0,0,0,0,3,0,1,1
ML-01396,TRD,Transformer,3,78.09,26.37,5.6,119,3,1,2,0,4,2,0,0
ML-01397,S&T,Point Machine,3,74.16,39.22,10.7,39,1,0,2,1,4,0,2,0
ML-01398,S&T,Signal,3,75.18,39.03,13.2,73,0,0,0,0,2,1,0,0
ML-01399,S&T,Point Machine,3,56.57,45.68,9.3,94,4,2,3,0,2,1,1,1
ML-01400,S&T,Axle Counter,5,47.46,85.64,25.5,27,2,1,3,1,5,3,4,1
ML-01401,TRD,OHE,1,75.41,24.79,12.4,112,2,1,3,0,2,0,1,0
ML-01402,TRD,Transformer,3,69.8,40.54,6.2,17,3,0,3,0,5,1,2,0
ML-01403,S&T,Signal,5,45.48,81.81,27.1,50,0,0,0,1,4,3,2,0
ML-01404,ENGINEERING,Point & Crossing,3,89.57,30.83,5.7,70,2,1,3,0,1,0,1,1
ML-01405,TRD,OHE,1,87.07,6.8,3.8,68,0,0,0,0,0,0,0,0
ML-01406,ENGINEERING,Bridge,2,86.02,12.79,1.3,18,1,0,4,1,1,0,0,1
ML-01407,S&T,Point Machine,4,84.66,40.84,6.3,258,3,1,4,0,2,0,0,0
ML-01408,S&T,Axle Counter,3,100.0,20.56,3.2,115,1,0,1,1,1,0,1,0
ML-01409,ENGINEERING,Track,4,69.03,42.5,8.3,131,2,1,1,1,3,2,0,0
ML-01410,TRD,OHE,2,78.26,16.61,9.7,118,1,0,5,0,1,0,0,0
ML-01411,S&T,Signal,4,65.93,50.91,9.3,57,2,0,5,1,1,0,1,0
ML-01412,ENGINEERING,Track,2,74.78,40.43,22.2,102,2,0,4,1,7,2,0,0
ML-01413,S&T,Point Machine,2,98.04,18.34,10.7,83,1,0,3,0,3,2,0,0
ML-01414,TRD,OHE,3,74.56,54.62,18.9,46,3,0,2,0,4,2,2,0
ML-01415,ENGINEERING,Track,2,95.35,20.13,3.5,66,2,0,2,1,1,0,0,0
ML-01416,TRD,Section Insulator,3,60.16,65.76,22.8,111,3,0,2,1,4,2,4,0
ML-01417,TRD,OHE,3,73.72,51.62,21.6,133,1,0,3,0,4,3,2,0
ML-01418,TRD,Transformer,1,70.36,28.93,10.4,68,3,1,3,0,4,1,1,0
ML-01419,ENGINEERING,Point & Crossing,4,84.23,29.99,7.3,110,1,0,4,0,2,0,1,0
ML-01420,ENGINEERING,Point & Crossing,4,78.39,40.85,10.2,34,3,0,1,0,3,0,1,0
ML-01421,TRD,Transformer,4,72.25,42.91,10.6,69,3,3,3,0,3,2,1,0
ML-01422,ENGINEERING,Point & Crossing,4,82.76,43.45,11.4,61,0,0,0,0,0,0,0,1
ML-01423,TRD,OHE,4,76.2,52.05,8.9,68,0,0,0,1,0,0,0,0
ML-01424,TRD,Transformer,2,78.65,37.51,15.6,143,0,0,0,0,1,1,0,0
ML-01425,S&T,Axle Counter,5,72.84,53.44,15.9,206,3,1,5,0,6,4,2,1
ML-01426,TRD,Section Insulator,5,71.59,50.02,9.3,163,0,0,0,0,4,3,1,0
ML-01427,TRD,OHE,1,88.67,22.49,5.9,77,2,1,3,0,2,0,1,1
ML-01428,S&T,Point Machine,3,82.37,31.06,8.0,135,1,0,3,1,2,2,1,0
ML-01429,S&T,Signal,4,53.4,62.78,16.1,63,4,2,3,0,3,2,1,0
ML-01430,S&T,Axle Counter,5,81.19,48.13,9.6,55,2,1,2,1,2,2,2,0
ML-01431,ENGINEERING,Point & Crossing,4,79.3,49.07,10.2,225,2,1,3,0,3,0,1,0
ML-01432,S&T,Axle Counter,4,80.62,37.01,5.9,32,0,0,0,1,2,1,0,0
ML-01433,S&T,Point Machine,1,86.75,14.82,8.6,140,2,0,3,0,2,0,0,0
ML-01434,S&T,Axle Counter,3,62.97,49.81,15.3,109,3,2,2,0,4,2,1,1
ML-01435,TRD,OHE,2,76.99,38.35,9.7,80,1,1,2,1,4,1,2,0
ML-01436,TRD,OHE,1,84.22,19.05,12.3,261,0,0,0,0,2,0,0,0
ML-01437,ENGINEERING,Track,3,100.0,16.42,3.9,40,0,0,0,0,1,1,0,0
ML-01438,ENGINEERING,Track,4,84.12,31.63,3.9,171,1,0,3,1,2,1,1,0
ML-01439,S&T,Point Machine,2,73.2,38.37,15.6,53,3,0,4,1,1,0,1,1
ML-01440,TRD,OHE,1,86.16,25.38,11.4,38,0,0,0,0,1,1,0,0
ML-01441,TRD,Section Insulator,2,77.96,32.3,10.7,79,1,0,3,0,3,0,0,0
ML-01442,ENGINEERING,Bridge,3,77.4,39.66,10.6,65,0,0,0,0,2,1,1,0
ML-01443,S&T,Point Machine,3,68.96,44.39,10.7,87,3,1,3,1,8,6,5,0
ML-01444,ENGINEERING,Track,4,54.15,71.14,23.9,31,3,0,4,1,2,1,1,0
ML-01445,ENGINEERING,Bridge,3,77.57,39.35,19.6,85,2,0,1,0,2,1,0,0
ML-01446,ENGINEERING,Point & Crossing,5,51.14,73.14,18.6,45,3,2,2,1,4,2,3,0
ML-01447,ENGINEERING,Bridge,2,58.0,52.98,12.7,81,1,0,2,1,2,1,0,1
ML-01448,TRD,OHE,5,70.18,56.77,8.4,126,0,0,0,1,5,2,2,0
ML-01449,S&T,Signal,4,73.92,45.99,12.2,152,3,1,3,1,2,2,0,0
ML-01450,TRD,Section Insulator,4,76.92,46.32,5.8,25,2,1,1,0,3,1,0,0
ML-01451,ENGINEERING,Bridge,5,92.44,33.25,4.3,74,2,0,2,0,1,1,0,0
ML-01452,S&T,Point Machine,4,56.14,64.01,30.0,61,2,2,3,0,3,1,2,0
ML-01453,S&T,Signal,2,86.13,33.29,13.1,45,1,0,2,0,4,1,0,0
ML-01454,ENGINEERING,Bridge,4,93.18,39.48,4.3,110,0,0,0,0,5,2,0,0
ML-01455,ENGINEERING,Track,4,82.73,48.41,9.8,36,1,0,3,1,3,2,1,0
ML-01456,S&T,Signal,3,67.14,43.2,12.5,111,0,0,0,0,4,1,1,0
ML-01457,ENGINEERING,Track,4,72.66,45.6,12.6,42,4,2,3,1,2,1,0,1
ML-01458,S&T,Point Machine,2,77.55,36.13,12.3,121,0,0,0,0,5,1,4,0
ML-01459,ENGINEERING,Point & Crossing,3,54.62,56.33,22.7,141,2,0,2,1,1,1,1,1
ML-01460,TRD,Transformer,2,76.43,38.18,13.1,16,3,2,1,0,1,0,0,1
ML-01461,S&T,Axle Counter,3,88.35,36.98,14.7,76,0,0,0,1,3,1,1,0
ML-01462,ENGINEERING,Point & Crossing,5,68.64,58.47,12.2,41,2,2,5,0,2,2,2,0
ML-01463,ENGINEERING,Point & Crossing,4,66.85,57.35,12.7,136,3,0,5,1,4,0,3,0
ML-01464,TRD,OHE,1,98.55,5.23,5.1,86,0,0,0,0,1,0,1,0
ML-01465,ENGINEERING,Point & Crossing,4,81.87,45.69,6.9,57,1,0,1,1,3,2,0,1
ML-01466,S&T,Axle Counter,3,88.3,27.31,6.0,82,1,1,3,0,1,1,0,0
ML-01467,ENGINEERING,Bridge,1,90.6,21.26,7.9,70,0,0,0,1,3,1,0,1
ML-01468,TRD,OHE,4,66.67,48.01,6.8,48,2,2,2,0,7,4,3,0
ML-01469,ENGINEERING,Track,5,80.98,50.49,7.7,205,2,1,5,0,3,1,1,0
ML-01470,S&T,Point Machine,4,89.02,37.22,13.6,102,0,0,0,1,1,0,0,0
ML-01471,ENGINEERING,Bridge,5,47.83,79.62,20.3,220,2,2,3,1,5,4,3,1
ML-01472,S&T,Point Machine,1,55.55,54.59,30.0,114,0,0,0,1,1,0,0,1
ML-01473,S&T,Point Machine,3,75.64,45.36,9.7,52,1,0,3,0,6,3,4,1
ML-01474,TRD,OHE,5,70.82,48.25,5.5,98,1,0,3,1,4,3,2,0
ML-01475,ENGINEERING,Track,4,87.0,35.91,7.4,35,2,1,3,1,5,1,2,0
ML-01476,ENGINEERING,Point & Crossing,3,94.76,26.29,7.0,59,1,0,3,0,6,1,0,0
ML-01477,ENGINEERING,Track,3,80.91,36.17,9.6,57,0,0,0,1,6,2,2,0
ML-01478,ENGINEERING,Track,3,83.97,45.27,18.2,42,1,0,3,0,2,0,1,0
ML-01479,TRD,Transformer,2,77.32,30.92,13.2,161,0,0,0,1,3,3,0,0
ML-01480,TRD,Section Insulator,2,54.59,48.83,24.1,33,1,0,3,1,1,1,1,1
ML-01481,S&T,Axle Counter,3,72.12,43.71,9.2,118,0,0,0,0,1,1,0,0
ML-01482,TRD,Section Insulator,3,89.22,32.62,3.4,154,2,0,3,0,4,0,1,0
ML-01483,S&T,Axle Counter,2,100.0,15.16,5.3,67,0,0,0,0,0,0,0,0
ML-01484,TRD,Section Insulator,4,79.9,40.56,13.7,33,2,0,3,1,2,0,0,1
ML-01485,S&T,Point Machine,4,56.76,60.93,13.2,158,1,0,3,0,2,1,1,1
ML-01486,ENGINEERING,Track,5,68.18,60.63,5.7,141,2,2,3,0,5,3,1,0
ML-01487,S&T,Point Machine,1,77.53,28.44,15.7,137,0,0,0,0,6,1,4,1
ML-01488,ENGINEERING,Track,3,84.85,39.7,9.8,68,0,0,0,0,2,1,1,0
ML-01489,TRD,OHE,3,77.12,32.0,10.0,89,2,0,3,1,5,1,0,0
ML-01490,S&T,Axle Counter,1,79.38,32.74,6.7,81,1,0,3,0,7,3,2,0
ML-01491,ENGINEERING,Track,4,75.36,50.28,10.0,158,1,0,5,1,4,2,0,0
ML-01492,ENGINEERING,Bridge,2,83.75,20.28,4.3,27,1,0,3,0,5,2,1,0
ML-01493,S&T,Point Machine,2,93.49,23.09,8.2,117,0,0,0,0,1,1,0,0
ML-01494,TRD,Section Insulator,3,53.81,57.29,19.6,34,3,1,5,0,3,2,1,0
ML-01495,S&T,Point Machine,2,72.89,36.0,10.9,155,0,0,0,0,2,1,0,0
ML-01496,S&T,Signal,4,68.85,54.25,15.3,73,1,0,4,0,2,1,1,1
ML-01497,TRD,Transformer,2,97.29,14.6,3.0,100,1,0,3,1,2,0,0,0
ML-01498,ENGINEERING,Point & Crossing,1,82.36,20.57,10.6,121,0,0,0,0,1,0,0,1
ML-01499,TRD,Transformer,2,55.15,58.29,26.3,47,2,1,3,0,4,3,0,0
ML-01500,S&T,Point Machine,2,88.22,24.3,10.4,94,1,0,3,0,1,0,0,0
ML-01501,ENGINEERING,Track,4,58.46,61.93,25.6,67,2,0,2,0,4,3,1,0
ML-01502,ENGINEERING,Track,4,59.01,45.38,10.7,18,3,0,3,0,2,0,0,0
ML-01503,S&T,Point Machine,5,83.15,43.84,6.6,93,2,1,3,1,1,0,0,0
ML-01504,TRD,OHE,2,59.27,53.64,17.6,53,2,1,3,0,1,1,1,0
ML-01505,ENGINEERING,Bridge,4,85.45,46.86,19.6,32,2,0,2,1,3,3,2,0
ML-01506,S&T,Point Machine,5,68.56,65.54,10.0,41,3,1,3,0,3,2,1,0
ML-01507,S&T,Axle Counter,3,90.65,27.78,6.9,163,2,1,3,0,3,0,0,0
ML-01508,ENGINEERING,Bridge,3,79.72,45.08,13.7,169,2,1,1,0,4,0,1,0
ML-01509,ENGINEERING,Bridge,3,84.69,38.54,8.3,216,1,0,3,0,3,2,0,0
ML-01510,ENGINEERING,Track,2,78.26,30.98,11.8,58,0,0,0,1,3,1,0,0
ML-01511,ENGINEERING,Point & Crossing,2,81.17,27.41,6.9,74,0,0,0,1,3,2,1,0
ML-01512,S&T,Point Machine,4,74.43,36.32,6.3,112,1,0,1,0,1,1,0,0
ML-01513,ENGINEERING,Bridge,3,100.0,21.92,8.9,87,0,0,0,1,2,0,0,0
ML-01514,S&T,Point Machine,5,73.72,55.67,11.8,28,3,1,4,1,7,4,4,1
ML-01515,ENGINEERING,Bridge,3,62.01,53.21,21.2,159,0,0,0,0,5,1,4,0
ML-01516,ENGINEERING,Point & Crossing,2,75.58,32.04,5.8,112,2,0,2,0,2,1,1,0
ML-01517,TRD,Section Insulator,2,65.35,42.06,12.7,50,0,0,0,1,2,0,1,0
ML-01518,TRD,Section Insulator,2,66.49,43.2,19.9,182,2,1,3,1,6,2,3,0
ML-01519,TRD,Section Insulator,3,74.3,42.58,14.8,45,1,0,3,0,4,2,3,0
ML-01520,S&T,Signal,5,62.19,65.77,15.2,46,0,0,0,0,5,3,1,1
ML-01521,ENGINEERING,Point & Crossing,5,93.9,32.69,7.3,106,2,0,3,0,6,4,4,0
ML-01522,TRD,OHE,4,76.0,48.57,9.5,109,1,0,3,0,3,1,1,0
ML-01523,ENGINEERING,Track,4,82.98,39.06,6.9,100,2,0,2,1,2,1,0,0
ML-01524,TRD,Section Insulator,4,81.48,31.71,8.7,126,1,1,2,1,2,1,0,0
ML-01525,ENGINEERING,Bridge,3,74.79,43.21,11.7,69,1,0,2,0,0,0,0,0
ML-01526,ENGINEERING,Track,3,76.43,38.34,9.3,55,1,0,1,0,2,1,0,0
ML-01527,TRD,Section Insulator,3,68.27,38.44,17.2,45,4,2,2,1,2,2,1,0
ML-01528,TRD,OHE,3,89.61,32.99,10.0,99,0,0,0,0,3,2,1,0
ML-01529,TRD,Section Insulator,5,71.23,53.96,6.4,52,0,0,0,0,2,2,0,0
ML-01530,ENGINEERING,Point & Crossing,2,90.13,23.31,9.3,56,4,1,3,1,2,2,0,0
ML-01531,ENGINEERING,Point & Crossing,3,67.55,54.7,15.6,40,4,1,3,0,3,1,0,1
ML-01532,TRD,OHE,2,63.25,58.9,18.9,74,3,1,3,0,6,4,2,0
ML-01533,TRD,Section Insulator,5,74.34,50.36,10.3,54,2,0,2,0,2,1,1,0
ML-01534,S&T,Signal,3,66.51,43.32,5.8,97,2,0,4,0,2,1,0,1
ML-01535,TRD,Section Insulator,4,66.41,51.16,15.5,95,0,0,0,1,7,3,0,0
ML-01536,ENGINEERING,Track,4,76.32,47.49,8.4,208,0,0,0,1,2,2,2,0
ML-01537,ENGINEERING,Bridge,3,80.78,30.31,6.6,233,2,0,3,0,6,3,0,1
ML-01538,ENGINEERING,Track,4,82.08,33.19,6.5,124,1,0,3,0,1,0,0,0
ML-01539,S&T,Point Machine,3,56.51,55.66,18.1,167,1,0,2,0,1,0,0,0
ML-01540,S&T,Axle Counter,3,78.95,31.88,7.9,108,1,0,1,0,2,1,1,0
ML-01541,S&T,Signal,2,63.67,51.86,16.9,70,2,1,2,1,8,6,4,0
ML-01542,ENGINEERING,Track,3,52.7,71.21,30.0,103,2,1,3,1,2,2,1,0
ML-01543,S&T,Axle Counter,5,90.37,34.13,3.3,22,1,0,2,1,3,2,2,0
ML-01544,ENGINEERING,Bridge,1,71.9,29.68,13.0,179,1,0,2,0,7,2,3,0
ML-01545,S&T,Signal,4,72.05,45.95,8.5,64,0,0,0,0,4,1,0,0
ML-01546,S&T,Axle Counter,5,93.6,48.29,3.0,42,1,0,2,1,4,2,1,0
ML-01547,TRD,OHE,4,65.94,59.84,18.8,128,0,0,0,0,2,2,2,0
ML-01548,TRD,OHE,3,49.66,63.51,17.9,116,0,0,0,1,1,1,0,0
ML-01549,TRD,Section Insulator,5,73.24,52.24,7.5,119,4,3,2,1,4,0,3,1
ML-01550,TRD,Transformer,1,79.91,24.24,10.2,22,0,0,0,1,3,1,2,0
ML-01551,ENGINEERING,Bridge,5,59.03,69.61,19.5,124,2,2,3,0,4,0,2,1
ML-01552,S&T,Axle Counter,4,88.33,33.71,6.4,164,0,0,0,1,2,1,1,0
ML-01553,ENGINEERING,Bridge,3,87.62,24.56,13.9,89,0,0,0,0,4,1,3,0
ML-01554,S&T,Signal,5,63.17,66.29,16.8,75,6,3,3,1,6,5,3,0
ML-01555,ENGINEERING,Track,4,74.43,56.09,18.0,162,4,2,3,0,4,1,0,0
ML-01556,ENGINEERING,Track,5,73.01,50.72,10.0,90,3,0,4,1,3,2,0,1
ML-01557,ENGINEERING,Bridge,1,62.73,37.6,17.3,103,0,0,0,1,2,1,1,0
ML-01558,ENGINEERING,Track,3,72.04,40.63,13.4,34,1,0,2,1,6,2,1,0
ML-01559,S&T,Axle Counter,4,77.44,40.95,9.7,123,2,2,3,0,2,0,1,1
ML-01560,S&T,Point Machine,4,44.31,74.65,27.6,61,2,1,3,0,2,1,1,0
ML-01561,ENGINEERING,Track,5,81.8,41.86,6.0,32,1,1,2,1,2,1,0,0
ML-01562,S&T,Axle Counter,3,56.87,57.36,17.2,82,0,0,0,0,1,0,1,1
ML-01563,TRD,Transformer,2,56.64,62.24,25.8,177,1,0,1,1,6,6,2,0
ML-01564,ENGINEERING,Track,3,81.76,37.94,11.1,129,2,1,2,1,4,1,1,0
ML-01565,ENGINEERING,Track,4,66.53,52.94,6.6,215,0,0,0,0,3,2,0,1
ML-01566,S&T,Axle Counter,4,64.73,54.2,17.4,89,2,1,5,1,3,2,1,0
ML-01567,ENGINEERING,Bridge,4,77.75,45.06,5.4,112,2,1,3,0,1,1,0,0
ML-01568,ENGINEERING,Track,4,78.2,40.53,6.2,38,1,0,4,1,2,0,0,0
ML-01569,ENGINEERING,Point & Crossing,4,58.99,57.56,16.9,98,2,0,1,0,3,2,2,1
ML-01570,S&T,Point Machine,4,66.56,51.94,12.6,107,1,1,2,0,7,2,1,0
ML-01571,TRD,OHE,1,85.14,26.19,10.1,193,0,0,0,0,3,1,0,0
ML-01572,ENGINEERING,Bridge,3,76.07,32.62,10.0,28,0,0,0,0,4,2,0,0
ML-01573,S&T,Signal,2,87.7,20.28,7.8,20,2,1,2,0,5,0,1,0
ML-01574,TRD,OHE,3,70.12,35.85,9.9,56,1,0,3,0,7,3,3,1
ML-01575,ENGINEERING,Track,2,78.62,30.0,7.8,53,0,0,0,0,1,0,0,0
ML-01576,ENGINEERING,Bridge,4,100.0,26.18,1.4,208,0,0,0,1,2,1,2,0
ML-01577,ENGINEERING,Track,4,66.13,46.31,11.9,177,0,0,0,0,0,0,0,0
ML-01578,TRD,OHE,5,61.52,62.02,17.2,76,5,3,3,0,7,6,4,1
ML-01579,S&T,Point Machine,4,84.18,45.53,5.2,139,0,0,0,1,3,2,0,0
ML-01580,TRD,Transformer,2,76.56,31.29,6.9,72,2,0,3,1,4,1,2,0
ML-01581,S&T,Point Machine,4,73.46,46.67,10.4,128,2,1,3,0,1,0,0,0
ML-01582,ENGINEERING,Bridge,2,74.18,41.88,14.7,24,1,0,3,0,2,0,1,0
ML-01583,ENGINEERING,Point & Crossing,2,47.76,54.92,25.8,90,0,0,0,0,3,2,1,0
ML-01584,ENGINEERING,Point & Crossing,5,35.55,82.69,25.5,127,5,2,3,1,7,6,3,1
ML-01585,TRD,OHE,3,71.09,40.98,15.7,58,2,0,3,1,3,1,1,0
ML-01586,S&T,Axle Counter,4,69.8,51.64,8.4,47,0,0,0,0,3,1,0,0
ML-01587,S&T,Axle Counter,4,81.77,50.36,11.8,7,6,1,3,0,0,0,0,1
ML-01588,ENGINEERING,Bridge,3,80.46,28.77,4.2,137,3,0,1,1,4,0,1,1
ML-01589,TRD,OHE,5,70.07,59.28,15.4,40,1,0,3,0,6,4,4,0
ML-01590,S&T,Point Machine,1,86.56,16.23,12.7,96,2,1,3,0,4,2,1,0
ML-01591,S&T,Axle Counter,5,61.39,62.75,13.0,33,1,1,4,0,2,1,1,0
ML-01592,S&T,Signal,3,55.2,55.98,19.4,42,4,0,2,0,6,4,3,0
ML-01593,TRD,OHE,2,82.26,39.32,8.4,23,0,0,0,0,5,2,2,1
ML-01594,TRD,OHE,2,96.9,22.78,6.9,73,1,0,3,0,3,1,0,0
ML-01595,ENGINEERING,Point & Crossing,2,72.14,49.51,24.0,76,1,1,1,0,1,0,1,0
ML-01596,S&T,Point Machine,5,81.6,53.52,10.2,24,2,0,3,0,4,1,1,0
ML-01597,ENGINEERING,Track,3,76.93,43.26,10.7,106,0,0,0,0,7,4,3,0
ML-01598,ENGINEERING,Point & Crossing,2,73.72,31.48,8.2,102,1,0,3,1,4,1,1,0
ML-01599,ENGINEERING,Bridge,1,68.58,31.1,14.9,118,1,1,3,0,5,2,1,0
ML-01600,ENGINEERING,Track,4,78.33,33.85,6.8,40,1,1,3,0,1,1,0,0
ML-01601,S&T,Point Machine,4,53.0,60.3,18.3,177,3,2,5,0,2,0,2,0
ML-01602,S&T,Axle Counter,5,75.61,47.37,9.0,88,1,0,3,0,6,3,1,0
ML-01603,S&T,Signal,3,78.09,29.5,13.7,87,3,0,3,1,2,1,1,0
ML-01604,S&T,Point Machine,4,81.73,48.12,6.7,75,2,0,3,0,6,5,2,1
ML-01605,S&T,Signal,2,75.19,30.31,8.6,72,3,1,3,0,3,2,1,0
ML-01606,S&T,Signal,4,59.47,60.03,21.7,78,2,1,3,0,1,0,1,0
ML-01607,ENGINEERING,Track,4,96.83,41.62,8.5,60,0,0,0,0,2,0,0,0
ML-01608,ENGINEERING,Bridge,3,45.63,70.76,28.3,73,1,0,3,0,4,4,1,0
ML-01609,TRD,OHE,2,57.17,46.2,19.2,92,0,0,0,0,2,2,1,0
ML-01610,TRD,OHE,3,86.46,34.77,8.2,37,0,0,0,0,3,1,1,0
ML-01611,ENGINEERING,Track,4,75.53,49.29,8.0,149,1,0,2,0,1,1,1,1
ML-01612,TRD,Transformer,3,76.83,46.74,10.4,137,1,0,3,0,3,1,2,0
ML-01613,ENGINEERING,Bridge,2,76.66,29.56,7.1,138,0,0,0,1,3,1,0,0
ML-01614,TRD,Section Insulator,4,63.6,48.18,15.0,63,1,1,1,0,2,2,0,0
ML-01615,TRD,Section Insulator,3,59.09,45.76,10.6,44,1,0,2,0,4,4,2,0
ML-01616,ENGINEERING,Bridge,3,100.0,23.15,7.8,33,1,0,2,0,1,1,1,0
ML-01617,TRD,Transformer,4,60.38,68.1,23.2,10,2,1,2,1,4,3,2,1
ML-01618,ENGINEERING,Bridge,2,85.51,22.28,4.3,86,2,0,3,0,3,1,0,1
ML-01619,S&T,Signal,4,76.95,47.13,10.0,116,2,1,3,1,3,0,1,0
ML-01620,ENGINEERING,Point & Crossing,4,66.33,49.47,9.2,256,1,0,5,0,2,0,0,0
ML-01621,ENGINEERING,Track,3,84.35,37.26,6.9,84,1,0,5,0,2,0,2,0
ML-01622,ENGINEERING,Track,4,70.02,47.16,11.1,65,0,0,0,1,3,2,1,0
ML-01623,ENGINEERING,Point & Crossing,3,93.26,29.68,7.8,21,0,0,0,0,2,0,0,0
ML-01624,TRD,OHE,5,78.88,63.16,13.7,37,1,1,5,0,2,2,1,1
ML-01625,TRD,Section Insulator,4,64.52,63.6,21.8,134,1,1,3,0,4,3,1,0
ML-01626,S&T,Signal,3,77.4,38.59,12.4,47,0,0,0,0,2,0,0,0
ML-01627,ENGINEERING,Bridge,3,80.29,48.56,18.3,32,1,0,3,1,0,0,0,0
ML-01628,ENGINEERING,Track,1,61.79,39.54,16.3,90,2,1,3,1,2,0,0,0
ML-01629,S&T,Signal,3,52.53,71.02,27.9,98,2,1,5,0,6,3,4,0
ML-01630,TRD,Section Insulator,2,51.4,65.78,26.8,79,2,0,3,0,6,3,5,1
ML-01631,ENGINEERING,Point & Crossing,4,76.94,37.41,9.0,79,2,1,3,0,2,1,1,1
ML-01632,TRD,Transformer,5,83.17,47.83,8.7,69,0,0,0,1,4,3,1,1
ML-01633,S&T,Signal,3,60.99,50.36,16.1,103,3,1,3,0,6,3,2,0
ML-01634,S&T,Signal,3,74.49,38.11,9.7,66,3,2,5,1,2,0,1,0
ML-01635,TRD,Transformer,5,69.01,54.58,16.4,95,0,0,0,1,5,3,1,0
ML-01636,TRD,Section Insulator,4,58.91,60.43,16.7,98,1,0,3,1,4,2,3,0
ML-01637,S&T,Signal,4,85.13,44.04,9.0,104,1,0,3,0,3,2,2,0
ML-01638,S&T,Point Machine,3,74.54,43.68,8.8,134,1,1,3,0,6,2,1,0
ML-01639,ENGINEERING,Track,4,70.1,38.94,8.6,53,2,1,1,1,3,1,0,0
ML-01640,TRD,OHE,5,61.04,61.11,14.5,48,1,1,4,1,4,1,2,1
ML-01641,ENGINEERING,Point & Crossing,2,95.7,32.38,4.7,91,0,0,0,0,1,0,0,0
ML-01642,S&T,Point Machine,2,75.67,33.91,11.4,154,2,1,3,0,6,2,1,1
ML-01643,S&T,Point Machine,4,77.77,44.97,11.1,158,3,1,3,1,1,1,1,0
ML-01644,TRD,Section Insulator,4,71.18,44.56,10.9,16,1,0,4,0,3,2,0,0
ML-01645,S&T,Axle Counter,3,67.03,40.95,13.0,123,2,1,1,1,1,0,0,0
ML-01646,ENGINEERING,Track,1,67.79,38.73,17.9,90,1,0,2,0,5,0,1,0
ML-01647,ENGINEERING,Bridge,1,95.56,11.66,4.1,96,2,1,3,0,4,3,0,0
ML-01648,TRD,Section Insulator,3,54.35,66.36,28.6,18,2,1,3,1,5,3,4,1
ML-01649,S&T,Point Machine,4,58.36,66.49,13.7,125,3,1,2,1,4,3,2,1
ML-01650,S&T,Axle Counter,3,69.24,41.32,12.5,45,2,0,2,0,4,0,2,0
ML-01651,ENGINEERING,Point & Crossing,5,81.59,51.55,6.7,160,0,0,0,0,1,1,0,0
ML-01652,TRD,Transformer,3,93.5,27.26,7.1,54,2,0,3,0,2,1,0,1
ML-01653,S&T,Axle Counter,3,74.08,45.2,10.8,68,0,0,0,1,0,0,0,0
ML-01654,ENGINEERING,Bridge,5,78.59,52.43,11.1,169,2,1,4,1,2,0,1,1
ML-01655,ENGINEERING,Point & Crossing,5,79.75,47.83,3.5,46,1,0,2,1,2,0,1,1
ML-01656,S&T,Axle Counter,3,45.61,68.38,23.4,84,4,1,2,1,1,1,1,0
ML-01657,TRD,OHE,4,66.69,50.61,14.4,12,2,0,1,1,5,3,1,0
ML-01658,ENGINEERING,Bridge,2,79.42,30.2,11.2,49,2,1,3,0,1,0,0,0
ML-01659,S&T,Point Machine,3,65.69,50.44,15.9,84,3,1,3,0,3,1,0,0
ML-01660,S&T,Axle Counter,4,82.15,43.93,7.1,142,2,0,1,0,4,0,0,0
ML-01661,ENGINEERING,Bridge,4,71.91,48.5,10.3,87,0,0,0,0,3,1,2,1
ML-01662,TRD,OHE,2,89.94,18.27,7.8,74,4,1,3,0,2,0,0,0
ML-01663,S&T,Signal,3,99.83,14.92,6.9,43,0,0,0,0,1,0,0,0
ML-01664,ENGINEERING,Point & Crossing,1,98.38,11.69,8.5,105,2,1,3,1,3,1,0,0
ML-01665,TRD,OHE,4,80.06,52.4,13.0,18,1,0,2,1,2,1,0,1
ML-01666,TRD,Transformer,5,84.5,31.76,2.3,27,2,1,2,0,5,2,1,0
ML-01667,S&T,Point Machine,3,73.72,36.86,13.7,243,0,0,0,0,2,1,1,0
ML-01668,TRD,Transformer,4,79.95,37.79,7.4,25,4,1,3,0,1,0,1,0
ML-01669,S&T,Axle Counter,3,68.7,45.59,12.3,139,0,0,0,1,3,0,1,0
ML-01670,S&T,Axle Counter,4,85.89,35.5,5.5,174,2,1,3,0,5,1,0,0
ML-01671,TRD,Transformer,4,67.79,44.98,15.0,126,1,0,3,0,1,0,0,0
ML-01672,S&T,Axle Counter,3,71.12,43.55,18.4,81,1,0,3,1,2,0,0,0
ML-01673,ENGINEERING,Bridge,3,86.1,26.42,6.4,22,2,1,3,0,2,0,0,0
ML-01674,S&T,Signal,4,82.03,42.46,10.6,165,2,0,3,0,2,2,0,0
ML-01675,ENGINEERING,Point & Crossing,3,81.87,37.35,15.6,88,1,1,1,0,5,2,0,0
ML-01676,ENGINEERING,Point & Crossing,4,78.7,38.44,11.4,52,0,0,0,1,5,1,1,0
ML-01677,TRD,OHE,3,73.36,38.0,10.2,126,3,2,4,0,7,1,2,0
ML-01678,S&T,Point Machine,3,70.55,59.27,15.6,81,1,0,2,1,4,2,3,1
ML-01679,TRD,OHE,1,93.17,12.83,7.1,161,1,0,3,0,3,1,1,0
ML-01680,ENGINEERING,Point & Crossing,5,88.68,29.1,6.5,80,3,0,4,0,9,3,0,0
ML-01681,S&T,Signal,2,87.02,17.83,8.9,64,1,0,3,0,2,0,1,0
ML-01682,ENGINEERING,Track,3,77.64,38.03,8.5,28,1,1,3,0,1,1,0,0
ML-01683,S&T,Signal,1,69.7,36.42,17.4,116,1,0,1,0,5,0,1,0
ML-01684,ENGINEERING,Track,4,74.23,49.57,12.6,42,1,1,2,0,3,1,2,0
ML-01685,ENGINEERING,Bridge,3,61.49,48.67,17.5,79,0,0,0,0,4,2,1,0
ML-01686,S&T,Point Machine,3,78.37,46.12,11.5,110,2,1,3,1,3,1,1,0
ML-01687,TRD,Section Insulator,2,78.44,29.03,11.2,90,1,0,5,0,6,3,1,0
ML-01688,S&T,Point Machine,3,80.95,32.5,3.9,58,0,0,0,0,1,0,0,0
ML-01689,TRD,Section Insulator,4,70.7,52.96,9.8,105,0,0,0,0,4,0,1,0
ML-01690,ENGINEERING,Point & Crossing,5,58.16,66.2,18.1,65,1,1,3,0,4,4,2,0
ML-01691,ENGINEERING,Bridge,5,47.69,66.74,11.1,80,1,1,2,1,2,2,1,0
ML-01692,S&T,Point Machine,3,80.8,44.68,14.9,103,0,0,0,0,2,0,0,0
ML-01693,S&T,Signal,1,82.93,19.98,8.8,63,0,0,0,0,3,1,0,0
ML-01694,ENGINEERING,Point & Crossing,3,84.76,31.99,6.9,210,2,1,3,1,3,1,1,0
ML-01695,S&T,Axle Counter,3,66.39,56.7,16.8,90,2,1,3,0,3,1,1,0
ML-01696,TRD,Transformer,5,84.2,40.66,8.4,215,1,0,4,0,3,1,1,1
ML-01697,TRD,OHE,3,83.29,36.92,11.3,75,0,0,0,0,3,1,1,0
ML-01698,S&T,Signal,3,81.55,37.01,11.8,96,1,0,3,0,3,1,0,0
ML-01699,TRD,Section Insulator,3,64.42,51.22,7.0,102,0,0,0,0,5,2,1,0
ML-01700,S&T,Point Machine,4,89.91,39.09,11.4,52,2,0,2,1,2,2,2,0
ML-01701,ENGINEERING,Point & Crossing,3,84.5,38.67,5.9,160,0,0,0,1,2,1,0,0
ML-01702,S&T,Axle Counter,4,87.01,34.35,6.7,133,2,1,1,0,3,1,1,0
ML-01703,S&T,Point Machine,3,82.81,36.29,13.5,164,2,1,1,0,2,1,0,0
ML-01704,ENGINEERING,Track,3,55.75,47.46,10.9,121,1,0,1,0,4,3,0,0
ML-01705,ENGINEERING,Bridge,5,73.36,54.05,11.7,63,2,0,4,1,7,3,3,0
ML-01706,ENGINEERING,Track,4,57.98,55.95,15.7,122,2,0,2,1,3,2,1,0
ML-01707,ENGINEERING,Bridge,1,72.88,27.14,8.1,137,1,1,4,1,2,0,1,0
ML-01708,ENGINEERING,Bridge,5,83.65,43.31,6.6,32,0,0,0,1,3,0,1,0
ML-01709,TRD,Transformer,5,78.66,40.33,5.5,96,2,0,3,1,3,2,1,0
ML-01710,TRD,Transformer,5,81.04,47.68,12.2,78,1,0,2,0,7,4,3,0
ML-01711,TRD,OHE,2,68.1,41.16,16.4,40,1,0,2,1,2,2,0,0
ML-01712,TRD,OHE,3,82.48,37.7,9.0,111,1,0,2,1,2,0,0,0
ML-01713,ENGINEERING,Track,5,71.14,63.45,8.3,39,1,1,3,0,9,3,4,0
ML-01714,S&T,Axle Counter,5,79.76,42.85,6.9,87,3,2,1,1,1,1,0,0
ML-01715,ENGINEERING,Track,3,66.82,61.51,21.7,41,2,0,4,1,7,3,2,0
ML-01716,ENGINEERING,Track,1,82.17,23.89,16.0,60,0,0,0,0,1,0,0,0
ML-01717,S&T,Axle Counter,4,76.57,36.13,5.5,57,0,0,0,1,1,1,1,0
ML-01718,ENGINEERING,Bridge,3,77.68,34.32,12.4,24,4,1,3,1,1,1,1,0
ML-01719,ENGINEERING,Bridge,4,65.43,52.77,10.4,41,2,0,4,1,3,2,2,0
ML-01720,ENGINEERING,Bridge,2,87.36,28.9,7.1,224,1,0,3,1,3,0,0,0
ML-01721,TRD,Section Insulator,3,84.6,38.64,5.7,152,0,0,0,0,4,2,1,0
ML-01722,S&T,Signal,5,72.39,53.53,4.7,38,2,1,3,1,5,1,1,0
ML-01723,S&T,Axle Counter,3,77.11,51.27,17.9,118,3,0,3,0,5,2,2,0
ML-01724,ENGINEERING,Bridge,3,80.96,38.54,9.8,51,1,0,3,1,4,1,1,0
ML-01725,S&T,Point Machine,1,63.43,46.15,19.6,151,2,1,3,0,3,2,2,0
ML-01726,ENGINEERING,Point & Crossing,4,54.41,71.59,24.4,105,3,1,3,0,5,4,2,0
ML-01727,S&T,Signal,1,70.1,38.91,16.3,30,1,0,3,0,2,2,0,0
ML-01728,S&T,Axle Counter,4,67.27,51.8,11.1,157,1,0,4,1,3,2,1,1
ML-01729,TRD,OHE,4,82.92,33.3,8.0,235,1,0,3,0,1,0,0,0
ML-01730,ENGINEERING,Track,3,85.36,27.37,4.3,96,0,0,0,0,3,0,0,0
ML-01731,S&T,Axle Counter,4,84.84,37.25,11.1,115,2,1,2,1,3,3,1,0
ML-01732,ENGINEERING,Point & Crossing,2,80.39,32.73,12.4,69,1,0,1,1,3,2,0,1
ML-01733,S&T,Axle Counter,3,84.38,42.23,6.4,41,2,0,3,1,1,0,0,0
ML-01734,TRD,Section Insulator,4,95.0,27.96,6.1,174,0,0,0,1,2,0,0,0
ML-01735,TRD,Transformer,1,66.48,32.65,14.2,21,1,1,1,0,1,1,0,0
ML-01736,ENGINEERING,Track,3,74.25,49.97,11.4,113,0,0,0,0,3,2,2,0
ML-01737,TRD,Transformer,3,81.59,29.46,7.2,88,2,0,2,0,0,0,0,0
ML-01738,S&T,Axle Counter,4,78.84,40.25,4.9,30,0,0,0,1,4,3,1,0
ML-01739,TRD,OHE,3,79.46,42.55,10.8,48,2,1,2,0,7,2,3,0
ML-01740,ENGINEERING,Track,3,87.16,31.63,6.0,67,0,0,0,0,2,1,1,0
ML-01741,ENGINEERING,Track,4,87.89,39.54,10.4,48,2,0,3,0,4,2,1,0
ML-01742,ENGINEERING,Track,2,80.83,22.59,8.2,108,1,0,5,0,3,1,0,0
ML-01743,TRD,Transformer,5,66.32,40.61,5.2,112,5,2,3,0,3,2,1,0
ML-01744,ENGINEERING,Bridge,3,83.82,24.07,4.6,98,3,2,2,1,1,0,0,0
ML-01745,TRD,Transformer,3,100.0,20.37,5.0,159,0,0,0,0,5,4,0,0
ML-01746,TRD,Section Insulator,2,79.26,30.87,10.6,77,1,0,3,0,3,2,0,0
ML-01747,TRD,Section Insulator,1,57.35,38.21,17.6,82,1,1,3,0,3,2,0,0
ML-01748,S&T,Axle Counter,2,59.89,48.14,22.5,45,0,0,0,1,1,1,1,0
ML-01749,TRD,OHE,1,69.85,36.91,20.1,52,0,0,0,1,4,3,2,0
ML-01750,TRD,OHE,4,61.95,59.85,18.7,58,1,0,2,0,4,3,3,0
ML-01751,S&T,Signal,4,83.14,39.84,9.3,110,1,0,2,0,2,0,1,0
ML-01752,TRD,Transformer,2,57.14,49.01,20.3,143,2,0,3,0,1,0,1,1
ML-01753,ENGINEERING,Bridge,2,70.21,45.82,10.5,12,1,0,4,1,1,0,0,0
ML-01754,S&T,Axle Counter,3,77.86,39.92,13.9,173,0,0,0,0,1,1,0,0
ML-01755,TRD,Transformer,4,76.01,47.86,12.6,113,1,0,3,0,2,1,0,0
ML-01756,S&T,Signal,4,78.96,39.55,13.8,75,1,0,2,0,0,0,0,0
ML-01757,S&T,Axle Counter,4,87.69,40.3,7.6,35,2,0,3,1,4,1,1,0
ML-01758,TRD,OHE,3,73.66,47.02,8.9,277,3,0,2,0,2,1,0,0
ML-01759,TRD,Section Insulator,5,75.31,50.36,9.3,50,2,0,5,0,2,2,0,1
ML-01760,TRD,Transformer,4,90.78,33.97,6.4,28,0,0,0,0,3,1,1,0
ML-01761,S&T,Signal,4,58.75,62.77,15.4,78,1,0,2,1,1,1,0,0
ML-01762,S&T,Axle Counter,3,86.68,37.14,6.5,105,0,0,0,0,4,1,0,0
ML-01763,TRD,Section Insulator,4,59.04,51.28,20.1,147,1,0,1,0,2,1,0,0
ML-01764,ENGINEERING,Track,1,81.98,25.51,11.1,150,0,0,0,0,4,2,0,0
ML-01765,TRD,Section Insulator,1,80.16,36.8,12.0,105,1,0,2,1,5,1,1,1
ML-01766,TRD,OHE,4,71.13,49.43,11.4,139,3,1,2,1,2,0,1,0
ML-01767,S&T,Signal,4,70.9,48.38,14.9,93,1,0,3,0,4,3,1,0
ML-01768,S&T,Axle Counter,4,52.81,58.96,9.7,19,4,1,3,1,2,2,1,0
ML-01769,S&T,Axle Counter,4,50.56,63.64,17.7,18,1,1,1,0,4,2,0,1
ML-01770,TRD,OHE,3,66.0,50.45,17.1,150,1,0,1,0,4,2,3,1
ML-01771,TRD,OHE,4,73.15,42.48,15.6,73,2,0,3,1,6,2,3,1
ML-01772,S&T,Signal,4,85.53,35.36,5.9,196,2,0,4,0,3,0,1,0
ML-01773,TRD,OHE,1,88.2,18.97,9.5,47,2,0,3,0,5,1,0,0
ML-01774,TRD,Transformer,4,79.95,49.01,10.3,185,2,0,3,0,7,2,2,0
ML-01775,TRD,Transformer,3,67.25,41.68,6.6,82,2,1,4,0,4,1,0,1
ML-01776,ENGINEERING,Point & Crossing,4,100.0,27.21,7.4,65,0,0,0,0,3,0,1,0
ML-01777,S&T,Point Machine,2,70.06,40.26,12.1,48,1,0,3,1,2,1,0,0
ML-01778,TRD,Section Insulator,4,79.68,42.59,11.7,31,3,0,3,0,3,0,1,0
ML-01779,S&T,Axle Counter,3,87.45,20.58,3.1,33,1,0,1,1,2,0,0,0
ML-01780,S&T,Point Machine,1,73.31,31.6,9.0,64,4,0,2,0,2,1,0,0
ML-01781,ENGINEERING,Point & Crossing,4,54.93,76.99,19.3,326,2,2,4,1,2,2,0,1
ML-01782,S&T,Axle Counter,3,82.02,44.99,12.1,53,1,0,5,0,1,0,0,0
ML-01783,ENGINEERING,Bridge,1,87.55,24.28,8.7,97,0,0,0,0,3,2,2,0
ML-01784,S&T,Axle Counter,3,78.44,36.27,7.2,61,0,0,0,1,1,0,0,0
ML-01785,S&T,Point Machine,1,91.99,9.12,11.1,91,1,0,3,0,1,0,0,1
ML-01786,ENGINEERING,Track,3,81.39,33.12,8.3,24,0,0,0,0,1,1,1,0
ML-01787,S&T,Signal,5,73.94,65.51,11.4,69,2,0,5,1,4,3,2,0
ML-01788,S&T,Axle Counter,3,64.02,45.04,8.6,120,7,2,4,1,4,3,2,0
ML-01789,ENGINEERING,Point & Crossing,3,67.98,43.41,10.7,176,0,0,0,0,2,1,1,0
ML-01790,ENGINEERING,Point & Crossing,5,87.67,47.61,8.4,33,1,0,5,0,2,0,1,0
ML-01791,S&T,Point Machine,3,89.78,28.08,3.2,111,2,0,2,1,4,3,1,0
ML-01792,ENGINEERING,Point & Crossing,4,60.18,53.99,20.5,122,0,0,0,0,8,4,3,0
ML-01793,ENGINEERING,Track,5,80.0,33.33,5.4,55,3,0,2,0,3,1,1,1
ML-01794,ENGINEERING,Point & Crossing,3,78.82,39.1,7.3,30,1,0,2,0,3,3,1,0
ML-01795,ENGINEERING,Point & Crossing,1,46.79,48.01,28.4,129,2,0,3,0,2,1,0,0
ML-01796,TRD,Transformer,4,70.58,42.02,10.7,96,2,1,3,1,1,0,0,0
ML-01797,S&T,Axle Counter,3,73.36,42.9,12.2,132,3,1,5,1,3,2,2,0
ML-01798,ENGINEERING,Bridge,1,70.94,27.9,10.9,128,1,0,3,1,3,1,1,0
ML-01799,S&T,Point Machine,1,83.59,15.83,11.7,73,0,0,0,0,4,3,1,0
ML-01800,S&T,Signal,3,92.93,42.38,7.5,103,0,0,0,1,2,0,1,1
ML-01801,ENGINEERING,Track,4,71.36,56.66,10.7,97,4,1,3,0,2,1,2,0
ML-01802,ENGINEERING,Point & Crossing,2,79.55,35.34,11.0,38,0,0,0,0,2,1,0,0
ML-01803,ENGINEERING,Track,4,83.27,49.86,12.7,31,1,0,3,0,8,4,2,0
ML-01804,ENGINEERING,Point & Crossing,3,86.84,30.76,8.2,47,0,0,0,0,3,1,0,0
ML-01805,ENGINEERING,Bridge,4,80.51,32.28,8.1,51,2,0,3,0,2,1,0,0
ML-01806,S&T,Signal,1,82.75,18.29,11.1,39,0,0,0,0,2,1,0,0
ML-01807,TRD,Section Insulator,4,82.06,36.51,10.3,151,2,0,3,0,3,0,1,0
ML-01808,TRD,Section Insulator,4,70.39,49.68,9.1,90,0,0,0,0,2,1,1,0
ML-01809,ENGINEERING,Bridge,4,55.39,57.48,17.3,116,1,0,2,1,8,7,2,0
ML-01810,S&T,Axle Counter,5,94.85,38.91,3.0,108,1,0,2,0,6,2,3,0
ML-01811,S&T,Axle Counter,3,84.18,33.7,8.2,79,1,1,3,0,2,1,1,1
ML-01812,S&T,Signal,2,85.55,30.86,19.1,12,3,1,2,0,1,1,0,0
ML-01813,ENGINEERING,Bridge,3,65.88,38.15,8.9,139,1,0,3,0,0,0,0,0
ML-01814,ENGINEERING,Track,5,89.26,38.47,7.4,195,0,0,0,0,5,3,1,0
ML-01815,ENGINEERING,Point & Crossing,5,72.99,51.61,12.0,37,1,1,2,1,4,3,1,1
ML-01816,S&T,Signal,1,81.35,15.95,7.8,74,0,0,0,0,1,1,0,0
ML-01817,S&T,Signal,4,72.97,42.32,6.8,88,1,0,3,0,6,2,4,1
ML-01818,S&T,Axle Counter,4,77.52,34.2,8.1,76,1,0,3,1,2,1,1,0
ML-01819,ENGINEERING,Bridge,3,71.64,44.05,8.6,136,0,0,0,0,2,0,1,0
ML-01820,TRD,Transformer,4,97.91,30.05,5.7,97,2,1,2,0,7,4,3,1
ML-01821,ENGINEERING,Track,5,81.03,43.68,12.6,33,3,1,1,1,9,4,2,0
ML-01822,S&T,Signal,5,72.47,65.73,20.7,60,1,0,3,0,4,3,3,1
ML-01823,ENGINEERING,Bridge,5,80.96,51.42,14.0,61,1,0,3,1,4,4,0,0
ML-01824,ENGINEERING,Track,4,51.8,62.71,19.7,166,3,0,3,0,6,4,5,1
ML-01825,ENGINEERING,Bridge,4,84.45,49.16,9.6,134,1,1,3,1,2,2,0,0
ML-01826,S&T,Signal,4,81.55,46.7,10.2,81,2,2,5,1,4,1,1,1
ML-01827,S&T,Axle Counter,3,61.23,56.77,18.4,46,1,0,3,0,4,2,1,0
ML-01828,ENGINEERING,Track,1,78.15,20.23,6.8,55,0,0,0,0,3,0,1,0
ML-01829,S&T,Axle Counter,1,84.65,25.01,9.7,68,0,0,0,0,0,0,0,0
ML-01830,S&T,Point Machine,2,87.67,21.37,12.2,59,0,0,0,0,1,1,0,1
ML-01831,S&T,Signal,3,80.66,44.16,15.9,62,1,0,2,0,0,0,0,0
ML-01832,S&T,Point Machine,1,82.18,33.85,14.5,63,1,0,3,0,4,1,0,0
ML-01833,TRD,Transformer,3,81.79,36.61,7.3,34,1,0,3,0,2,2,1,0
ML-01834,ENGINEERING,Bridge,2,72.98,41.22,14.1,50,3,2,5,1,3,1,1,0
ML-01835,ENGINEERING,Point & Crossing,3,77.69,45.55,16.9,78,1,0,4,0,4,1,1,0
ML-01836,ENGINEERING,Track,4,95.85,34.98,6.8,135,2,1,3,0,4,3,0,0
ML-01837,S&T,Point Machine,2,77.57,35.26,5.1,45,3,2,1,0,4,1,2,0
ML-01838,TRD,Section Insulator,1,87.94,32.67,17.9,198,0,0,0,0,5,2,2,0
ML-01839,TRD,Transformer,5,77.83,50.26,15.6,16,0,0,0,0,5,1,2,1
ML-01840,ENGINEERING,Point & Crossing,2,81.01,28.75,3.8,97,2,0,3,0,5,4,0,0
ML-01841,S&T,Axle Counter,1,78.8,26.96,9.7,34,0,0,0,1,1,0,0,0
ML-01842,TRD,Section Insulator,3,52.92,61.48,25.4,122,4,0,3,0,3,0,1,0
ML-01843,TRD,Section Insulator,5,73.27,60.9,10.2,48,0,0,0,1,4,2,3,0
ML-01844,S&T,Axle Counter,2,94.23,20.38,7.1,44,0,0,0,0,2,0,0,0
ML-01845,ENGINEERING,Bridge,1,95.8,15.15,4.8,74,2,0,3,0,3,2,0,0
ML-01846,ENGINEERING,Point & Crossing,2,86.82,31.15,9.6,44,1,0,3,0,5,1,2,0
ML-01847,ENGINEERING,Point & Crossing,4,83.81,46.22,10.8,61,1,0,3,0,2,0,0,0
ML-01848,ENGINEERING,Bridge,3,80.42,40.31,10.3,149,0,0,0,1,1,0,0,0
ML-01849,S&T,Axle Counter,4,75.94,45.09,7.2,105,0,0,0,0,3,2,0,0
ML-01850,S&T,Point Machine,5,76.38,55.55,5.9,55,1,1,3,1,4,1,2,0
ML-01851,ENGINEERING,Point & Crossing,3,83.41,38.49,8.3,102,2,0,3,0,4,3,1,0
ML-01852,ENGINEERING,Bridge,2,75.58,40.97,17.3,211,0,0,0,0,5,4,1,1
ML-01853,TRD,OHE,4,57.95,71.13,24.0,130,0,0,0,0,5,3,3,0
ML-01854,TRD,Transformer,4,78.04,42.34,10.6,92,1,0,3,0,3,2,1,1
ML-01855,TRD,OHE,4,50.58,73.56,22.7,17,1,0,2,1,7,6,3,0
ML-01856,TRD,OHE,4,78.9,46.41,9.3,53,2,0,3,1,2,2,1,0
ML-01857,S&T,Signal,4,71.86,52.85,12.6,150,1,0,3,0,5,3,1,0
ML-01858,ENGINEERING,Point & Crossing,3,70.26,46.84,13.8,71,4,0,3,0,4,2,4,0
ML-01859,ENGINEERING,Bridge,5,82.03,46.64,7.2,22,0,0,0,0,2,1,1,0
ML-01860,TRD,OHE,3,88.07,30.49,7.9,76,0,0,0,1,2,0,0,0
ML-01861,S&T,Signal,1,84.64,21.85,12.6,187,1,0,3,1,6,1,0,0
ML-01862,ENGINEERING,Point & Crossing,3,75.73,37.86,9.8,101,2,1,5,0,2,1,1,1
ML-01863,TRD,Section Insulator,5,69.96,56.89,10.5,95,0,0,0,1,4,1,3,0
ML-01864,S&T,Signal,4,92.51,30.38,1.0,43,0,0,0,0,1,0,1,0
ML-01865,S&T,Signal,5,71.96,57.42,7.1,71,2,0,3,0,2,2,0,0
ML-01866,S&T,Axle Counter,4,81.61,37.94,7.1,50,3,2,3,0,6,3,3,0
ML-01867,TRD,Transformer,2,95.3,13.32,6.0,146,1,0,3,0,6,0,0,0
ML-01868,TRD,Section Insulator,4,76.87,43.03,14.1,34,2,1,3,1,4,2,2,0
ML-01869,TRD,Section Insulator,2,93.0,16.85,9.7,60,1,0,3,0,3,0,0,0
ML-01870,ENGINEERING,Track,1,79.59,27.25,8.7,64,1,0,3,0,3,1,1,0
ML-01871,ENGINEERING,Point & Crossing,3,87.6,30.25,6.9,59,1,0,1,0,5,2,1,0
ML-01872,S&T,Signal,4,85.73,44.26,10.8,61,1,0,1,1,4,3,2,0
ML-01873,ENGINEERING,Track,4,71.3,49.09,20.2,140,1,0,1,0,5,4,3,0
ML-01874,ENGINEERING,Track,4,69.03,53.58,12.1,43,1,1,3,1,3,2,1,1
ML-01875,TRD,OHE,2,89.29,25.88,5.6,66,0,0,0,0,2,0,0,0
ML-01876,S&T,Point Machine,3,73.74,42.04,10.7,231,1,0,2,0,3,1,1,0
ML-01877,TRD,Section Insulator,3,87.37,25.62,5.7,82,3,0,2,0,5,2,1,0
ML-01878,TRD,OHE,1,68.94,36.59,14.0,42,1,0,2,0,1,0,1,0
ML-01879,ENGINEERING,Track,3,77.15,39.45,17.5,69,1,1,3,1,3,0,0,1
ML-01880,TRD,Transformer,3,90.4,32.98,4.6,31,1,0,2,0,3,1,0,0
ML-01881,ENGINEERING,Bridge,4,73.14,40.84,9.6,32,0,0,0,1,5,1,1,0
ML-01882,S&T,Signal,4,87.98,45.42,9.6,229,0,0,0,1,5,2,3,0
ML-01883,S&T,Axle Counter,5,75.01,48.48,4.3,31,0,0,0,1,4,2,2,0
ML-01884,S&T,Point Machine,2,82.85,23.67,9.1,20,2,0,3,0,2,0,0,0
ML-01885,TRD,Transformer,4,79.1,42.96,10.8,159,1,0,3,0,2,1,0,0
ML-01886,TRD,Section Insulator,5,65.11,57.36,14.0,68,2,1,2,0,4,3,2,0
ML-01887,ENGINEERING,Track,1,74.17,16.29,6.5,96,2,0,3,1,2,0,0,0
ML-01888,ENGINEERING,Point & Crossing,3,71.8,48.97,21.5,152,1,0,3,1,5,2,3,0
ML-01889,TRD,OHE,1,71.13,38.31,19.4,152,1,1,3,0,1,0,0,0
ML-01890,S&T,Signal,4,80.67,46.34,6.9,79,2,1,3,1,3,1,0,0
ML-01891,TRD,Transformer,4,77.33,51.16,12.2,58,1,0,2,0,4,3,2,0
ML-01892,TRD,Transformer,3,86.23,35.41,4.9,55,2,0,3,1,3,1,0,0
ML-01893,TRD,OHE,3,87.85,23.71,9.6,85,0,0,0,0,1,0,0,0
ML-01894,ENGINEERING,Bridge,2,82.03,33.21,12.7,27,1,0,3,0,6,4,2,0
ML-01895,ENGINEERING,Bridge,2,77.55,35.03,12.0,76,1,1,3,0,2,0,1,0
ML-01896,S&T,Signal,5,55.09,71.55,11.5,27,2,2,4,0,2,2,1,0
ML-01897,TRD,Transformer,4,81.85,42.09,8.3,172,0,0,0,1,5,1,0,0
ML-01898,ENGINEERING,Bridge,1,93.16,10.47,5.0,75,1,0,3,0,4,3,0,0
ML-01899,S&T,Point Machine,4,82.32,36.23,11.7,52,1,1,3,1,2,0,1,0
ML-01900,TRD,OHE,4,74.4,47.74,11.5,156,0,0,0,0,3,1,0,1
ML-01901,S&T,Point Machine,3,45.3,70.07,27.0,121,2,0,1,1,6,4,2,0
ML-01902,ENGINEERING,Bridge,1,94.48,20.87,7.6,92,0,0,0,0,2,1,1,0
ML-01903,S&T,Signal,1,42.3,60.44,30.0,39,0,0,0,1,1,0,0,0
ML-01904,ENGINEERING,Track,1,75.41,27.7,5.3,117,2,0,3,0,3,0,0,1
ML-01905,ENGINEERING,Track,2,89.32,38.35,17.5,84,1,0,3,0,2,1,1,0
ML-01906,ENGINEERING,Bridge,4,46.35,72.7,27.1,98,3,1,5,1,3,2,2,0
ML-01907,S&T,Axle Counter,3,70.18,44.5,18.6,11,3,1,3,1,3,2,0,0
ML-01908,S&T,Point Machine,2,82.08,25.89,9.7,105,0,0,0,1,1,1,0,0
ML-01909,TRD,Section Insulator,3,90.76,28.35,3.0,54,0,0,0,0,4,3,0,1
ML-01910,S&T,Axle Counter,3,79.0,33.19,9.5,68,1,0,3,1,2,2,0,0
ML-01911,TRD,Section Insulator,1,90.54,11.97,9.8,94,0,0,0,1,1,0,0,1
ML-01912,S&T,Point Machine,3,94.93,29.05,3.7,100,0,0,0,1,2,2,0,0
ML-01913,TRD,Transformer,3,74.84,32.59,6.1,56,2,0,2,1,3,0,0,0
ML-01914,S&T,Signal,4,86.66,34.08,8.1,99,2,0,3,0,4,1,0,1
ML-01915,TRD,Transformer,4,86.36,39.16,5.6,79,0,0,0,0,2,2,2,0
ML-01916,S&T,Axle Counter,4,92.47,31.06,4.7,90,1,0,3,0,6,3,1,1
ML-01917,ENGINEERING,Track,4,64.01,51.93,13.7,68,0,0,0,1,2,2,2,0
ML-01918,TRD,OHE,4,80.63,43.6,8.4,66,1,0,3,1,0,0,0,0
ML-01919,S&T,Axle Counter,3,75.09,37.56,11.9,106,2,1,3,0,1,1,0,0
ML-01920,TRD,Transformer,4,68.03,44.28,6.2,17,0,0,0,1,1,0,0,0
ML-01921,S&T,Axle Counter,3,73.97,43.13,15.3,32,2,0,3,1,6,1,2,0
ML-01922,TRD,Transformer,5,81.5,47.09,7.7,95,1,0,4,0,2,1,0,0
ML-01923,TRD,OHE,3,58.73,56.8,19.1,68,5,3,3,1,5,2,4,0
ML-01924,ENGINEERING,Point & Crossing,4,62.68,53.12,22.7,104,1,0,2,1,4,1,2,0
ML-01925,ENGINEERING,Bridge,5,69.72,53.27,3.8,79,2,0,4,0,5,2,2,0
ML-01926,TRD,Transformer,1,50.86,48.91,17.3,117,4,1,1,0,6,5,3,0
ML-01927,ENGINEERING,Point & Crossing,3,62.72,54.91,16.6,54,2,0,3,0,6,3,3,0
ML-01928,ENGINEERING,Track,5,86.41,46.82,1.6,182,3,0,3,1,3,1,0,1
ML-01929,ENGINEERING,Point & Crossing,1,79.88,25.73,9.7,64,2,0,2,0,1,1,0,0
ML-01930,ENGINEERING,Bridge,3,70.02,38.25,9.1,74,1,0,2,0,4,1,1,1
ML-01931,S&T,Point Machine,3,81.51,42.07,15.1,11,1,1,2,1,2,0,0,0
ML-01932,TRD,OHE,5,86.31,56.18,16.4,48,0,0,0,0,4,1,3,1
ML-01933,S&T,Axle Counter,4,45.49,79.51,30.0,105,6,2,3,1,4,1,2,0
ML-01934,ENGINEERING,Bridge,3,56.46,60.79,17.7,134,2,0,3,0,6,4,4,0
ML-01935,TRD,Section Insulator,4,55.62,55.2,11.8,33,1,1,5,0,1,1,0,0
ML-01936,TRD,OHE,1,72.32,30.38,12.1,64,0,0,0,0,1,0,0,0
ML-01937,ENGINEERING,Bridge,1,65.21,30.75,13.6,145,0,0,0,0,2,0,0,0
ML-01938,S&T,Axle Counter,3,89.84,23.4,3.9,30,0,0,0,0,3,2,3,0
ML-01939,TRD,OHE,2,90.32,26.65,6.8,37,0,0,0,0,2,1,1,0
ML-01940,ENGINEERING,Bridge,4,77.44,49.23,9.0,110,1,1,3,1,3,2,1,0
ML-01941,ENGINEERING,Point & Crossing,4,62.03,66.13,26.1,60,2,1,3,1,3,0,0,1
ML-01942,TRD,Transformer,4,79.64,46.58,14.3,162,1,0,2,1,4,2,3,1
ML-01943,ENGINEERING,Point & Crossing,3,96.18,30.83,1.6,43,1,0,3,1,1,1,0,0
ML-01944,TRD,Section Insulator,4,78.9,48.68,11.8,40,1,1,3,1,3,2,2,0
ML-01945,S&T,Point Machine,4,64.38,59.04,11.9,33,2,0,2,0,3,2,1,0
ML-01946,S&T,Point Machine,2,65.29,42.07,15.7,168,2,2,2,0,4,2,3,1
ML-01947,S&T,Point Machine,4,72.71,56.45,19.1,229,3,1,3,0,3,2,0,1
ML-01948,TRD,OHE,5,83.22,44.47,11.5,145,1,0,3,1,4,2,1,0
ML-01949,TRD,Section Insulator,1,90.9,20.11,4.1,41,2,0,1,0,1,0,1,0
ML-01950,TRD,Transformer,2,75.78,39.62,21.2,64,1,0,2,1,2,1,0,0
ML-01951,S&T,Signal,4,88.37,33.33,3.1,71,3,0,5,0,1,1,1,0
ML-01952,TRD,OHE,3,85.91,34.47,13.7,74,1,0,5,0,6,2,2,0
ML-01953,S&T,Point Machine,4,59.0,61.19,19.8,35,4,2,2,0,3,2,1,0
ML-01954,TRD,Section Insulator,4,69.37,47.02,11.6,68,5,3,3,0,4,3,3,0
ML-01955,TRD,OHE,5,84.92,39.06,2.9,132,5,1,3,1,4,3,2,0
ML-01956,ENGINEERING,Track,3,83.46,30.43,8.8,100,3,1,3,0,1,0,1,0
ML-01957,TRD,Transformer,5,73.03,51.27,7.5,61,0,0,0,1,2,0,1,0
ML-01958,TRD,Transformer,5,82.96,50.84,8.0,365,0,0,0,1,1,1,1,0
ML-01959,TRD,Transformer,4,50.68,61.73,20.8,113,0,0,0,1,3,2,2,1
ML-01960,TRD,OHE,2,85.21,27.68,9.8,58,1,1,2,0,3,1,2,0
ML-01961,ENGINEERING,Bridge,2,100.0,15.28,7.1,108,0,0,0,0,1,0,0,0
ML-01962,ENGINEERING,Bridge,5,75.41,62.34,13.7,43,3,2,5,1,2,1,1,0
ML-01963,S&T,Point Machine,4,96.22,34.65,7.5,54,2,1,3,0,3,2,0,1
ML-01964,TRD,OHE,5,72.77,49.46,5.0,172,2,1,4,0,3,2,1,0
ML-01965,ENGINEERING,Point & Crossing,4,82.87,34.08,10.6,91,0,0,0,1,3,1,1,0
ML-01966,ENGINEERING,Point & Crossing,3,65.72,51.03,15.8,209,2,0,1,1,6,1,2,0
ML-01967,TRD,Transformer,1,94.51,20.21,6.1,52,1,0,3,0,1,0,0,0
ML-01968,S&T,Signal,3,84.91,35.93,8.4,92,0,0,0,1,5,0,2,0
ML-01969,S&T,Point Machine,1,100.0,7.13,10.4,75,0,0,0,0,1,1,0,1
ML-01970,ENGINEERING,Point & Crossing,4,78.31,43.32,8.0,170,1,0,3,1,4,1,1,1
ML-01971,ENGINEERING,Bridge,4,86.8,32.78,4.1,58,0,0,0,0,3,3,2,1
ML-01972,TRD,OHE,5,77.67,53.16,9.3,68,0,0,0,1,4,2,1,0
ML-01973,TRD,Transformer,3,76.39,35.88,5.8,25,0,0,0,1,4,1,1,0
ML-01974,TRD,Transformer,5,98.6,38.08,8.5,92,2,0,2,1,4,0,1,0
ML-01975,ENGINEERING,Track,5,72.71,49.96,10.3,102,3,2,2,1,4,2,0,1
ML-01976,TRD,OHE,3,59.55,60.1,21.5,96,0,0,0,0,8,4,4,0
ML-01977,S&T,Point Machine,4,78.6,43.42,6.5,129,0,0,0,0,5,0,1,0
ML-01978,S&T,Signal,2,86.99,31.14,12.7,141,1,0,3,0,2,0,0,0
ML-01979,ENGINEERING,Point & Crossing,1,67.43,31.75,14.4,169,1,1,2,0,5,4,1,0
ML-01980,TRD,Transformer,4,86.05,34.51,5.8,59,1,1,2,0,1,0,0,0
ML-01981,TRD,Transformer,5,69.57,61.96,13.1,365,2,1,3,1,4,2,1,0
ML-01982,ENGINEERING,Bridge,4,75.58,32.87,4.2,72,1,0,3,0,1,0,0,0
ML-01983,TRD,OHE,5,61.71,68.53,9.6,118,2,0,3,0,4,2,1,0
ML-01984,TRD,OHE,3,65.59,46.97,11.7,183,2,1,3,0,2,0,2,0
ML-01985,S&T,Point Machine,3,77.97,43.86,8.6,72,3,0,3,1,1,0,1,0
ML-01986,S&T,Point Machine,4,56.92,72.25,28.0,101,2,0,2,1,4,3,3,1
ML-01987,ENGINEERING,Point & Crossing,1,85.9,17.66,11.9,151,0,0,0,0,1,0,0,0
ML-01988,TRD,Transformer,3,57.36,51.99,13.8,40,4,2,1,0,2,2,2,0
ML-01989,TRD,OHE,2,82.1,34.12,10.1,37,2,0,3,0,1,1,0,0
ML-01990,ENGINEERING,Bridge,2,79.89,26.46,5.7,43,0,0,0,0,0,0,0,0
ML-01991,TRD,Section Insulator,5,83.8,39.95,6.6,42,1,0,2,0,1,1,0,1
ML-01992,TRD,Transformer,3,74.1,51.39,9.2,37,2,0,1,0,4,3,1,1
ML-01993,ENGINEERING,Point & Crossing,2,86.09,32.45,11.0,113,0,0,0,0,4,3,0,0
ML-01994,TRD,Transformer,1,83.52,15.55,5.9,75,1,0,3,0,4,1,0,0
ML-01995,S&T,Signal,5,72.4,51.94,7.5,159,2,0,3,1,0,0,0,1
ML-01996,ENGINEERING,Track,4,57.14,54.87,14.2,67,1,0,3,1,3,2,1,1
ML-01997,ENGINEERING,Bridge,3,69.81,47.4,12.3,95,3,1,3,1,8,1,0,0
ML-01998,TRD,OHE,3,72.2,39.79,19.0,65,3,1,4,1,2,1,0,0
ML-01999,TRD,OHE,4,82.84,39.16,4.5,160,0,0,0,0,2,0,2,0
ML-02000,TRD,Transformer,3,59.76,50.66,12.9,212,0,0,0,1,2,1,1,0
ML-02001,ENGINEERING,Bridge,4,89.02,39.95,8.8,179,1,1,3,0,2,2,0,1
ML-02002,TRD,OHE,5,78.78,45.62,14.0,77,2,1,3,1,3,2,2,0
ML-02003,ENGINEERING,Point & Crossing,2,86.59,15.75,8.3,171,3,0,4,0,4,1,0,0
ML-02004,TRD,OHE,2,78.85,29.09,12.0,64,1,0,2,0,1,0,0,0
ML-02005,ENGINEERING,Track,5,70.3,52.71,9.8,119,2,0,3,1,2,2,1,1
ML-02006,TRD,Transformer,1,67.78,33.01,15.1,127,1,0,3,0,3,1,1,0
ML-02007,S&T,Point Machine,3,84.99,45.11,4.7,57,1,0,3,1,7,3,3,1
ML-02008,ENGINEERING,Track,4,87.96,40.27,7.4,183,1,1,1,1,3,3,0,0
ML-02009,S&T,Signal,4,53.72,64.37,19.5,60,4,2,3,1,4,4,3,0
ML-02010,S&T,Signal,4,48.15,58.45,21.9,45,2,1,2,1,0,0,0,0
ML-02011,S&T,Point Machine,4,59.61,55.51,16.3,196,3,1,1,0,1,0,1,0
ML-02012,ENGINEERING,Track,3,85.64,28.42,10.4,110,3,1,3,1,2,0,0,0
ML-02013,ENGINEERING,Bridge,1,81.08,26.94,15.5,50,1,0,2,1,1,0,0,0
ML-02014,TRD,Section Insulator,1,79.26,20.39,11.7,56,1,1,2,1,1,1,0,0
ML-02015,ENGINEERING,Track,2,91.62,23.13,2.5,225,0,0,0,0,1,1,0,0
ML-02016,S&T,Point Machine,4,63.74,55.74,12.3,37,5,2,3,0,2,2,1,0
ML-02017,S&T,Axle Counter,2,72.66,35.99,9.6,102,0,0,0,0,4,1,1,1
ML-02018,ENGINEERING,Track,4,80.15,42.79,4.2,76,0,0,0,0,2,0,0,0
ML-02019,ENGINEERING,Bridge,5,63.52,57.16,13.1,53,4,2,4,0,2,1,1,1
ML-02020,ENGINEERING,Point & Crossing,2,68.3,52.17,14.9,59,0,0,0,0,2,0,0,0
ML-02021,S&T,Signal,3,86.43,24.79,3.2,302,2,0,2,0,1,0,0,0
ML-02022,ENGINEERING,Bridge,2,78.8,26.84,8.7,70,0,0,0,0,5,2,0,0
ML-02023,TRD,Transformer,4,70.84,46.75,10.0,114,0,0,0,0,4,2,0,0
ML-02024,TRD,OHE,4,76.84,57.73,17.1,80,2,1,3,1,3,0,2,0
ML-02025,ENGINEERING,Bridge,5,69.76,51.87,13.2,26,2,2,3,0,4,1,1,0
ML-02026,S&T,Point Machine,2,86.71,16.37,4.6,90,0,0,0,0,2,0,0,0
ML-02027,ENGINEERING,Point & Crossing,1,98.75,10.44,7.9,141,0,0,0,0,2,0,0,0
ML-02028,S&T,Axle Counter,4,73.16,51.75,10.7,69,4,0,3,1,4,1,1,0
ML-02029,S&T,Point Machine,2,62.22,50.33,19.6,140,0,0,0,0,3,1,0,1
ML-02030,ENGINEERING,Point & Crossing,2,58.06,43.79,12.8,86,1,1,2,0,1,0,0,0
ML-02031,TRD,Section Insulator,3,44.18,68.55,28.3,110,1,1,2,1,2,1,0,0
ML-02032,S&T,Signal,4,68.26,47.39,19.0,78,5,1,4,0,3,1,1,0
ML-02033,TRD,Transformer,4,79.07,47.94,12.0,87,0,0,0,0,4,2,1,0
ML-02034,TRD,OHE,5,52.72,71.36,18.7,137,2,0,3,1,5,3,3,1
ML-02035,S&T,Axle Counter,3,69.97,44.03,5.7,67,1,0,2,0,1,1,0,0
ML-02036,ENGINEERING,Track,3,59.19,65.72,23.9,107,1,1,3,1,2,1,1,1
ML-02037,S&T,Signal,4,74.12,43.23,13.6,219,0,0,0,0,2,0,2,1
ML-02038,TRD,Section Insulator,4,52.63,64.56,16.0,150,3,2,3,1,3,0,0,0
ML-02039,ENGINEERING,Track,3,83.39,41.38,14.3,18,0,0,0,0,3,0,2,0
ML-02040,S&T,Point Machine,3,90.98,33.09,5.5,55,0,0,0,1,3,0,1,0
ML-02041,S&T,Axle Counter,5,86.3,38.49,7.6,110,2,0,1,0,6,3,3,1
ML-02042,ENGINEERING,Point & Crossing,1,75.25,27.33,8.1,35,0,0,0,0,1,0,0,0
ML-02043,TRD,Section Insulator,2,74.13,42.97,18.1,76,3,0,3,1,4,1,2,0
ML-02044,S&T,Axle Counter,3,90.36,21.76,4.6,68,1,0,1,0,5,0,1,0
ML-02045,ENGINEERING,Track,4,75.21,43.95,11.0,22,1,0,4,0,2,2,0,0
ML-02046,ENGINEERING,Bridge,4,76.62,54.65,15.1,126,2,0,3,0,1,1,1,0
ML-02047,ENGINEERING,Point & Crossing,1,77.66,27.44,7.4,124,2,1,1,1,4,3,1,0
ML-02048,TRD,OHE,3,82.11,29.8,5.3,73,3,0,3,0,2,1,0,0
ML-02049,TRD,Section Insulator,3,66.79,53.53,16.8,150,5,0,2,1,1,1,0,0
ML-02050,ENGINEERING,Point & Crossing,4,66.37,65.27,17.0,29,2,0,3,1,5,2,3,0
ML-02051,TRD,OHE,4,91.39,36.72,4.7,43,0,0,0,0,5,1,2,0
ML-02052,ENGINEERING,Bridge,5,82.13,47.99,12.9,256,0,0,0,0,2,0,1,0
ML-02053,TRD,Section Insulator,2,76.36,35.69,10.9,22,1,1,3,1,5,1,2,0
ML-02054,S&T,Signal,4,77.74,50.25,12.7,100,1,0,3,0,5,3,0,0
ML-02055,S&T,Axle Counter,5,72.56,54.11,14.4,45,4,2,2,0,4,1,0,0
ML-02056,TRD,OHE,4,59.64,45.12,10.4,58,0,0,0,1,4,3,0,0
ML-02057,TRD,Transformer,3,62.19,55.92,17.4,52,1,1,3,1,3,2,1,0
ML-02058,TRD,Section Insulator,1,85.39,18.36,7.4,86,1,0,2,0,0,0,0,0
ML-02059,TRD,Transformer,3,92.09,27.57,9.7,244,1,1,3,0,1,0,0,0
ML-02060,TRD,Transformer,2,78.69,29.3,10.8,206,1,0,4,0,5,2,1,0
ML-02061,TRD,Section Insulator,4,62.51,62.74,17.0,108,1,0,3,1,4,3,3,1
ML-02062,ENGINEERING,Point & Crossing,2,62.61,54.2,21.9,121,0,0,0,1,3,1,1,0
ML-02063,ENGINEERING,Track,4,74.12,44.9,13.1,48,3,2,2,1,4,1,2,0
ML-02064,S&T,Signal,4,69.61,51.84,14.0,118,4,0,3,1,2,0,2,1
ML-02065,ENGINEERING,Track,4,73.34,55.5,12.8,74,0,0,0,0,3,2,1,1
ML-02066,ENGINEERING,Bridge,3,61.81,46.07,18.3,128,1,0,3,0,2,2,0,0
ML-02067,ENGINEERING,Bridge,4,83.59,42.94,9.8,45,1,0,2,1,3,2,1,1
ML-02068,S&T,Signal,4,79.36,50.96,12.7,135,1,0,3,0,1,0,1,0
ML-02069,ENGINEERING,Point & Crossing,3,75.76,40.04,5.9,111,1,0,4,0,6,4,2,1
ML-02070,ENGINEERING,Point & Crossing,3,73.52,52.22,13.5,36,0,0,0,0,5,4,1,0
ML-02071,S&T,Point Machine,4,89.5,39.28,10.1,77,2,0,3,0,2,1,0,0
ML-02072,S&T,Signal,3,88.72,27.61,9.3,163,2,0,3,0,4,0,0,0
ML-02073,TRD,Section Insulator,3,77.68,46.3,13.9,74,1,0,2,0,3,0,0,0
ML-02074,S&T,Point Machine,5,63.44,55.24,8.8,98,4,0,5,0,1,1,1,1
ML-02075,S&T,Signal,4,62.56,56.76,15.2,95,0,0,0,1,2,1,2,0
ML-02076,S&T,Axle Counter,3,57.99,61.6,24.4,182,2,0,5,0,4,2,2,0
ML-02077,TRD,Transformer,4,91.85,43.0,9.6,125,0,0,0,1,2,0,0,0
ML-02078,ENGINEERING,Bridge,4,59.02,52.97,10.9,35,1,0,3,1,1,0,1,0
ML-02079,TRD,Section Insulator,3,85.76,34.83,6.3,84,0,0,0,0,1,1,0,0
ML-02080,S&T,Signal,4,59.0,53.85,18.2,76,2,1,3,0,2,1,1,0
ML-02081,S&T,Axle Counter,5,74.58,59.37,9.3,29,1,0,2,0,4,3,3,0
ML-02082,ENGINEERING,Track,5,81.76,36.75,5.3,105,1,0,3,1,3,2,0,0
ML-02083,S&T,Signal,4,77.36,45.91,12.2,113,0,0,0,0,4,2,0,0
ML-02084,TRD,Section Insulator,3,70.48,37.14,8.0,88,3,0,3,0,3,1,1,0
ML-02085,ENGINEERING,Track,5,76.79,56.55,17.3,97,2,0,2,1,2,1,2,0
ML-02086,ENGINEERING,Bridge,4,88.85,37.43,6.7,89,0,0,0,0,3,0,2,0
ML-02087,TRD,OHE,4,93.67,35.13,8.1,148,1,0,3,1,5,1,1,0
ML-02088,S&T,Axle Counter,4,76.87,36.87,3.9,91,2,1,3,1,2,0,0,0
ML-02089,TRD,OHE,4,53.5,60.34,13.5,43,1,0,3,0,5,2,1,0
ML-02090,ENGINEERING,Bridge,3,80.43,37.19,6.7,180,0,0,0,0,2,2,0,1
ML-02091,S&T,Point Machine,3,52.09,68.16,24.1,21,0,0,0,0,3,3,2,0
ML-02092,TRD,Section Insulator,3,77.65,42.01,13.7,72,2,1,3,0,4,2,1,0
ML-02093,ENGINEERING,Bridge,5,79.9,41.89,2.0,61,1,1,3,0,4,3,0,0
ML-02094,ENGINEERING,Track,5,81.87,54.69,7.4,58,0,0,0,0,4,3,0,0
ML-02095,S&T,Axle Counter,2,100.0,15.52,4.8,222,0,0,0,0,5,2,1,0
ML-02096,TRD,Transformer,4,66.95,64.03,18.8,78,4,1,3,1,2,2,1,1
ML-02097,S&T,Point Machine,5,83.21,42.79,12.9,113,0,0,0,1,3,3,2,1
ML-02098,ENGINEERING,Track,3,70.75,48.33,15.0,65,3,1,1,1,5,3,2,0
ML-02099,ENGINEERING,Point & Crossing,4,86.39,44.49,8.4,62,1,0,4,1,4,3,1,0
ML-02100,TRD,Section Insulator,4,75.51,51.1,8.6,195,1,0,3,0,5,1,4,1
ML-02101,S&T,Axle Counter,1,70.51,27.09,9.7,137,1,0,2,0,1,1,1,1
ML-02102,S&T,Point Machine,5,62.47,58.96,14.0,49,0,0,0,0,3,3,1,0
ML-02103,ENGINEERING,Point & Crossing,4,79.58,46.4,7.4,72,1,0,3,1,2,0,1,0
ML-02104,ENGINEERING,Bridge,4,63.23,51.52,5.4,93,0,0,0,1,2,1,2,1
ML-02105,S&T,Axle Counter,5,54.08,65.76,18.0,73,2,0,3,0,2,1,0,0
ML-02106,ENGINEERING,Track,2,90.59,18.88,5.4,70,1,1,4,0,2,1,1,0
ML-02107,S&T,Signal,4,63.96,60.68,15.6,102,1,0,2,1,5,2,2,0
ML-02108,ENGINEERING,Point & Crossing,4,76.35,39.74,4.9,190,0,0,0,1,2,1,0,0
ML-02109,ENGINEERING,Track,2,84.03,34.45,12.6,16,0,0,0,0,2,1,0,0
ML-02110,S&T,Signal,3,76.8,41.65,10.7,113,1,1,4,1,9,2,4,1
ML-02111,TRD,OHE,3,74.82,41.77,11.6,74,0,0,0,1,0,0,0,1
ML-02112,ENGINEERING,Point & Crossing,3,97.92,24.3,12.6,103,1,1,3,1,3,2,1,0
ML-02113,TRD,Section Insulator,4,68.24,54.57,17.8,63,0,0,0,1,4,3,2,0
ML-02114,TRD,Transformer,5,74.05,50.41,4.3,38,2,1,5,0,3,1,0,0
ML-02115,ENGINEERING,Track,3,86.71,31.32,10.1,152,0,0,0,0,3,1,1,0
ML-02116,TRD,OHE,3,76.49,31.3,6.7,31,0,0,0,1,3,2,2,0
ML-02117,ENGINEERING,Point & Crossing,4,81.28,41.27,12.8,110,1,1,2,0,4,1,1,0
ML-02118,ENGINEERING,Track,1,86.8,19.34,14.1,50,1,0,3,0,4,0,2,0
ML-02119,ENGINEERING,Point & Crossing,3,62.87,53.04,17.1,10,1,0,3,1,4,2,3,1
ML-02120,ENGINEERING,Bridge,2,86.66,24.93,12.2,129,1,0,3,0,3,1,0,0
ML-02121,S&T,Axle Counter,3,44.44,67.24,30.0,81,4,2,4,1,2,1,1,1
ML-02122,S&T,Axle Counter,3,83.71,35.75,13.9,51,0,0,0,1,3,1,1,0
ML-02123,S&T,Signal,5,85.27,47.96,7.1,124,0,0,0,0,7,3,3,0
ML-02124,ENGINEERING,Bridge,1,63.5,41.72,22.0,55,2,0,5,0,1,0,1,0
ML-02125,S&T,Signal,5,61.3,57.63,13.4,201,7,2,3,1,4,1,1,0
ML-02126,ENGINEERING,Point & Crossing,5,63.58,67.33,21.1,109,1,0,3,1,5,1,1,1
ML-02127,ENGINEERING,Track,4,61.37,51.42,17.5,13,1,0,2,1,5,1,1,0
ML-02128,TRD,Transformer,3,83.99,38.07,6.4,120,1,0,3,1,2,1,1,0
ML-02129,ENGINEERING,Point & Crossing,2,70.73,36.28,14.5,194,0,0,0,0,7,1,3,1
ML-02130,TRD,Transformer,3,89.48,29.39,6.6,81,0,0,0,1,1,0,0,0
ML-02131,S&T,Point Machine,4,55.44,61.45,18.9,97,0,0,0,1,2,0,2,0
ML-02132,TRD,Section Insulator,4,67.36,57.1,10.1,13,1,0,3,0,4,3,3,0
ML-02133,TRD,Transformer,4,90.89,35.64,3.9,71,1,0,3,0,1,1,1,0
ML-02134,TRD,OHE,4,85.41,36.16,4.5,29,2,0,3,0,3,2,1,0
ML-02135,S&T,Point Machine,3,81.35,32.92,2.5,52,0,0,0,0,5,1,1,0
ML-02136,ENGINEERING,Bridge,4,75.8,45.35,8.0,139,2,1,3,1,1,0,0,0
ML-02137,TRD,OHE,3,79.22,30.17,6.4,164,0,0,0,0,5,2,0,1
ML-02138,TRD,OHE,1,94.9,19.26,9.6,91,0,0,0,0,2,1,1,0
ML-02139,ENGINEERING,Bridge,4,53.43,76.02,22.6,82,1,1,3,0,2,1,0,0
ML-02140,ENGINEERING,Track,4,71.3,44.15,8.4,86,2,0,1,1,2,0,1,1
ML-02141,S&T,Axle Counter,2,70.21,41.73,18.0,67,1,0,1,0,1,0,0,1
ML-02142,TRD,Transformer,5,65.81,57.0,14.0,63,2,1,3,1,6,2,2,0
ML-02143,ENGINEERING,Track,5,77.97,49.78,14.6,122,3,1,3,1,4,2,3,1
ML-02144,ENGINEERING,Bridge,1,70.17,38.28,24.4,65,0,0,0,0,5,3,0,0
ML-02145,ENGINEERING,Point & Crossing,3,76.16,39.85,12.1,49,1,1,2,0,0,0,0,1
ML-02146,S&T,Axle Counter,5,54.67,69.3,22.2,10,2,1,4,1,2,1,1,0
ML-02147,S&T,Axle Counter,5,71.22,63.74,12.8,97,3,1,3,1,3,2,1,0
ML-02148,S&T,Signal,4,78.42,39.96,6.8,86,1,0,3,1,3,1,2,0
ML-02149,ENGINEERING,Point & Crossing,3,46.06,66.12,21.2,50,5,3,2,1,6,3,3,1
ML-02150,ENGINEERING,Track,1,79.94,28.68,8.3,50,0,0,0,0,5,3,2,0
ML-02151,S&T,Signal,3,67.48,48.22,14.2,121,2,1,4,1,2,1,1,0
ML-02152,TRD,Section Insulator,3,66.05,62.56,21.2,77,0,0,0,1,2,1,0,0
ML-02153,ENGINEERING,Bridge,5,65.16,62.46,18.5,117,2,2,3,1,4,3,2,0
ML-02154,S&T,Signal,3,79.37,36.15,14.1,108,3,1,1,0,0,0,0,1
ML-02155,ENGINEERING,Point & Crossing,4,82.49,29.68,10.4,54,1,0,3,1,1,0,0,0
ML-02156,ENGINEERING,Track,1,84.89,16.36,4.3,146,0,0,0,0,1,1,0,0
ML-02157,TRD,Section Insulator,2,64.16,39.29,12.8,145,2,1,1,0,3,1,1,0
ML-02158,ENGINEERING,Track,1,60.4,42.76,17.8,100,0,0,0,1,5,2,2,0
ML-02159,ENGINEERING,Point & Crossing,3,77.12,46.67,15.3,79,2,1,2,0,7,3,0,0
ML-02160,TRD,OHE,3,66.86,53.84,13.5,116,3,2,2,0,5,4,1,0
ML-02161,TRD,Transformer,4,64.93,52.8,19.0,125,1,0,3,1,5,2,1,0
ML-02162,S&T,Signal,3,95.46,29.7,6.2,117,0,0,0,1,3,1,0,0
ML-02163,S&T,Point Machine,4,90.85,25.1,2.8,64,0,0,0,0,2,1,0,0
ML-02164,ENGINEERING,Point & Crossing,1,67.8,32.88,14.7,76,0,0,0,0,3,1,0,0
ML-02165,S&T,Signal,1,100.0,16.28,7.1,175,0,0,0,0,2,0,0,0
ML-02166,S&T,Point Machine,3,89.96,26.71,6.2,36,5,1,3,0,0,0,0,0
ML-02167,ENGINEERING,Track,4,70.76,48.19,10.4,110,0,0,0,1,4,2,0,0
ML-02168,S&T,Signal,3,38.9,74.95,22.4,74,2,1,3,1,6,3,2,0
ML-02169,ENGINEERING,Point & Crossing,5,49.88,73.07,16.6,60,2,1,2,1,5,5,2,0
ML-02170,TRD,Section Insulator,5,73.41,60.46,10.6,83,1,0,4,1,4,1,1,0
ML-02171,S&T,Signal,3,78.29,43.92,11.6,145,2,1,3,1,5,3,0,0
ML-02172,S&T,Signal,4,66.1,56.41,12.0,70,2,2,3,1,2,1,0,0
ML-02173,ENGINEERING,Track,4,66.54,63.93,13.8,147,1,0,2,0,2,1,1,1
ML-02174,ENGINEERING,Bridge,4,51.92,56.62,13.9,79,1,0,3,1,0,0,0,0
ML-02175,S&T,Axle Counter,4,83.34,41.6,5.2,67,1,0,5,0,4,1,2,0
ML-02176,ENGINEERING,Point & Crossing,3,70.21,38.61,6.7,116,1,0,3,1,5,2,2,0
ML-02177,ENGINEERING,Bridge,4,68.46,48.21,12.1,50,2,1,3,0,2,1,1,1
ML-02178,S&T,Signal,2,58.51,58.5,26.1,100,1,0,2,0,4,4,4,1
ML-02179,S&T,Signal,4,42.11,78.2,30.0,54,1,0,3,1,4,2,1,1
ML-02180,ENGINEERING,Bridge,4,60.6,59.54,24.3,152,1,1,3,1,3,1,2,0
ML-02181,S&T,Axle Counter,4,86.12,47.63,9.0,39,2,0,3,1,4,0,1,1
ML-02182,TRD,Transformer,5,76.66,54.75,13.0,102,2,0,3,1,3,1,2,1
ML-02183,ENGINEERING,Point & Crossing,4,49.73,66.72,22.0,160,3,2,3,0,3,0,0,0
ML-02184,TRD,Section Insulator,5,54.33,65.88,10.8,32,1,0,5,1,2,2,0,0
ML-02185,ENGINEERING,Bridge,1,88.86,15.8,5.1,29,0,0,0,1,4,1,0,0
ML-02186,S&T,Point Machine,3,69.92,40.98,8.2,233,2,0,3,0,2,1,0,0
ML-02187,S&T,Point Machine,3,76.45,45.84,14.5,73,2,1,3,1,2,1,1,0
ML-02188,ENGINEERING,Bridge,3,82.57,33.17,9.8,78,0,0,0,1,1,0,0,0
ML-02189,ENGINEERING,Track,1,84.62,23.18,8.6,46,2,0,3,0,3,0,1,0
ML-02190,S&T,Point Machine,4,60.55,55.19,16.6,112,1,1,2,1,6,2,5,0
ML-02191,ENGINEERING,Track,4,67.74,55.0,10.1,79,0,0,0,1,6,5,2,1
ML-02192,S&T,Point Machine,3,91.97,41.87,14.4,82,0,0,0,0,5,3,1,0
ML-02193,S&T,Signal,4,77.53,55.69,12.2,151,1,0,5,0,5,2,2,0
ML-02194,TRD,OHE,4,65.5,45.62,11.9,99,0,0,0,1,2,1,0,0
ML-02195,S&T,Signal,4,62.98,64.77,23.8,94,3,1,3,1,2,1,1,0
ML-02196,TRD,Transformer,3,79.93,28.63,3.5,67,0,0,0,0,3,2,0,0
ML-02197,S&T,Axle Counter,4,75.17,46.27,12.0,30,0,0,0,0,2,2,0,1
ML-02198,ENGINEERING,Bridge,2,97.72,18.02,9.5,62,2,1,3,0,2,1,0,1
ML-02199,TRD,Section Insulator,4,69.17,39.6,9.1,139,2,1,3,1,1,1,1,0
ML-02200,S&T,Axle Counter,2,94.6,26.76,8.7,49,1,0,3,0,7,2,2,0
ML-02201,ENGINEERING,Track,3,71.8,36.75,6.8,69,0,0,0,0,5,0,2,0
ML-02202,S&T,Point Machine,4,82.45,30.56,9.4,60,2,1,3,0,3,3,1,0
ML-02203,S&T,Signal,5,77.65,48.21,7.8,67,1,1,3,1,2,2,0,1
ML-02204,ENGINEERING,Track,5,72.27,59.59,12.8,106,0,0,0,1,6,2,3,1
ML-02205,ENGINEERING,Track,4,82.13,48.48,22.1,89,3,1,4,0,6,1,0,1
ML-02206,ENGINEERING,Bridge,4,84.69,37.2,6.0,48,0,0,0,0,7,2,4,0
ML-02207,ENGINEERING,Bridge,5,92.31,33.18,1.7,64,1,0,2,0,4,3,0,0
ML-02208,S&T,Axle Counter,5,78.12,48.03,5.2,27,3,0,3,1,1,0,0,0
ML-02209,ENGINEERING,Point & Crossing,5,70.21,59.4,9.1,69,2,1,3,1,6,2,1,1
ML-02210,TRD,Section Insulator,4,67.38,56.12,11.1,130,1,1,2,0,3,2,2,1
ML-02211,S&T,Signal,3,78.75,36.88,11.5,190,2,0,1,0,3,1,1,0
ML-02212,TRD,OHE,1,60.51,41.12,20.3,182,1,0,1,0,4,4,3,1
ML-02213,S&T,Axle Counter,2,67.28,44.91,19.5,99,2,1,3,0,6,4,2,0
ML-02214,S&T,Axle Counter,1,86.29,26.61,6.4,34,0,0,0,0,1,0,0,0
ML-02215,TRD,OHE,2,81.49,29.97,9.7,17,2,1,1,0,3,1,0,0
ML-02216,TRD,Transformer,5,81.74,48.62,8.7,127,1,1,2,1,7,3,1,0
ML-02217,ENGINEERING,Point & Crossing,4,62.49,63.43,21.3,125,1,0,3,1,1,0,0,1
ML-02218,ENGINEERING,Point & Crossing,4,59.69,62.75,14.6,62,4,2,4,0,8,5,1,1
ML-02219,ENGINEERING,Point & Crossing,4,84.87,44.21,8.8,107,0,0,0,0,2,1,1,1
ML-02220,S&T,Axle Counter,4,78.72,37.95,8.5,128,2,1,3,0,3,1,0,0
ML-02221,ENGINEERING,Point & Crossing,3,85.64,40.52,10.2,29,2,0,3,0,1,0,0,0
ML-02222,TRD,OHE,5,62.34,73.93,17.0,95,0,0,0,0,9,6,1,1
ML-02223,S&T,Axle Counter,3,56.29,51.5,13.6,34,3,2,4,0,2,1,0,0
ML-02224,S&T,Axle Counter,4,86.54,41.5,12.8,112,2,0,3,0,1,1,0,0
ML-02225,TRD,Section Insulator,4,55.57,64.62,21.4,105,4,1,2,0,2,1,1,0
ML-02226,TRD,Transformer,3,73.31,37.14,9.0,49,0,0,0,0,7,2,0,0
ML-02227,S&T,Point Machine,2,82.08,28.22,12.7,33,2,0,3,0,2,0,2,0
ML-02228,S&T,Axle Counter,5,69.17,64.93,20.9,204,4,2,1,0,2,1,2,0
ML-02229,ENGINEERING,Point & Crossing,4,88.97,34.12,8.7,64,2,0,3,0,5,1,2,0
ML-02230,S&T,Signal,4,62.15,72.39,25.2,125,1,1,3,0,3,2,3,1
ML-02231,ENGINEERING,Bridge,3,53.93,66.37,23.2,27,2,0,4,0,5,3,3,0
ML-02232,ENGINEERING,Point & Crossing,2,54.88,56.23,25.6,142,1,0,2,1,2,2,2,0
ML-02233,S&T,Axle Counter,4,75.55,41.89,3.5,46,2,1,3,1,3,2,1,0
ML-02234,S&T,Point Machine,4,60.6,59.34,14.0,106,0,0,0,1,3,1,2,0
ML-02235,TRD,OHE,3,93.32,31.0,14.6,131,1,1,4,0,4,2,0,0
ML-02236,TRD,OHE,4,68.74,53.37,14.5,62,0,0,0,0,3,3,0,0
ML-02237,ENGINEERING,Point & Crossing,3,73.07,34.92,8.8,93,1,0,5,1,5,1,2,0
ML-02238,ENGINEERING,Bridge,4,74.06,48.72,10.9,21,1,1,3,0,7,3,3,0
ML-02239,S&T,Signal,5,82.48,48.03,10.4,31,2,0,1,1,3,1,0,1
ML-02240,ENGINEERING,Track,4,100.0,26.69,4.0,99,0,0,0,0,5,3,0,0
ML-02241,S&T,Signal,4,78.01,47.59,11.1,98,2,0,3,0,3,2,1,0
ML-02242,ENGINEERING,Point & Crossing,3,66.26,47.66,11.0,15,0,0,0,0,7,3,0,0
ML-02243,ENGINEERING,Point & Crossing,3,81.39,41.51,11.5,83,2,0,1,0,3,0,1,0
ML-02244,ENGINEERING,Bridge,5,75.98,59.55,12.1,191,1,0,3,1,1,1,0,0
ML-02245,ENGINEERING,Track,2,91.18,33.26,11.9,37,1,0,5,0,4,1,0,0
ML-02246,ENGINEERING,Bridge,3,81.18,41.92,9.3,44,1,0,3,1,1,0,1,0
ML-02247,TRD,OHE,5,56.15,74.15,26.3,100,0,0,0,1,2,1,1,0
ML-02248,S&T,Axle Counter,2,72.24,44.83,14.1,88,0,0,0,0,4,2,2,0
ML-02249,ENGINEERING,Point & Crossing,5,71.44,49.53,9.9,91,2,0,3,0,1,0,1,0
ML-02250,TRD,Transformer,2,80.62,30.7,8.9,133,1,0,4,0,2,2,0,0
ML-02251,TRD,Section Insulator,4,64.68,45.58,12.4,182,2,0,3,1,4,2,2,0
ML-02252,TRD,Section Insulator,3,85.58,34.97,7.2,12,3,0,4,1,6,2,4,0
ML-02253,TRD,Section Insulator,1,83.25,26.4,11.5,117,0,0,0,0,5,2,0,0
ML-02254,TRD,Section Insulator,4,60.93,62.12,16.2,95,1,0,3,1,5,2,3,0
ML-02255,TRD,OHE,3,75.7,43.27,9.0,63,2,1,3,1,4,2,2,0
ML-02256,ENGINEERING,Track,5,76.39,43.77,4.2,108,4,2,2,0,2,0,0,0
ML-02257,S&T,Axle Counter,2,82.33,38.51,13.7,86,1,1,3,0,4,0,1,0
ML-02258,TRD,Transformer,5,63.95,59.91,7.2,79,5,0,3,1,2,0,2,0
ML-02259,TRD,Transformer,1,80.68,32.12,13.8,114,2,0,3,0,4,2,0,1
ML-02260,ENGINEERING,Point & Crossing,4,68.12,50.95,11.2,128,1,0,2,0,1,1,0,1
ML-02261,TRD,Section Insulator,1,63.81,33.01,13.9,113,1,1,3,1,3,1,1,0
ML-02262,S&T,Axle Counter,5,55.66,74.11,16.5,26,1,0,3,1,0,0,0,1
ML-02263,TRD,Section Insulator,4,100.0,41.68,11.1,39,2,1,1,1,4,2,2,0
ML-02264,S&T,Point Machine,1,81.84,17.91,9.9,17,2,1,3,0,4,0,0,0
ML-02265,ENGINEERING,Bridge,5,51.77,73.87,19.6,208,4,2,1,0,4,3,3,1
ML-02266,ENGINEERING,Bridge,1,82.67,34.86,6.3,80,1,0,3,0,4,3,3,0
ML-02267,TRD,Transformer,3,73.72,50.6,17.4,42,3,1,3,0,2,0,1,0
ML-02268,S&T,Point Machine,4,65.15,64.65,21.8,42,1,0,3,1,4,3,1,1
ML-02269,S&T,Axle Counter,2,64.09,43.44,19.2,182,1,0,2,0,4,1,0,0
ML-02270,S&T,Signal,3,77.63,37.87,12.9,47,3,2,3,1,4,0,1,0
ML-02271,S&T,Axle Counter,4,62.17,61.43,14.3,67,1,0,1,1,4,2,2,1
ML-02272,ENGINEERING,Point & Crossing,4,69.88,38.29,9.9,190,3,0,3,1,5,2,2,0
ML-02273,ENGINEERING,Track,1,84.4,26.7,5.3,130,0,0,0,0,1,1,0,0
ML-02274,ENGINEERING,Track,2,78.82,46.11,21.7,117,2,0,3,0,4,3,2,0
ML-02275,S&T,Signal,3,63.15,51.33,19.0,30,0,0,0,1,5,1,0,0
ML-02276,ENGINEERING,Bridge,3,52.31,61.31,20.1,45,3,0,1,1,6,4,3,0
ML-02277,S&T,Signal,2,85.73,29.21,12.6,60,2,0,2,0,4,1,1,0
ML-02278,ENGINEERING,Bridge,1,63.94,41.74,9.7,82,3,2,3,1,1,0,0,1
ML-02279,TRD,Section Insulator,4,80.94,37.46,11.6,46,1,0,5,0,3,1,1,0
ML-02280,S&T,Axle Counter,5,71.54,54.09,5.2,94,5,3,3,0,6,4,5,0
ML-02281,ENGINEERING,Track,5,77.76,44.41,2.7,204,1,1,3,0,4,2,2,0
ML-02282,ENGINEERING,Track,1,79.57,28.09,13.3,48,0,0,0,0,2,2,2,0
ML-02283,TRD,Transformer,4,76.46,46.36,12.0,101,2,2,3,1,3,2,1,0
ML-02284,ENGINEERING,Bridge,4,66.43,48.04,11.2,34,1,1,4,0,3,2,0,1
ML-02285,TRD,OHE,2,88.22,36.14,12.7,110,0,0,0,1,3,2,1,0
ML-02286,ENGINEERING,Bridge,2,73.93,40.83,15.3,65,1,1,2,0,2,0,0,0
ML-02287,ENGINEERING,Bridge,4,65.94,58.25,14.8,137,0,0,0,0,1,0,1,0
ML-02288,ENGINEERING,Track,3,89.07,23.75,4.3,34,2,1,3,0,2,1,0,0
ML-02289,S&T,Signal,2,86.88,24.14,11.1,156,1,1,5,0,3,2,0,0
ML-02290,ENGINEERING,Bridge,5,73.92,50.16,4.1,43,1,0,2,0,3,0,1,0
ML-02291,ENGINEERING,Track,3,74.49,38.28,8.8,226,1,0,3,1,4,0,1,0
ML-02292,S&T,Signal,4,93.58,27.73,3.4,303,0,0,0,1,4,2,1,0
ML-02293,TRD,Transformer,3,91.42,29.32,7.2,168,2,0,2,0,4,0,0,0
ML-02294,ENGINEERING,Bridge,1,77.18,21.0,9.3,82,2,0,3,0,1,0,0,0
ML-02295,ENGINEERING,Bridge,4,66.24,38.59,9.0,130,1,1,3,0,2,2,1,0
ML-02296,TRD,Transformer,4,87.07,30.0,4.6,90,0,0,0,1,4,2,3,0
ML-02297,ENGINEERING,Point & Crossing,4,71.97,40.54,8.2,44,1,0,2,1,2,2,0,0
ML-02298,S&T,Signal,4,63.8,55.09,14.5,66,0,0,0,1,2,0,1,0
ML-02299,S&T,Signal,3,62.54,52.38,19.5,43,5,0,1,1,7,3,3,0
ML-02300,ENGINEERING,Bridge,1,76.33,27.01,5.7,130,0,0,0,0,0,0,0,1
ML-02301,TRD,Section Insulator,1,71.12,37.89,9.8,79,1,0,3,0,1,0,1,0
ML-02302,ENGINEERING,Point & Crossing,1,79.82,26.12,12.5,74,0,0,0,1,3,1,1,0
ML-02303,TRD,Section Insulator,4,84.3,41.22,9.9,98,1,0,3,0,1,1,0,0
ML-02304,TRD,Section Insulator,5,85.12,47.35,8.3,187,0,0,0,0,1,1,0,0
ML-02305,TRD,Section Insulator,3,75.86,48.04,14.5,39,1,0,3,1,5,1,1,0
ML-02306,ENGINEERING,Track,1,89.42,19.09,4.8,98,0,0,0,0,2,0,1,0
ML-02307,TRD,Transformer,3,92.97,28.17,4.1,112,2,1,3,0,4,0,2,0
ML-02308,ENGINEERING,Point & Crossing,1,66.68,43.38,21.1,108,0,0,0,1,3,2,2,0
ML-02309,TRD,OHE,2,76.12,19.0,11.2,68,2,0,3,0,4,2,1,0
ML-02310,ENGINEERING,Bridge,3,66.66,65.81,17.4,62,3,0,3,1,3,1,1,0
ML-02311,ENGINEERING,Bridge,4,70.5,48.05,14.3,64,2,1,3,1,1,1,1,0
ML-02312,TRD,Transformer,3,55.7,57.99,23.6,114,2,0,2,1,2,2,2,0
ML-02313,ENGINEERING,Bridge,2,64.46,39.93,20.0,130,4,0,4,1,3,2,1,0
ML-02314,TRD,Transformer,1,92.34,29.17,10.2,152,0,0,0,1,4,1,1,1
ML-02315,ENGINEERING,Point & Crossing,2,81.14,29.64,12.3,63,1,0,3,0,4,0,1,0
ML-02316,ENGINEERING,Bridge,4,74.97,36.37,10.9,115,1,1,3,0,2,1,1,0
ML-02317,S&T,Axle Counter,3,76.81,52.65,11.5,119,0,0,0,0,2,1,1,1
ML-02318,TRD,Transformer,4,85.11,36.59,5.6,219,4,0,2,0,2,1,0,0
ML-02319,S&T,Signal,4,93.05,35.11,7.9,97,0,0,0,1,5,2,2,0
ML-02320,S&T,Axle Counter,4,64.64,65.71,14.3,54,3,0,2,0,5,3,1,1
ML-02321,S&T,Axle Counter,3,75.32,42.08,13.6,84,1,0,2,0,1,1,0,1
ML-02322,S&T,Signal,1,89.08,11.06,9.7,24,0,0,0,0,3,2,0,0
ML-02323,ENGINEERING,Point & Crossing,4,79.92,39.96,7.9,42,3,2,2,1,5,4,0,0
ML-02324,S&T,Point Machine,3,56.28,74.9,24.6,89,2,0,2,1,5,1,3,1
ML-02325,ENGINEERING,Bridge,3,94.58,18.68,3.9,14,0,0,0,0,0,0,0,0
ML-02326,S&T,Axle Counter,2,78.8,34.31,11.4,83,0,0,0,0,3,0,1,0
ML-02327,ENGINEERING,Point & Crossing,5,81.15,45.61,9.2,50,2,1,1,0,3,1,1,0
ML-02328,TRD,Section Insulator,3,72.04,44.77,13.0,53,0,0,0,1,2,0,1,0
ML-02329,TRD,Transformer,3,66.27,54.48,21.2,125,3,1,4,0,3,2,1,0
ML-02330,ENGINEERING,Bridge,2,66.33,51.65,22.0,53,0,0,0,1,3,1,0,0
ML-02331,S&T,Signal,3,100.0,12.6,4.7,93,1,0,3,0,2,0,0,0
ML-02332,TRD,Section Insulator,3,84.15,31.39,11.5,87,0,0,0,1,2,1,0,0
ML-02333,TRD,OHE,3,92.13,28.77,7.5,53,0,0,0,0,1,0,0,0
ML-02334,S&T,Point Machine,5,89.76,49.11,9.0,131,0,0,0,1,3,1,1,0
ML-02335,S&T,Signal,1,88.54,17.51,7.1,239,0,0,0,1,1,0,0,0
ML-02336,S&T,Point Machine,3,57.85,56.3,29.6,68,2,0,3,1,5,4,0,0
ML-02337,S&T,Point Machine,2,68.19,35.37,10.8,63,1,0,1,1,4,2,1,0
ML-02338,S&T,Axle Counter,4,32.27,88.35,30.0,45,0,0,0,1,7,6,6,0
ML-02339,S&T,Axle Counter,3,91.68,28.29,9.2,84,0,0,0,0,3,1,1,0
ML-02340,S&T,Point Machine,3,75.84,40.25,6.2,113,1,1,3,0,2,1,0,0
ML-02341,ENGINEERING,Track,3,87.67,37.34,11.6,129,1,0,1,1,4,3,2,0
ML-02342,TRD,OHE,4,100.0,34.1,6.5,89,1,0,3,0,3,2,0,1
ML-02343,ENGINEERING,Bridge,5,57.84,70.27,23.0,33,2,2,5,1,3,2,1,0
ML-02344,ENGINEERING,Bridge,4,75.54,45.1,9.1,48,3,1,1,0,5,2,2,0
ML-02345,TRD,Transformer,1,78.59,37.49,14.6,54,3,0,3,0,4,1,0,0
ML-02346,ENGINEERING,Track,3,73.81,44.3,17.2,144,1,0,1,1,4,2,1,0
ML-02347,ENGINEERING,Track,3,57.49,57.29,16.2,41,0,0,0,0,5,3,3,0
ML-02348,ENGINEERING,Point & Crossing,2,80.29,28.68,9.3,62,1,0,3,0,4,2,1,0
ML-02349,ENGINEERING,Bridge,5,82.19,46.21,9.3,64,1,0,2,1,5,2,0,0
ML-02350,S&T,Signal,3,68.99,46.12,19.3,43,3,2,2,1,2,0,1,0
ML-02351,S&T,Point Machine,2,91.65,33.83,13.0,68,0,0,0,0,0,0,0,0
ML-02352,ENGINEERING,Point & Crossing,3,83.96,33.45,6.9,107,2,0,3,1,0,0,0,1
ML-02353,S&T,Point Machine,3,77.63,38.48,11.6,21,2,1,3,0,5,2,2,0
ML-02354,TRD,Transformer,4,52.94,70.77,21.0,64,2,0,3,0,4,3,3,0
ML-02355,ENGINEERING,Track,3,96.29,28.35,13.7,36,0,0,0,0,2,1,2,0
ML-02356,TRD,Transformer,2,81.48,32.49,8.9,16,1,0,3,0,3,1,1,0
ML-02357,TRD,Section Insulator,1,91.18,12.1,10.6,108,0,0,0,0,4,1,0,0
ML-02358,S&T,Point Machine,3,80.75,44.86,9.9,72,2,0,4,0,4,3,1,0
ML-02359,ENGINEERING,Point & Crossing,3,85.28,42.92,12.1,116,0,0,0,0,5,1,2,0
ML-02360,S&T,Axle Counter,3,73.47,47.15,13.6,99,2,1,5,0,1,1,0,0
ML-02361,S&T,Point Machine,3,58.19,55.3,21.4,62,2,1,3,0,5,3,3,0
ML-02362,S&T,Signal,4,80.87,35.93,9.0,52,4,1,3,0,2,2,0,0
ML-02363,ENGINEERING,Point & Crossing,4,72.9,52.03,16.0,61,2,0,1,1,1,1,0,0
ML-02364,ENGINEERING,Point & Crossing,2,100.0,15.31,6.4,107,1,0,2,0,1,1,0,0
ML-02365,TRD,Section Insulator,1,55.45,59.7,23.2,89,1,0,2,0,4,2,0,0
ML-02366,S&T,Point Machine,1,77.8,26.27,9.8,200,1,0,3,0,3,1,1,0
ML-02367,S&T,Signal,3,79.2,28.35,10.7,120,2,0,3,0,3,1,1,0
ML-02368,S&T,Point Machine,5,81.24,49.49,8.9,77,1,1,3,0,5,3,1,0
ML-02369,ENGINEERING,Bridge,4,77.92,45.46,14.1,43,0,0,0,1,4,0,0,0
ML-02370,ENGINEERING,Track,3,81.38,38.19,10.1,177,4,1,3,0,4,3,1,0
ML-02371,S&T,Point Machine,3,73.95,44.37,14.1,173,1,1,3,1,5,1,3,1
ML-02372,ENGINEERING,Track,4,87.82,38.84,6.5,116,1,0,1,0,3,2,1,0
ML-02373,TRD,OHE,5,47.36,75.02,24.0,118,1,0,3,0,3,2,3,0
ML-02374,TRD,Transformer,1,87.46,25.28,10.8,108,2,1,5,0,6,2,4,0
ML-02375,S&T,Axle Counter,3,77.85,34.05,10.0,191,1,0,3,0,4,0,1,0
ML-02376,S&T,Axle Counter,1,91.3,10.46,9.6,169,1,0,3,0,1,0,0,0
ML-02377,S&T,Axle Counter,3,98.62,17.18,5.7,162,0,0,0,1,0,0,0,0
ML-02378,S&T,Point Machine,2,73.81,36.41,7.6,76,1,0,2,0,4,3,0,1
ML-02379,S&T,Signal,2,87.2,22.23,7.1,57,0,0,0,0,3,0,0,1
ML-02380,TRD,Transformer,3,93.58,24.89,6.1,31,1,0,1,1,1,0,0,0
ML-02381,TRD,OHE,2,77.6,39.9,15.0,49,1,0,1,0,7,4,0,0
ML-02382,S&T,Point Machine,3,95.77,33.91,7.8,78,2,1,3,0,6,3,2,0
ML-02383,S&T,Axle Counter,3,95.75,24.21,5.1,59,0,0,0,0,2,1,0,0
ML-02384,ENGINEERING,Track,5,69.51,48.79,8.7,113,3,1,3,0,6,4,2,0
ML-02385,S&T,Signal,4,85.27,37.43,3.4,106,3,0,5,1,4,1,4,0
ML-02386,TRD,Transformer,4,73.09,51.37,9.2,51,2,0,3,1,5,2,3,0
ML-02387,ENGINEERING,Point & Crossing,4,95.35,24.66,6.7,31,1,0,3,0,3,0,0,0
ML-02388,S&T,Point Machine,3,86.03,32.36,10.7,61,1,1,4,0,1,0,0,0
ML-02389,TRD,Section Insulator,1,96.28,7.94,2.9,53,1,0,3,0,1,0,0,0
ML-02390,ENGINEERING,Track,3,82.41,28.04,5.0,98,1,0,3,0,2,0,1,0
ML-02391,ENGINEERING,Point & Crossing,5,77.74,47.79,11.3,64,0,0,0,1,4,3,1,0
ML-02392,TRD,OHE,2,53.03,61.21,20.3,153,2,0,3,0,3,1,2,0
ML-02393,ENGINEERING,Track,4,57.89,66.59,21.7,91,3,2,2,0,4,3,2,0
ML-02394,TRD,Section Insulator,4,71.01,47.09,11.3,194,1,1,3,1,6,2,2,0
ML-02395,TRD,Section Insulator,3,86.2,32.2,11.6,63,2,0,3,0,3,2,0,0
ML-02396,TRD,Transformer,2,61.49,50.84,22.5,85,0,0,0,0,1,0,0,0
ML-02397,S&T,Axle Counter,1,80.39,20.88,9.1,116,0,0,0,0,2,1,0,0
ML-02398,TRD,Transformer,4,38.27,91.9,30.0,78,3,2,2,1,8,7,7,0
ML-02399,ENGINEERING,Bridge,4,78.3,43.8,10.0,158,2,1,5,1,2,1,1,0
ML-02400,S&T,Point Machine,3,78.72,35.78,10.4,128,2,1,3,0,2,0,0,0
ML-02401,TRD,Transformer,2,67.53,40.38,19.3,77,0,0,0,0,3,0,1,0
ML-02402,S&T,Point Machine,5,69.42,56.39,10.9,58,2,0,3,0,1,0,1,1
ML-02403,ENGINEERING,Bridge,4,79.23,50.48,13.3,137,0,0,0,0,7,2,5,0
ML-02404,S&T,Signal,4,46.58,72.41,28.5,47,4,1,1,0,3,1,1,0
ML-02405,S&T,Point Machine,4,90.28,25.07,4.2,184,1,1,3,0,3,1,0,0
ML-02406,TRD,Transformer,5,73.74,49.43,8.9,177,0,0,0,0,6,1,1,0
ML-02407,ENGINEERING,Point & Crossing,4,51.05,61.44,22.1,93,0,0,0,0,3,0,0,1
ML-02408,ENGINEERING,Track,3,69.64,48.59,13.7,76,1,0,3,0,2,1,0,0
ML-02409,S&T,Signal,3,76.37,44.45,14.3,110,3,1,3,0,7,4,2,0
ML-02410,S&T,Signal,3,84.27,27.23,8.8,68,1,1,2,0,2,2,1,0
ML-02411,S&T,Signal,4,81.59,45.32,13.2,59,2,0,1,1,2,1,0,0
ML-02412,ENGINEERING,Track,5,63.86,58.24,16.4,108,4,2,5,1,2,1,0,1
ML-02413,ENGINEERING,Point & Crossing,4,49.99,66.86,17.9,31,2,1,2,0,4,3,1,0
ML-02414,ENGINEERING,Track,1,86.53,25.95,6.1,214,0,0,0,0,2,1,1,1
ML-02415,ENGINEERING,Track,3,56.28,63.65,22.1,15,2,1,3,0,2,1,1,0
ML-02416,TRD,OHE,2,71.11,35.26,15.5,43,0,0,0,0,5,0,2,0
ML-02417,TRD,Transformer,5,70.72,52.95,11.6,79,1,0,2,0,3,1,1,1
ML-02418,ENGINEERING,Point & Crossing,2,83.36,29.89,10.6,61,1,0,2,0,2,1,1,0
ML-02419,ENGINEERING,Track,3,77.59,41.9,12.1,7,1,0,3,0,1,0,0,0
ML-02420,S&T,Signal,4,66.42,55.02,12.7,165,2,0,3,1,3,2,2,0
ML-02421,S&T,Signal,3,75.96,47.74,19.3,59,2,1,2,0,3,1,2,0
ML-02422,S&T,Signal,4,70.18,52.11,15.0,51,4,2,3,0,2,1,0,0
ML-02423,TRD,Transformer,4,90.78,41.95,5.4,78,2,0,2,0,1,1,1,0
ML-02424,ENGINEERING,Bridge,1,64.6,49.8,22.3,71,1,0,2,0,1,1,0,0
ML-02425,TRD,Section Insulator,3,69.21,49.82,20.4,114,0,0,0,1,2,1,2,0
ML-02426,ENGINEERING,Bridge,3,88.12,30.71,5.9,169,2,1,3,0,3,0,0,0
ML-02427,TRD,OHE,4,68.36,60.8,16.6,42,1,1,2,1,3,2,1,1
ML-02428,S&T,Axle Counter,1,70.51,40.15,25.7,66,2,1,3,0,2,1,0,0
ML-02429,ENGINEERING,Bridge,4,75.37,36.69,5.0,15,1,0,3,1,1,0,0,0
ML-02430,S&T,Signal,4,77.17,38.48,7.5,98,0,0,0,0,1,0,1,0
ML-02431,S&T,Point Machine,2,70.8,45.19,15.2,72,2,1,3,0,4,2,1,0
ML-02432,S&T,Signal,4,74.25,49.54,9.9,73,2,1,3,1,2,2,1,0
ML-02433,ENGINEERING,Bridge,1,72.23,33.03,18.3,196,0,0,0,0,1,0,0,0
ML-02434,TRD,Transformer,5,84.8,39.92,6.2,118,1,1,5,0,6,4,3,0
ML-02435,TRD,OHE,4,79.56,46.52,8.3,123,2,0,2,1,2,1,1,1
ML-02436,ENGINEERING,Point & Crossing,1,80.96,32.94,15.1,23,1,0,4,1,4,0,0,0
ML-02437,S&T,Point Machine,3,80.34,31.63,7.5,81,0,0,0,1,4,1,2,0
ML-02438,ENGINEERING,Point & Crossing,3,67.95,47.84,18.1,94,1,0,3,0,4,2,2,0
ML-02439,ENGINEERING,Track,4,64.47,42.2,8.2,43,0,0,0,0,1,1,0,0
ML-02440,TRD,Transformer,3,84.53,36.29,8.9,52,0,0,0,0,0,0,0,0
ML-02441,ENGINEERING,Point & Crossing,4,68.98,74.89,21.7,99,1,0,3,1,9,6,6,1
ML-02442,S&T,Axle Counter,4,58.65,57.98,18.8,101,2,1,3,1,4,3,2,1
ML-02443,S&T,Signal,4,77.43,50.96,13.8,18,0,0,0,1,2,0,1,0
ML-02444,S&T,Point Machine,5,57.04,72.57,18.8,114,2,1,2,0,5,3,1,1
ML-02445,S&T,Signal,1,76.34,24.9,16.2,56,1,0,2,0,1,0,0,0
ML-02446,ENGINEERING,Point & Crossing,3,78.35,39.08,13.5,35,4,1,3,0,3,1,0,1
ML-02447,S&T,Axle Counter,1,81.23,23.53,14.2,119,1,0,2,0,3,0,1,0
ML-02448,ENGINEERING,Point & Crossing,2,55.12,45.88,16.6,24,1,0,2,0,2,1,1,0
ML-02449,TRD,Section Insulator,4,87.58,39.3,10.7,46,3,0,3,1,3,1,1,0
ML-02450,TRD,Section Insulator,5,74.87,51.37,4.2,131,2,1,3,1,3,1,2,0
ML-02451,ENGINEERING,Bridge,4,70.78,55.84,11.2,40,2,0,3,0,4,1,1,0
ML-02452,S&T,Point Machine,2,75.38,42.34,11.5,172,0,0,0,0,3,0,1,0
ML-02453,TRD,OHE,2,83.12,20.0,9.6,85,1,0,3,0,1,0,0,0
ML-02454,ENGINEERING,Bridge,4,77.94,38.48,10.1,164,2,1,3,0,3,2,2,0
ML-02455,ENGINEERING,Point & Crossing,5,75.51,56.17,14.7,279,2,1,3,0,5,3,3,0
ML-02456,ENGINEERING,Point & Crossing,1,83.88,15.88,10.2,97,0,0,0,0,2,1,0,0
ML-02457,S&T,Axle Counter,3,87.59,23.63,5.8,48,3,0,3,0,4,2,0,0
ML-02458,ENGINEERING,Point & Crossing,1,76.02,34.68,15.9,101,1,0,2,0,4,4,1,0
ML-02459,TRD,OHE,4,78.94,49.09,9.5,218,0,0,0,1,1,1,0,0
ML-02460,S&T,Axle Counter,4,80.38,47.25,13.2,49,0,0,0,0,6,2,2,0
ML-02461,TRD,Transformer,4,52.13,65.66,21.7,113,2,2,1,1,5,4,3,1
ML-02462,TRD,Section Insulator,3,55.0,61.6,16.7,76,3,1,4,1,2,1,1,1
ML-02463,ENGINEERING,Bridge,4,79.69,40.48,12.7,98,0,0,0,0,1,0,0,0
ML-02464,S&T,Signal,2,82.24,31.23,7.6,78,2,0,4,0,5,2,1,1
ML-02465,S&T,Axle Counter,4,69.77,48.52,11.9,124,1,1,2,0,2,1,1,0
ML-02466,ENGINEERING,Bridge,1,85.73,25.95,7.9,85,1,1,3,0,4,2,2,1
ML-02467,TRD,OHE,2,83.12,29.89,11.2,64,3,1,3,1,4,1,2,1
ML-02468,ENGINEERING,Track,3,85.63,27.7,4.9,20,0,0,0,1,1,0,1,0
ML-02469,TRD,OHE,4,61.27,53.49,16.1,24,1,0,1,0,4,2,3,0
ML-02470,S&T,Axle Counter,2,75.79,41.75,12.9,45,0,0,0,1,2,1,0,0
ML-02471,TRD,Section Insulator,1,77.3,23.32,14.6,93,1,0,3,1,3,0,0,0
ML-02472,ENGINEERING,Track,2,81.69,23.85,7.4,101,0,0,0,0,1,1,0,0
ML-02473,TRD,Section Insulator,4,68.47,51.99,13.1,155,1,0,5,1,3,0,0,0
ML-02474,ENGINEERING,Bridge,3,83.13,29.9,6.8,120,0,0,0,0,1,1,0,0
ML-02475,ENGINEERING,Track,2,70.12,48.82,14.7,74,2,0,4,1,3,2,0,0
ML-02476,S&T,Point Machine,3,79.68,42.43,12.1,37,1,0,3,0,3,1,1,0
ML-02477,TRD,Transformer,2,80.29,23.5,7.1,75,0,0,0,0,4,2,2,0
ML-02478,S&T,Signal,4,77.11,50.46,9.5,109,1,0,5,1,3,2,0,1
ML-02479,TRD,OHE,4,82.76,37.25,6.5,42,3,2,3,0,4,4,2,0
ML-02480,ENGINEERING,Track,3,77.11,34.32,14.6,60,0,0,0,1,2,1,1,0
ML-02481,S&T,Axle Counter,3,66.17,60.62,24.4,31,0,0,0,0,6,3,4,0
ML-02482,S&T,Signal,4,71.37,56.2,14.1,36,0,0,0,0,1,0,1,0
ML-02483,ENGINEERING,Track,5,76.02,48.99,12.0,157,1,0,3,1,6,2,2,0
ML-02484,S&T,Axle Counter,1,71.3,38.18,19.2,134,2,0,3,1,3,2,1,0
ML-02485,TRD,OHE,3,97.31,18.3,2.9,94,1,0,3,0,7,1,1,1
ML-02486,S&T,Axle Counter,3,96.59,29.21,9.7,104,1,0,2,0,3,1,1,0
ML-02487,S&T,Axle Counter,3,55.39,62.44,28.0,48,0,0,0,0,4,1,1,1
ML-02488,ENGINEERING,Point & Crossing,5,68.14,60.72,12.3,133,4,1,4,1,5,3,1,0
ML-02489,ENGINEERING,Track,1,77.34,40.28,21.6,101,1,0,3,1,4,1,1,0
ML-02490,TRD,OHE,1,81.15,28.36,10.0,54,0,0,0,0,1,0,0,0
ML-02491,ENGINEERING,Bridge,1,75.34,21.21,12.5,53,5,3,3,0,3,1,2,0
ML-02492,ENGINEERING,Point & Crossing,4,98.0,22.59,5.2,109,1,0,2,1,5,3,0,0
ML-02493,S&T,Axle Counter,5,76.2,46.99,12.3,41,2,0,2,0,1,0,1,1
ML-02494,TRD,Section Insulator,3,77.58,32.23,9.7,98,1,0,5,0,5,2,3,1
ML-02495,ENGINEERING,Point & Crossing,5,80.56,43.23,11.3,152,0,0,0,0,2,1,0,0
ML-02496,TRD,OHE,5,92.99,40.33,10.2,29,1,0,3,0,2,1,1,0
ML-02497,TRD,Section Insulator,1,85.27,23.63,14.6,59,3,1,3,0,3,1,0,0
ML-02498,ENGINEERING,Point & Crossing,4,65.07,62.04,22.0,72,3,0,3,0,5,3,3,1
ML-02499,TRD,Transformer,4,91.22,27.02,9.0,60,0,0,0,0,2,2,0,0
ML-02500,TRD,Transformer,2,63.94,42.95,17.2,204,3,0,3,0,2,0,0,0
ML-02501,ENGINEERING,Bridge,2,81.6,29.29,12.3,27,0,0,0,0,5,0,2,0
ML-02502,ENGINEERING,Bridge,2,62.18,40.99,12.6,14,2,1,3,1,2,2,0,0
ML-02503,S&T,Signal,3,70.86,49.96,15.3,44,2,2,4,0,1,1,1,0
ML-02504,TRD,Transformer,2,80.56,33.71,13.9,31,0,0,0,0,4,2,1,0
ML-02505,TRD,Section Insulator,3,76.92,40.52,11.8,73,1,0,3,0,1,0,0,1
ML-02506,S&T,Point Machine,1,62.61,49.19,25.6,87,2,1,3,1,1,1,0,0
ML-02507,TRD,Section Insulator,1,65.62,30.73,10.5,49,3,0,3,0,9,2,2,0
ML-02508,TRD,Section Insulator,3,72.52,35.77,9.8,136,0,0,0,1,2,0,0,0
ML-02509,ENGINEERING,Track,4,50.45,71.61,21.3,92,1,1,3,1,5,3,3,1
ML-02510,ENGINEERING,Bridge,2,73.92,35.05,10.7,83,0,0,0,0,2,0,1,0
ML-02511,ENGINEERING,Track,3,59.7,53.17,19.1,108,1,0,5,0,4,2,0,1
ML-02512,S&T,Signal,3,69.24,51.06,13.4,81,0,0,0,1,6,2,3,1
ML-02513,S&T,Signal,3,77.74,43.3,14.5,77,2,0,4,0,3,1,0,0
ML-02514,S&T,Axle Counter,1,69.51,43.79,9.5,124,1,1,2,0,2,2,1,0
ML-02515,S&T,Point Machine,5,70.79,52.76,9.9,38,1,0,3,1,5,1,3,0
ML-02516,ENGINEERING,Point & Crossing,4,75.04,43.7,16.8,47,1,0,3,0,3,0,0,0
ML-02517,S&T,Point Machine,2,96.49,6.91,3.0,112,1,0,3,0,0,0,0,0
ML-02518,S&T,Axle Counter,4,66.05,54.15,16.8,168,6,3,1,1,7,4,1,0
ML-02519,ENGINEERING,Bridge,5,81.74,44.35,9.3,211,3,2,3,1,3,0,0,0
ML-02520,TRD,Section Insulator,5,89.31,49.48,14.6,54,1,0,2,0,3,2,0,0
ML-02521,TRD,OHE,4,74.0,46.04,7.3,85,0,0,0,1,3,3,1,0
ML-02522,ENGINEERING,Point & Crossing,4,61.81,63.48,13.6,118,1,1,4,1,5,2,2,0
ML-02523,S&T,Axle Counter,5,53.76,77.67,30.0,85,1,0,3,1,3,1,3,0
ML-02524,ENGINEERING,Point & Crossing,5,71.81,51.05,7.2,110,2,1,1,0,1,0,0,0
ML-02525,S&T,Axle Counter,2,69.51,51.94,22.0,226,1,0,3,1,4,1,2,0
ML-02526,ENGINEERING,Track,5,82.56,48.16,9.0,157,2,1,3,0,6,3,1,0
ML-02527,TRD,OHE,5,63.74,58.2,11.9,96,2,0,3,0,2,0,1,1
ML-02528,ENGINEERING,Track,4,77.2,45.36,3.6,97,0,0,0,1,4,1,1,0
ML-02529,S&T,Point Machine,2,81.72,26.33,5.5,31,2,0,1,0,2,1,0,0
ML-02530,TRD,Transformer,4,70.21,48.29,14.4,106,0,0,0,0,4,1,2,1
ML-02531,TRD,Transformer,3,73.9,46.47,15.9,89,2,1,1,1,6,2,3,0
ML-02532,S&T,Point Machine,3,77.05,37.66,14.2,59,1,0,3,1,5,1,1,0
ML-02533,ENGINEERING,Bridge,2,68.38,42.96,18.6,153,1,0,2,1,8,1,3,0
ML-02534,S&T,Axle Counter,4,73.78,58.58,14.7,74,3,0,3,1,2,2,1,0
ML-02535,TRD,Section Insulator,4,79.02,35.99,5.3,88,3,2,2,0,1,1,1,0
ML-02536,ENGINEERING,Bridge,3,77.86,25.54,5.4,80,5,1,2,0,5,1,0,0
ML-02537,S&T,Axle Counter,3,80.15,47.57,12.0,37,0,0,0,0,3,2,0,0
ML-02538,TRD,Section Insulator,3,84.99,42.87,8.5,91,1,0,3,0,7,1,3,0
ML-02539,ENGINEERING,Bridge,1,87.55,20.97,8.6,138,1,0,3,1,2,1,0,0
ML-02540,ENGINEERING,Track,2,63.38,34.73,14.0,43,1,1,2,0,2,0,1,0
ML-02541,ENGINEERING,Bridge,1,82.1,27.4,11.5,76,0,0,0,0,3,1,3,0
ML-02542,TRD,Section Insulator,3,66.66,49.15,20.6,43,2,0,3,0,3,2,0,0
ML-02543,ENGINEERING,Track,4,54.64,67.25,20.5,26,4,2,3,0,3,2,3,0
ML-02544,TRD,OHE,1,56.03,45.77,19.5,53,1,0,4,0,1,0,0,0
ML-02545,S&T,Point Machine,4,80.42,50.66,18.7,51,1,0,3,1,1,0,0,1
ML-02546,S&T,Point Machine,2,78.95,26.21,7.4,21,1,0,3,1,2,1,1,0
ML-02547,ENGINEERING,Point & Crossing,1,44.48,54.68,23.1,20,2,1,3,0,4,2,2,0
ML-02548,S&T,Signal,2,87.87,19.22,7.0,69,0,0,0,1,5,2,0,0
ML-02549,S&T,Axle Counter,4,49.01,78.82,19.7,41,4,1,3,1,5,3,2,0
ML-02550,ENGINEERING,Track,4,75.54,46.71,14.4,63,2,1,3,1,0,0,0,0
ML-02551,TRD,Transformer,2,75.71,37.22,23.3,145,1,1,3,1,1,0,1,0
ML-02552,TRD,Section Insulator,4,90.68,43.35,14.1,196,0,0,0,0,4,2,1,0
ML-02553,S&T,Axle Counter,2,73.43,32.6,12.0,52,6,3,2,1,5,2,0,0
ML-02554,S&T,Point Machine,1,69.84,32.08,18.3,72,2,1,3,0,1,1,1,0
ML-02555,ENGINEERING,Bridge,3,84.04,27.5,8.7,35,0,0,0,1,3,1,0,0
ML-02556,TRD,Transformer,5,56.37,57.09,7.6,64,4,1,3,0,4,2,1,0
ML-02557,ENGINEERING,Track,4,82.14,49.9,13.3,189,1,0,3,1,0,0,0,0
ML-02558,TRD,OHE,2,90.34,26.68,5.3,94,1,1,3,0,3,1,0,0
ML-02559,ENGINEERING,Bridge,1,70.13,38.57,14.2,96,0,0,0,0,1,1,0,0
ML-02560,ENGINEERING,Point & Crossing,1,86.9,28.91,8.6,23,0,0,0,0,4,1,0,1
ML-02561,ENGINEERING,Point & Crossing,5,69.29,53.33,12.0,78,0,0,0,0,3,2,1,0
ML-02562,ENGINEERING,Point & Crossing,2,92.13,14.13,2.2,76,1,0,1,1,0,0,0,0
ML-02563,ENGINEERING,Bridge,3,92.35,32.13,8.2,83,1,0,3,1,2,0,0,0
ML-02564,ENGINEERING,Bridge,4,59.43,72.5,28.0,106,0,0,0,0,4,3,1,1
ML-02565,S&T,Signal,4,69.38,37.59,2.9,315,2,0,1,0,1,1,0,0
ML-02566,ENGINEERING,Bridge,3,48.9,62.24,21.3,227,2,0,3,1,3,0,1,0
ML-02567,ENGINEERING,Point & Crossing,5,63.76,61.61,16.6,18,2,1,3,0,5,1,2,1
ML-02568,ENGINEERING,Point & Crossing,3,75.13,39.59,10.9,69,1,0,3,1,5,3,0,1
ML-02569,ENGINEERING,Bridge,3,67.02,50.12,16.9,81,2,1,3,0,3,2,1,1
ML-02570,S&T,Point Machine,4,73.33,50.29,7.8,50,3,0,5,1,1,1,1,1
ML-02571,TRD,Transformer,3,88.97,37.41,11.7,59,3,0,3,0,4,1,1,0
ML-02572,S&T,Point Machine,4,59.43,56.37,16.7,73,1,1,3,1,3,1,1,0
ML-02573,ENGINEERING,Bridge,3,75.24,43.57,11.5,251,6,5,2,0,3,1,1,0
ML-02574,TRD,Section Insulator,2,57.0,47.24,21.4,37,2,0,3,0,1,0,0,0
ML-02575,ENGINEERING,Bridge,2,62.17,54.23,22.8,110,2,0,3,0,0,0,0,0
ML-02576,ENGINEERING,Bridge,4,91.68,31.61,5.1,50,2,0,3,0,3,0,1,0
ML-02577,S&T,Axle Counter,5,86.34,46.15,12.7,97,2,0,3,0,7,3,2,0
ML-02578,ENGINEERING,Track,2,96.41,16.33,6.3,105,0,0,0,0,0,0,0,0
ML-02579,ENGINEERING,Bridge,5,67.38,54.17,17.7,193,1,0,1,1,2,1,0,0
ML-02580,S&T,Signal,3,78.95,34.56,11.7,74,0,0,0,1,3,2,1,0
ML-02581,TRD,Section Insulator,3,88.26,26.51,11.8,29,2,1,3,0,4,2,0,0
ML-02582,ENGINEERING,Point & Crossing,3,83.37,30.52,8.4,48,1,1,3,1,3,0,0,0
ML-02583,TRD,Section Insulator,4,79.74,41.94,6.1,72,1,1,3,0,0,0,0,0
ML-02584,S&T,Signal,3,94.12,25.57,7.8,49,1,0,3,1,6,3,1,0
ML-02585,TRD,Section Insulator,5,100.0,36.52,7.3,36,1,1,2,1,1,0,1,0
ML-02586,ENGINEERING,Bridge,1,91.09,8.18,5.7,31,1,0,3,0,3,0,1,0
ML-02587,TRD,OHE,1,82.67,28.92,17.4,77,0,0,0,0,1,1,0,0
ML-02588,S&T,Axle Counter,4,80.22,41.52,10.1,80,1,0,3,0,10,1,4,0
ML-02589,TRD,Section Insulator,5,39.23,89.21,27.7,101,2,0,2,1,2,1,1,1
ML-02590,S&T,Point Machine,4,66.49,56.76,14.7,21,1,1,3,0,6,2,5,0
ML-02591,S&T,Axle Counter,5,83.49,46.94,11.6,70,1,0,3,0,2,0,1,0
ML-02592,ENGINEERING,Bridge,3,87.93,31.83,7.4,70,0,0,0,0,5,1,3,0
ML-02593,TRD,Section Insulator,4,80.85,32.67,6.8,197,2,0,2,0,2,0,0,0
ML-02594,TRD,Section Insulator,2,91.73,25.41,15.4,82,2,0,1,0,3,1,1,0
ML-02595,TRD,Section Insulator,4,68.65,55.66,11.4,48,2,0,3,0,5,4,0,1
ML-02596,ENGINEERING,Point & Crossing,2,88.57,25.24,9.3,26,0,0,0,0,3,1,0,0
ML-02597,S&T,Axle Counter,2,76.63,41.34,9.8,89,1,0,3,1,3,3,0,0
ML-02598,TRD,OHE,4,59.26,58.4,19.1,36,0,0,0,1,1,1,1,0
ML-02599,ENGINEERING,Track,4,87.28,36.98,6.9,38,0,0,0,0,3,2,0,0
ML-02600,ENGINEERING,Bridge,4,84.69,31.48,9.9,135,0,0,0,0,4,0,1,0
ML-02601,S&T,Signal,2,63.65,49.2,22.6,98,2,1,3,0,2,1,0,0
ML-02602,S&T,Point Machine,5,68.92,43.36,6.9,76,1,0,3,1,5,4,1,0
ML-02603,TRD,Section Insulator,1,88.92,15.2,4.0,26,3,1,2,0,2,0,0,0
ML-02604,ENGINEERING,Point & Crossing,4,59.83,62.14,16.3,102,0,0,0,1,2,1,2,0
ML-02605,ENGINEERING,Point & Crossing,4,74.43,53.45,17.3,190,2,0,3,0,3,1,0,1
ML-02606,ENGINEERING,Point & Crossing,4,88.38,37.98,10.9,104,1,0,3,0,3,1,1,0
ML-02607,TRD,OHE,5,40.71,79.08,23.8,60,2,1,5,1,4,4,2,1
ML-02608,ENGINEERING,Bridge,2,67.2,46.5,14.9,122,1,0,2,0,4,2,0,1
ML-02609,ENGINEERING,Point & Crossing,4,62.21,65.13,18.7,125,0,0,0,1,6,5,5,1
ML-02610,ENGINEERING,Track,4,57.54,66.35,22.8,170,3,0,3,1,4,2,2,0
ML-02611,TRD,OHE,3,66.61,53.47,16.6,35,1,1,3,1,3,1,3,0
ML-02612,ENGINEERING,Track,5,72.41,57.59,13.6,156,0,0,0,1,1,1,1,0
ML-02613,S&T,Point Machine,4,76.6,46.38,14.5,82,1,0,3,1,4,0,1,0
ML-02614,ENGINEERING,Point & Crossing,4,71.06,60.08,14.0,219,3,1,2,0,2,2,2,0
ML-02615,S&T,Signal,4,60.91,67.25,23.2,79,3,2,1,1,0,0,0,0
ML-02616,ENGINEERING,Track,4,68.24,54.77,10.9,69,0,0,0,0,7,5,1,1
ML-02617,S&T,Axle Counter,2,82.38,29.36,17.1,14,0,0,0,1,7,1,1,0
ML-02618,ENGINEERING,Bridge,3,79.93,36.85,15.8,60,1,0,3,0,2,1,0,0
ML-02619,TRD,Transformer,4,85.76,42.68,9.1,97,0,0,0,0,3,2,1,0
ML-02620,TRD,Section Insulator,4,72.4,55.62,13.8,37,0,0,0,1,8,5,3,1
ML-02621,ENGINEERING,Bridge,4,81.29,39.82,7.6,64,3,1,1,1,1,0,1,1
ML-02622,S&T,Signal,3,52.14,63.3,27.3,46,0,0,0,0,4,1,3,0
ML-02623,TRD,Transformer,3,75.12,34.73,11.2,95,2,1,3,1,5,1,2,1
ML-02624,S&T,Axle Counter,5,55.52,67.48,21.0,63,1,0,3,0,3,2,3,0
ML-02625,ENGINEERING,Point & Crossing,2,87.5,23.76,5.2,62,0,0,0,0,2,1,1,0
ML-02626,ENGINEERING,Point & Crossing,4,98.89,31.23,5.2,69,2,0,2,1,2,2,1,1
ML-02627,TRD,OHE,5,61.43,68.09,15.8,86,0,0,0,1,6,3,2,0
ML-02628,ENGINEERING,Bridge,4,75.43,43.6,4.5,34,4,1,3,0,2,0,1,0
ML-02629,ENGINEERING,Bridge,4,62.78,66.76,20.6,54,2,0,3,0,5,2,2,1
ML-02630,ENGINEERING,Bridge,3,71.59,38.08,7.1,68,2,2,2,0,3,1,0,0
ML-02631,ENGINEERING,Point & Crossing,3,59.9,53.16,16.4,109,2,0,2,0,8,6,4,0
ML-02632,ENGINEERING,Point & Crossing,3,75.65,31.61,7.1,84,0,0,0,1,2,1,0,0
ML-02633,S&T,Axle Counter,5,95.21,34.77,5.4,38,3,0,3,0,2,1,0,0
ML-02634,ENGINEERING,Point & Crossing,1,74.12,26.21,11.4,16,0,0,0,1,5,1,4,0
ML-02635,ENGINEERING,Bridge,5,79.27,55.28,12.8,39,1,0,5,0,5,2,1,0
ML-02636,ENGINEERING,Track,3,98.58,26.15,3.3,138,1,0,3,0,3,0,0,0
ML-02637,TRD,Section Insulator,4,73.18,54.85,14.5,60,1,0,1,1,2,0,0,0
ML-02638,ENGINEERING,Point & Crossing,3,79.92,39.14,11.1,74,1,0,2,0,3,1,2,0
ML-02639,TRD,OHE,3,71.9,51.75,19.2,121,1,0,3,0,4,3,1,0
ML-02640,TRD,Transformer,3,60.94,55.87,27.2,68,1,0,3,0,1,0,1,1
ML-02641,S&T,Axle Counter,3,74.96,35.99,7.4,136,1,0,3,1,4,1,0,1
ML-02642,TRD,Transformer,5,80.55,47.56,12.5,52,2,0,1,0,0,0,0,0
ML-02643,S&T,Signal,4,76.92,43.48,8.6,67,0,0,0,0,3,1,1,0
ML-02644,ENGINEERING,Bridge,2,87.57,27.53,9.5,71,1,0,2,0,1,1,0,1
ML-02645,TRD,OHE,5,81.82,42.62,5.1,137,2,0,1,1,5,2,3,0
ML-02646,ENGINEERING,Bridge,3,72.0,45.71,18.4,73,2,2,4,0,1,1,1,1
ML-02647,TRD,Transformer,5,50.11,79.93,21.4,74,0,0,0,1,5,2,3,1
ML-02648,S&T,Axle Counter,3,82.69,39.0,8.8,172,1,0,2,0,3,0,1,0
ML-02649,TRD,OHE,3,85.31,33.19,5.3,51,1,0,4,1,2,0,0,0
ML-02650,ENGINEERING,Track,4,77.73,43.62,6.4,36,5,0,3,1,6,2,2,0
ML-02651,S&T,Point Machine,4,65.02,61.48,12.6,130,1,0,3,0,4,3,0,0
ML-02652,TRD,OHE,3,61.62,52.24,16.0,182,4,3,3,0,5,2,1,0
ML-02653,TRD,OHE,5,65.6,57.79,6.9,17,2,1,3,0,3,2,1,0
ML-02654,TRD,Transformer,4,77.01,50.41,12.0,34,0,0,0,1,3,3,0,0
ML-02655,ENGINEERING,Point & Crossing,3,73.36,42.97,19.5,96,0,0,0,1,1,0,0,1
ML-02656,S&T,Signal,3,93.88,19.34,6.0,41,1,0,3,1,4,2,0,0
ML-02657,ENGINEERING,Track,4,66.15,55.44,15.0,38,2,0,3,1,4,3,3,1
ML-02658,TRD,Section Insulator,2,90.51,26.39,11.4,100,0,0,0,1,2,1,0,1
ML-02659,S&T,Point Machine,4,78.2,50.23,15.4,23,1,1,3,0,4,3,1,0
ML-02660,ENGINEERING,Point & Crossing,3,96.78,28.96,11.0,93,1,1,3,0,4,1,0,0
ML-02661,S&T,Axle Counter,3,87.28,33.81,6.6,162,0,0,0,0,2,1,1,0
ML-02662,ENGINEERING,Track,2,66.87,31.97,13.0,33,3,0,3,0,3,0,1,0
ML-02663,TRD,Transformer,3,67.08,56.41,19.2,210,0,0,0,0,2,1,2,1
ML-02664,ENGINEERING,Bridge,2,86.48,38.44,9.9,72,1,1,3,1,4,2,2,0
ML-02665,ENGINEERING,Bridge,2,88.2,33.67,8.3,44,2,2,3,1,4,2,3,0
ML-02666,TRD,OHE,4,89.54,26.42,8.7,76,0,0,0,0,1,0,0,0
ML-02667,ENGINEERING,Point & Crossing,4,66.13,57.69,19.7,30,3,1,3,1,5,4,2,0
ML-02668,S&T,Point Machine,5,64.15,59.44,12.4,119,2,0,5,0,2,2,1,1
ML-02669,S&T,Axle Counter,5,87.07,47.22,6.3,44,3,1,3,0,1,0,0,0
ML-02670,TRD,Section Insulator,5,64.03,60.0,13.4,115,2,2,3,1,4,3,2,1
ML-02671,ENGINEERING,Track,4,61.18,48.88,11.9,44,2,1,3,0,4,3,1,0
ML-02672,ENGINEERING,Track,2,86.46,17.16,5.3,96,1,0,3,0,1,0,0,0
ML-02673,S&T,Axle Counter,4,82.41,34.0,2.6,71,3,1,2,0,0,0,0,0
ML-02674,TRD,OHE,1,87.09,20.09,9.3,61,0,0,0,0,2,1,0,0
ML-02675,ENGINEERING,Point & Crossing,4,78.62,47.48,8.5,69,1,0,3,1,4,3,1,0
ML-02676,ENGINEERING,Point & Crossing,3,87.18,31.3,5.4,45,3,0,3,1,1,1,0,0
ML-02677,TRD,OHE,2,67.82,39.52,10.1,47,0,0,0,0,3,1,0,0
ML-02678,S&T,Point Machine,3,75.87,46.23,15.9,164,1,0,3,0,6,2,2,0
ML-02679,S&T,Point Machine,4,73.14,51.27,14.0,67,3,2,2,0,4,2,2,0
ML-02680,S&T,Point Machine,2,76.39,39.21,12.6,119,0,0,0,0,8,2,1,1
ML-02681,ENGINEERING,Track,1,90.96,13.98,7.8,50,1,0,3,1,3,0,1,0
ML-02682,S&T,Point Machine,4,66.32,48.3,8.3,85,5,1,1,0,6,4,3,1
ML-02683,ENGINEERING,Bridge,4,56.87,62.58,12.2,165,1,0,3,1,5,5,2,0
ML-02684,S&T,Signal,2,68.36,43.8,16.7,42,1,0,5,1,3,3,0,1
ML-02685,S&T,Point Machine,3,71.8,51.6,21.5,75,1,1,3,1,5,3,2,0
ML-02686,S&T,Signal,5,92.73,40.38,6.2,32,3,0,3,0,1,0,0,0
ML-02687,ENGINEERING,Point & Crossing,2,75.24,41.25,16.0,137,2,0,5,0,2,0,0,0
ML-02688,ENGINEERING,Track,4,92.82,27.31,6.1,58,2,0,2,1,5,2,1,0
ML-02689,S&T,Axle Counter,5,65.03,63.96,14.8,27,2,0,2,1,7,4,3,1
ML-02690,ENGINEERING,Bridge,1,77.63,25.55,10.4,19,0,0,0,0,3,0,0,0
ML-02691,ENGINEERING,Bridge,4,84.48,39.05,7.4,76,1,0,2,1,2,1,0,0
ML-02692,TRD,Transformer,3,84.75,36.56,10.3,42,1,0,2,1,3,1,2,0
ML-02693,ENGINEERING,Track,1,95.85,4.97,4.9,135,0,0,0,0,1,0,0,1
ML-02694,ENGINEERING,Track,4,69.69,51.35,8.8,127,1,0,3,1,5,1,1,0
ML-02695,ENGINEERING,Track,2,67.81,38.3,14.5,40,4,0,4,1,3,1,0,0
ML-02696,TRD,OHE,4,69.59,59.32,25.4,44,1,0,5,1,4,2,3,1
ML-02697,S&T,Signal,3,61.98,53.56,13.6,54,3,0,1,1,3,1,0,0
ML-02698,ENGINEERING,Point & Crossing,5,76.52,51.76,10.7,13,2,2,1,1,3,2,0,1
ML-02699,S&T,Point Machine,5,46.76,70.88,17.7,26,2,1,3,0,2,1,2,0
ML-02700,ENGINEERING,Point & Crossing,2,65.7,39.4,11.0,33,3,1,3,0,7,3,0,0
ML-02701,S&T,Signal,1,91.62,11.04,5.5,42,4,1,3,0,1,1,0,0
ML-02702,TRD,OHE,2,67.71,36.33,15.5,107,0,0,0,0,4,1,1,0
ML-02703,TRD,OHE,5,74.72,58.66,16.1,214,5,0,4,1,3,0,1,1
ML-02704,TRD,OHE,5,64.93,58.3,16.2,113,3,2,1,0,10,2,3,0
ML-02705,ENGINEERING,Bridge,3,72.67,38.67,11.0,66,2,1,2,1,3,2,1,0
ML-02706,S&T,Signal,5,60.77,68.79,16.4,155,5,2,4,1,5,3,1,0
ML-02707,ENGINEERING,Bridge,4,74.07,47.61,11.0,97,1,0,2,1,4,2,1,0
ML-02708,S&T,Axle Counter,3,86.94,26.59,6.0,37,1,1,3,1,7,2,1,0
ML-02709,TRD,Section Insulator,3,81.34,28.63,3.5,94,1,1,2,1,3,0,1,0
ML-02710,ENGINEERING,Track,5,53.94,82.08,21.5,29,2,0,3,0,7,4,2,1
ML-02711,TRD,OHE,4,66.31,61.0,23.5,103,2,0,4,0,5,0,3,1
ML-02712,TRD,Transformer,5,63.88,74.11,22.4,65,2,0,2,1,2,0,2,1
ML-02713,ENGINEERING,Point & Crossing,4,65.38,46.79,14.3,86,2,1,3,1,0,0,0,0
ML-02714,ENGINEERING,Bridge,3,85.14,34.79,6.4,33,0,0,0,1,3,1,0,0
ML-02715,TRD,OHE,1,56.24,38.81,20.5,155,2,0,3,0,4,1,0,1
ML-02716,TRD,Transformer,5,83.8,40.58,13.3,70,0,0,0,0,2,1,0,0
ML-02717,TRD,Section Insulator,2,66.01,49.25,13.3,77,1,0,3,0,2,0,1,0
ML-02718,S&T,Axle Counter,2,88.6,24.82,8.7,146,0,0,0,0,0,0,0,0
ML-02719,ENGINEERING,Point & Crossing,3,80.36,32.72,7.6,58,0,0,0,0,3,2,0,0
ML-02720,S&T,Axle Counter,4,46.46,73.19,21.1,158,3,1,1,0,5,2,1,1
ML-02721,ENGINEERING,Bridge,3,71.33,44.57,11.6,204,2,0,3,1,4,2,0,0
ML-02722,S&T,Axle Counter,5,94.75,31.36,6.5,19,1,0,3,1,2,1,0,0
ML-02723,TRD,OHE,2,78.87,37.62,15.1,90,2,0,3,1,3,1,1,0
ML-02724,ENGINEERING,Point & Crossing,2,83.54,22.47,7.7,107,3,2,2,0,3,0,1,0
ML-02725,TRD,OHE,3,81.34,37.02,9.5,100,1,0,3,0,4,2,1,1
ML-02726,ENGINEERING,Bridge,4,69.4,65.63,15.2,60,3,0,2,0,2,1,0,1
ML-02727,ENGINEERING,Bridge,5,100.0,31.14,5.4,109,1,0,3,0,4,1,1,0
ML-02728,ENGINEERING,Point & Crossing,3,65.83,52.47,17.2,93,2,0,4,0,3,1,2,0
ML-02729,TRD,Transformer,5,82.6,48.94,7.9,118,2,1,2,0,4,3,0,0
ML-02730,ENGINEERING,Point & Crossing,3,77.9,34.32,5.7,34,3,0,3,0,4,1,1,0
ML-02731,ENGINEERING,Track,3,78.31,41.43,10.9,144,2,0,3,1,6,5,1,0
ML-02732,TRD,Section Insulator,1,78.72,35.84,7.9,98,1,1,3,1,2,1,1,0
ML-02733,S&T,Signal,3,58.6,51.3,18.7,77,1,1,3,0,7,5,2,0
ML-02734,ENGINEERING,Point & Crossing,3,76.49,40.88,9.6,43,3,1,3,0,4,2,0,0
ML-02735,TRD,OHE,1,76.35,30.98,15.8,35,1,0,3,0,2,0,1,1
ML-02736,ENGINEERING,Track,4,73.16,50.09,13.3,61,1,1,3,0,2,1,2,0
ML-02737,S&T,Signal,3,74.08,34.01,8.8,184,1,1,3,1,1,1,0,0
ML-02738,S&T,Signal,5,67.48,60.14,17.1,113,3,2,4,1,4,1,2,1
ML-02739,ENGINEERING,Bridge,2,74.77,36.79,16.3,114,1,0,3,1,6,3,0,1
ML-02740,TRD,Transformer,4,82.4,45.91,10.1,110,4,1,3,1,4,1,1,0
ML-02741,TRD,Transformer,5,81.78,45.65,7.5,186,2,0,2,1,5,1,1,0
ML-02742,TRD,Section Insulator,3,80.08,24.76,6.9,36,1,1,2,0,2,0,0,0
ML-02743,TRD,Transformer,4,78.95,49.29,6.3,34,0,0,0,0,0,0,0,0
ML-02744,ENGINEERING,Bridge,4,78.8,50.04,14.3,73,0,0,0,0,1,0,1,0
ML-02745,TRD,Transformer,4,89.02,30.21,7.4,73,1,0,2,0,0,0,0,0
ML-02746,S&T,Axle Counter,4,59.25,55.32,12.4,198,4,3,3,0,4,2,1,0
ML-02747,TRD,Transformer,4,69.62,53.54,16.9,29,0,0,0,0,3,1,1,0
ML-02748,TRD,OHE,3,82.15,34.54,14.4,18,0,0,0,0,0,0,0,0
ML-02749,ENGINEERING,Track,1,73.54,23.16,8.0,56,2,1,3,0,5,0,0,0
ML-02750,ENGINEERING,Point & Crossing,4,70.11,50.67,17.9,107,3,1,3,0,4,1,2,0
ML-02751,ENGINEERING,Bridge,4,60.99,52.09,22.1,62,5,2,5,1,2,0,1,1
ML-02752,TRD,Section Insulator,5,84.92,46.58,9.2,16,1,0,3,1,3,3,2,0
ML-02753,S&T,Signal,1,79.37,16.34,8.6,89,0,0,0,0,2,1,0,0
ML-02754,ENGINEERING,Track,4,75.14,44.03,8.3,196,0,0,0,1,3,3,1,1
ML-02755,TRD,Transformer,5,79.31,61.76,11.4,30,3,1,5,1,4,2,3,0
ML-02756,ENGINEERING,Bridge,3,80.91,39.72,10.2,85,1,0,1,1,5,0,1,0
ML-02757,S&T,Point Machine,3,79.06,34.23,7.5,176,4,2,3,1,3,1,2,0
ML-02758,S&T,Axle Counter,3,98.09,32.3,6.0,59,0,0,0,1,2,1,0,0
ML-02759,S&T,Axle Counter,1,89.11,14.42,12.7,95,0,0,0,0,3,0,0,0
ML-02760,ENGINEERING,Track,4,66.24,48.58,4.2,76,1,0,3,1,4,3,0,0
ML-02761,ENGINEERING,Bridge,4,65.52,60.51,13.7,129,1,0,1,0,7,3,2,0
ML-02762,TRD,Transformer,3,80.09,41.0,11.7,36,1,0,3,0,3,2,2,0
ML-02763,TRD,OHE,3,83.75,34.67,10.8,184,2,0,3,0,2,2,0,0
ML-02764,ENGINEERING,Track,3,71.85,35.27,13.4,81,3,2,3,0,2,1,1,0
ML-02765,TRD,Section Insulator,4,84.69,37.82,5.3,45,1,0,3,1,3,1,0,0
ML-02766,ENGINEERING,Point & Crossing,4,79.07,41.43,11.9,78,3,0,1,1,2,0,0,1
ML-02767,TRD,Transformer,4,74.89,45.26,11.2,59,5,2,3,0,0,0,0,0
ML-02768,S&T,Axle Counter,1,90.8,19.36,9.9,42,0,0,0,0,5,1,1,0
ML-02769,TRD,Transformer,1,86.54,18.63,8.8,69,0,0,0,0,2,1,1,0
ML-02770,S&T,Axle Counter,1,92.33,16.83,11.2,95,3,0,4,0,1,0,0,1
ML-02771,TRD,Section Insulator,3,65.37,47.38,18.5,76,1,0,4,1,1,1,0,0
ML-02772,S&T,Signal,4,65.86,60.75,12.0,48,2,0,3,1,2,2,0,0
ML-02773,S&T,Point Machine,3,78.79,35.61,12.1,146,2,1,5,1,4,3,0,0
ML-02774,ENGINEERING,Bridge,4,56.18,68.41,17.3,152,2,0,3,0,6,4,4,0
ML-02775,TRD,Section Insulator,1,78.52,26.66,10.4,76,1,0,3,0,3,1,0,0
ML-02776,S&T,Axle Counter,3,85.91,27.17,2.2,123,3,1,2,0,4,1,1,0
ML-02777,TRD,OHE,4,92.53,37.44,7.5,48,5,1,4,1,4,1,1,1
ML-02778,ENGINEERING,Point & Crossing,2,68.55,32.56,7.8,88,3,1,2,1,3,1,0,0
ML-02779,ENGINEERING,Bridge,2,72.93,40.32,17.9,71,1,1,1,1,2,0,0,0
ML-02780,TRD,Section Insulator,5,55.53,61.77,8.9,48,3,0,3,1,4,2,3,1
ML-02781,TRD,OHE,3,80.67,39.05,11.2,110,2,1,1,0,4,1,0,0
ML-02782,S&T,Point Machine,3,76.09,46.88,11.6,108,1,0,3,1,5,0,1,0
ML-02783,TRD,Transformer,3,73.12,36.34,10.0,44,1,0,1,0,2,0,0,1
ML-02784,S&T,Axle Counter,5,63.72,58.64,11.4,69,2,0,4,1,9,6,3,0
ML-02785,ENGINEERING,Track,3,70.49,50.24,14.0,112,1,1,4,0,0,0,0,0
ML-02786,S&T,Signal,1,89.05,24.92,7.6,48,1,0,3,0,1,0,0,0
ML-02787,ENGINEERING,Track,3,97.29,29.86,6.3,34,0,0,0,0,2,1,1,0
ML-02788,ENGINEERING,Bridge,3,64.12,48.59,14.0,122,3,2,2,0,5,3,1,0
ML-02789,S&T,Point Machine,2,70.73,37.13,11.0,240,0,0,0,1,2,1,2,1
ML-02790,TRD,Transformer,4,79.02,46.98,13.5,223,0,0,0,1,3,1,2,0
ML-02791,ENGINEERING,Point & Crossing,2,100.0,16.04,7.1,96,0,0,0,0,1,0,0,0
ML-02792,S&T,Point Machine,2,82.93,33.62,17.8,40,1,0,3,0,5,2,0,0
ML-02793,S&T,Axle Counter,4,65.07,50.71,12.1,128,2,1,3,0,4,1,1,0
ML-02794,TRD,Transformer,3,84.06,36.01,12.9,235,1,0,3,0,5,3,0,0
ML-02795,ENGINEERING,Bridge,4,38.23,90.29,30.0,90,4,1,3,1,5,2,4,1
ML-02796,TRD,Transformer,2,87.74,20.54,0.9,66,2,0,4,0,1,0,0,0
ML-02797,ENGINEERING,Bridge,3,71.41,40.56,11.0,21,0,0,0,0,1,0,1,0
ML-02798,TRD,Section Insulator,3,85.88,35.99,10.3,86,2,1,3,0,6,0,2,1
ML-02799,TRD,Transformer,4,90.83,35.14,8.3,131,1,0,2,1,6,1,2,0
ML-02800,TRD,OHE,1,79.57,25.7,11.6,112,0,0,0,0,3,2,0,0
ML-02801,S&T,Axle Counter,1,81.49,28.28,12.4,82,2,1,3,1,3,1,1,0
ML-02802,S&T,Point Machine,3,100.0,15.89,2.5,148,1,1,3,0,2,1,0,0
ML-02803,S&T,Signal,5,47.89,73.56,17.5,59,1,0,5,1,9,8,4,0
ML-02804,ENGINEERING,Track,4,66.87,59.09,10.9,153,2,2,3,1,2,2,2,1
ML-02805,S&T,Point Machine,4,61.74,57.27,15.6,75,1,0,1,1,4,2,0,0
ML-02806,TRD,Transformer,5,79.78,41.86,16.7,92,2,2,3,0,4,4,2,0
ML-02807,TRD,Transformer,3,77.15,38.7,8.8,34,2,2,2,0,5,3,0,1
ML-02808,TRD,Transformer,2,63.35,43.85,20.9,60,3,1,3,1,3,1,2,0
ML-02809,TRD,Transformer,2,84.7,27.9,12.4,43,2,0,3,1,3,0,1,1
ML-02810,TRD,Transformer,4,68.63,41.84,9.1,26,1,1,2,0,4,3,2,0
ML-02811,S&T,Signal,3,83.63,27.77,8.3,45,1,0,3,0,3,0,1,0
ML-02812,ENGINEERING,Track,4,79.54,36.37,5.0,49,0,0,0,1,2,0,0,0
ML-02813,ENGINEERING,Track,3,73.47,41.54,13.9,94,0,0,0,1,10,3,3,1
ML-02814,ENGINEERING,Track,3,79.28,47.01,14.5,22,0,0,0,0,5,1,2,0
ML-02815,S&T,Point Machine,4,79.12,45.28,4.9,13,1,0,3,0,3,1,2,1
ML-02816,TRD,OHE,3,74.54,48.23,15.2,87,1,1,3,1,6,2,2,0
ML-02817,S&T,Point Machine,2,68.7,38.0,10.5,26,0,0,0,0,5,2,0,0
ML-02818,TRD,Section Insulator,2,68.45,39.95,12.4,18,1,0,2,0,4,2,1,0
ML-02819,TRD,Section Insulator,3,80.16,33.69,8.1,12,1,0,1,0,4,1,1,0
ML-02820,S&T,Point Machine,4,71.71,47.4,7.2,102,1,0,1,1,4,1,2,0
ML-02821,ENGINEERING,Bridge,3,49.93,59.59,18.5,129,6,3,3,0,5,2,3,1
ML-02822,ENGINEERING,Track,4,67.61,47.5,10.4,112,0,0,0,1,3,1,1,0
ML-02823,ENGINEERING,Point & Crossing,4,75.64,49.46,12.8,98,0,0,0,0,7,2,3,0
ML-02824,ENGINEERING,Bridge,4,51.71,65.38,20.8,78,0,0,0,1,8,5,3,0
ML-02825,ENGINEERING,Point & Crossing,5,78.21,45.63,10.7,47,2,0,3,0,4,3,2,0
ML-02826,S&T,Axle Counter,1,75.42,29.08,12.9,14,1,0,3,0,0,0,0,0
ML-02827,TRD,Section Insulator,2,58.53,49.14,15.4,62,1,1,3,0,4,0,3,1
ML-02828,S&T,Axle Counter,3,75.22,43.69,9.9,94,0,0,0,1,8,4,2,0
ML-02829,ENGINEERING,Point & Crossing,4,75.59,50.68,18.4,113,0,0,0,1,1,1,1,0
ML-02830,ENGINEERING,Point & Crossing,1,76.44,31.86,15.1,103,1,1,3,0,4,2,2,0
ML-02831,ENGINEERING,Bridge,1,75.45,27.93,13.5,124,1,0,3,1,0,0,0,0
ML-02832,ENGINEERING,Point & Crossing,2,68.34,36.98,13.6,54,1,0,2,0,2,2,1,0
ML-02833,ENGINEERING,Track,3,64.45,52.56,11.1,44,2,1,4,0,6,2,3,1
ML-02834,TRD,OHE,3,67.3,48.27,18.8,110,1,0,3,0,3,2,0,0
ML-02835,ENGINEERING,Track,3,76.38,43.46,14.8,41,0,0,0,1,2,0,2,0
ML-02836,ENGINEERING,Bridge,3,83.65,22.61,6.9,220,2,1,3,0,0,0,0,0
ML-02837,S&T,Axle Counter,3,99.13,15.12,3.4,72,1,0,3,0,2,1,0,0
ML-02838,S&T,Point Machine,3,76.73,35.95,5.9,173,2,1,2,0,2,0,1,0
ML-02839,ENGINEERING,Track,3,84.4,41.77,8.0,98,3,3,3,0,5,2,0,0
ML-02840,TRD,OHE,5,86.26,35.27,4.0,111,2,0,3,0,4,1,1,1
ML-02841,S&T,Signal,3,82.97,41.02,7.8,103,0,0,0,0,2,0,1,0
ML-02842,S&T,Signal,3,84.67,31.27,4.9,105,0,0,0,0,4,3,1,0
ML-02843,S&T,Signal,3,93.73,17.8,4.9,25,1,0,3,1,2,0,2,0
ML-02844,TRD,OHE,2,73.25,30.33,5.6,157,2,0,3,0,0,0,0,1
ML-02845,S&T,Axle Counter,4,58.75,59.74,19.0,34,3,1,2,1,3,2,1,1
ML-02846,ENGINEERING,Bridge,3,76.7,32.21,6.7,49,5,0,3,1,3,2,0,0
ML-02847,S&T,Signal,2,80.4,44.97,12.2,69,0,0,0,1,1,1,1,0
ML-02848,S&T,Point Machine,3,93.05,30.13,8.0,43,2,0,3,0,2,2,0,0
ML-02849,ENGINEERING,Track,3,78.02,39.35,10.4,76,2,1,3,0,7,0,1,1
ML-02850,S&T,Axle Counter,4,77.02,44.73,11.0,158,2,0,2,0,2,2,0,1
ML-02851,TRD,OHE,3,77.33,39.63,11.9,118,3,0,3,1,2,1,0,0
ML-02852,TRD,Section Insulator,4,75.66,47.91,13.0,84,0,0,0,0,4,2,2,0
ML-02853,ENGINEERING,Point & Crossing,5,80.35,40.69,3.7,37,0,0,0,0,2,1,0,0
ML-02854,S&T,Point Machine,4,90.83,35.65,10.0,171,1,0,2,1,1,0,1,0
ML-02855,S&T,Signal,5,85.88,49.43,5.0,85,1,1,3,0,3,3,0,0
ML-02856,ENGINEERING,Point & Crossing,3,69.11,45.52,7.2,100,0,0,0,0,5,5,1,0
ML-02857,S&T,Axle Counter,3,72.97,32.7,10.4,59,2,0,3,0,2,1,0,0
ML-02858,ENGINEERING,Track,3,63.28,57.62,18.7,194,0,0,0,0,4,1,1,1
ML-02859,ENGINEERING,Bridge,4,63.65,61.94,17.8,99,2,0,3,1,6,4,2,1
ML-02860,ENGINEERING,Track,4,73.01,47.99,14.0,69,1,0,5,1,6,3,0,0
ML-02861,ENGINEERING,Point & Crossing,3,65.49,53.82,22.0,107,1,0,3,1,5,4,4,0
ML-02862,TRD,OHE,1,66.65,34.02,17.4,87,4,2,5,0,6,2,1,0
ML-02863,S&T,Point Machine,4,91.2,26.66,7.9,50,1,1,2,1,3,1,1,0
ML-02864,ENGINEERING,Bridge,3,88.22,31.69,7.4,47,0,0,0,0,4,2,1,0
ML-02865,TRD,Transformer,4,84.32,41.59,6.9,42,3,1,3,0,4,2,3,1
ML-02866,S&T,Point Machine,4,76.19,35.54,5.2,86,2,0,3,1,2,0,0,0
ML-02867,ENGINEERING,Track,3,59.57,54.99,19.4,93,3,1,1,0,4,1,2,0
ML-02868,TRD,Section Insulator,3,78.93,33.51,10.9,80,2,0,3,1,1,1,0,0
ML-02869,S&T,Axle Counter,3,67.04,55.73,19.2,62,2,1,3,1,4,2,0,0
ML-02870,TRD,OHE,5,65.39,62.25,13.8,76,4,3,3,1,3,2,1,1
ML-02871,S&T,Signal,3,85.1,30.09,8.9,80,0,0,0,0,1,0,0,1
ML-02872,S&T,Axle Counter,1,86.02,17.89,11.9,8,2,0,2,1,1,0,0,0
ML-02873,TRD,OHE,5,70.04,55.5,15.0,135,2,1,3,0,3,1,1,0
ML-02874,S&T,Axle Counter,5,81.17,57.18,10.1,93,0,0,0,0,2,0,2,1
ML-02875,ENGINEERING,Bridge,4,69.4,57.38,20.1,200,3,2,3,1,5,3,3,0
ML-02876,ENGINEERING,Bridge,3,63.03,48.49,13.9,84,0,0,0,0,2,1,1,1
ML-02877,ENGINEERING,Track,4,68.48,49.11,10.7,88,1,1,3,1,2,0,0,0
ML-02878,ENGINEERING,Point & Crossing,4,73.43,49.09,11.0,25,1,0,4,0,5,2,2,0
ML-02879,S&T,Axle Counter,4,65.46,47.69,14.3,67,4,0,3,1,3,3,0,1
ML-02880,ENGINEERING,Track,2,79.8,27.13,11.0,67,1,1,3,0,0,0,0,0
ML-02881,ENGINEERING,Track,5,74.35,57.58,14.9,49,0,0,0,1,2,1,1,1
ML-02882,TRD,Transformer,3,46.64,59.28,16.0,28,1,0,2,1,3,0,0,0
ML-02883,ENGINEERING,Track,2,75.03,32.76,12.8,48,1,0,3,0,2,1,0,0
ML-02884,ENGINEERING,Bridge,3,89.6,26.9,4.9,181,0,0,0,0,3,2,1,1
ML-02885,ENGINEERING,Point & Crossing,1,63.59,38.14,22.7,48,3,1,3,0,4,0,1,1
ML-02886,S&T,Signal,4,61.02,58.43,20.1,98,4,1,4,1,2,1,2,0
ML-02887,TRD,OHE,4,89.63,39.56,7.1,15,0,0,0,1,1,0,0,1
ML-02888,S&T,Signal,1,65.92,47.49,16.7,93,0,0,0,0,3,2,0,0
ML-02889,TRD,Transformer,5,65.28,60.31,16.7,56,2,1,4,1,8,3,3,0
ML-02890,S&T,Signal,4,57.11,50.99,20.0,59,1,1,3,1,7,2,2,0
ML-02891,ENGINEERING,Bridge,2,74.14,42.86,13.9,101,1,1,3,0,6,3,1,0
ML-02892,ENGINEERING,Point & Crossing,3,92.24,33.47,5.7,71,0,0,0,0,3,0,1,0
ML-02893,S&T,Signal,3,65.39,46.9,13.4,81,1,1,3,0,3,2,0,0
ML-02894,ENGINEERING,Track,4,70.07,50.4,19.6,52,3,1,4,0,4,2,0,0
ML-02895,TRD,Section Insulator,3,82.48,38.68,11.8,148,2,1,4,0,0,0,0,0
ML-02896,ENGINEERING,Bridge,2,67.58,40.27,17.2,46,1,0,5,0,3,2,0,0
ML-02897,ENGINEERING,Bridge,3,83.69,35.9,10.1,72,2,0,3,0,2,2,1,0
ML-02898,ENGINEERING,Track,2,87.38,26.94,6.4,119,1,0,3,0,2,1,0,0
ML-02899,ENGINEERING,Track,4,77.38,35.92,12.8,134,2,0,3,1,2,0,1,0
ML-02900,S&T,Signal,2,80.29,25.14,5.2,119,3,0,3,1,2,0,0,0
ML-02901,TRD,OHE,5,80.15,40.93,6.5,61,1,0,3,1,4,1,0,0
ML-02902,TRD,Section Insulator,4,75.59,48.41,6.6,80,2,1,4,0,4,2,1,0
ML-02903,S&T,Axle Counter,3,67.85,46.78,18.6,97,2,0,3,0,9,3,2,1
ML-02904,ENGINEERING,Bridge,3,68.71,48.05,11.8,15,0,0,0,1,3,1,1,0
ML-02905,ENGINEERING,Track,5,69.25,55.43,12.1,44,3,1,4,1,4,4,2,0
ML-02906,ENGINEERING,Bridge,4,79.14,40.62,10.1,140,1,0,3,1,1,1,0,0
ML-02907,TRD,Transformer,3,98.32,28.59,6.5,84,0,0,0,1,4,2,0,0
ML-02908,ENGINEERING,Bridge,3,63.56,55.91,21.5,125,5,1,5,0,4,2,3,0
ML-02909,S&T,Axle Counter,1,63.29,34.47,18.8,40,1,0,5,0,3,1,0,0
ML-02910,S&T,Signal,1,85.15,28.53,16.6,161,1,0,3,0,1,0,1,0
ML-02911,ENGINEERING,Point & Crossing,4,66.68,54.54,19.8,83,2,0,2,0,6,3,1,0
ML-02912,S&T,Signal,3,78.71,40.0,13.6,130,4,2,3,0,1,0,0,0
ML-02913,ENGINEERING,Track,3,90.9,31.04,10.3,134,0,0,0,1,2,0,0,1
ML-02914,ENGINEERING,Bridge,2,58.79,49.65,16.6,180,0,0,0,1,3,2,2,0
ML-02915,S&T,Axle Counter,5,49.68,74.35,17.3,47,0,0,0,0,3,1,2,0
ML-02916,S&T,Signal,4,84.97,38.15,10.4,158,1,0,3,0,0,0,0,0
ML-02917,S&T,Signal,3,83.88,27.2,7.4,28,0,0,0,0,3,1,1,0
ML-02918,ENGINEERING,Bridge,4,65.55,53.75,8.9,81,0,0,0,1,4,3,1,0
ML-02919,ENGINEERING,Bridge,5,71.7,64.01,9.9,57,2,1,2,1,3,2,2,0
ML-02920,TRD,OHE,2,70.67,38.24,10.3,40,1,0,2,0,2,1,1,0
ML-02921,ENGINEERING,Point & Crossing,5,57.09,62.97,16.0,70,2,1,2,0,5,2,4,0
ML-02922,TRD,Section Insulator,3,71.42,50.68,19.0,51,1,1,2,1,1,0,1,1
ML-02923,ENGINEERING,Bridge,5,83.91,34.28,10.3,49,2,2,3,0,2,1,0,0
ML-02924,ENGINEERING,Track,5,59.85,60.06,14.4,232,5,2,5,0,4,2,1,1
ML-02925,S&T,Axle Counter,3,82.03,33.84,7.1,67,0,0,0,1,4,1,0,1
ML-02926,TRD,OHE,4,79.58,44.86,3.0,174,2,2,4,1,2,0,1,0
ML-02927,ENGINEERING,Point & Crossing,4,63.08,59.61,15.4,101,4,2,3,1,5,0,3,0
ML-02928,TRD,Transformer,3,84.24,27.33,7.1,88,0,0,0,1,2,1,0,0
ML-02929,S&T,Signal,4,49.72,73.98,28.4,29,1,1,5,1,2,2,2,0
ML-02930,TRD,Section Insulator,3,77.85,38.56,6.0,82,1,0,2,0,4,1,0,1
ML-02931,TRD,Section Insulator,4,78.41,37.18,8.5,65,3,0,3,0,5,2,1,0
ML-02932,TRD,Section Insulator,3,87.56,33.71,12.0,109,1,0,3,0,2,1,0,1
ML-02933,S&T,Axle Counter,3,68.87,37.02,8.2,39,2,0,3,0,3,0,1,1
ML-02934,S&T,Signal,3,60.35,56.69,11.9,5,3,1,3,0,4,2,1,1
ML-02935,TRD,OHE,5,84.53,38.52,8.4,15,1,0,4,1,6,2,1,0
ML-02936,ENGINEERING,Bridge,3,66.1,57.84,16.2,186,2,1,3,1,5,2,3,0
ML-02937,S&T,Signal,5,81.94,59.89,12.0,199,0,0,0,0,3,0,1,1
ML-02938,ENGINEERING,Track,4,88.34,41.56,8.8,46,2,1,3,0,4,1,0,0
ML-02939,ENGINEERING,Point & Crossing,2,95.11,18.41,7.9,80,1,0,3,0,1,0,0,0
ML-02940,ENGINEERING,Track,4,98.36,27.88,10.4,86,2,1,3,0,3,1,1,0
ML-02941,TRD,Section Insulator,4,66.35,52.43,7.5,71,0,0,0,1,2,1,1,0
ML-02942,S&T,Axle Counter,4,78.34,48.42,5.9,70,1,0,4,0,2,2,0,0
ML-02943,S&T,Signal,2,84.35,22.05,9.1,122,2,0,3,1,2,1,0,0
ML-02944,TRD,OHE,3,98.53,32.42,5.7,21,2,1,3,1,1,0,1,0
ML-02945,S&T,Signal,3,70.72,42.95,18.4,32,1,1,2,1,4,3,0,0
ML-02946,ENGINEERING,Track,5,75.16,52.56,9.4,86,2,1,3,0,3,2,1,0
ML-02947,TRD,OHE,1,100.0,1.0,4.2,79,1,0,3,0,1,0,0,0
ML-02948,S&T,Point Machine,4,55.38,69.33,25.4,48,1,1,5,1,6,2,2,0
ML-02949,S&T,Signal,3,76.3,36.41,9.2,70,1,0,1,1,6,4,2,0
ML-02950,ENGINEERING,Point & Crossing,1,77.45,35.62,13.2,70,3,1,2,0,4,3,2,0
ML-02951,ENGINEERING,Point & Crossing,4,76.38,53.36,13.8,130,0,0,0,0,3,0,1,0
ML-02952,S&T,Signal,4,69.31,56.3,22.4,102,0,0,0,0,4,1,3,0
ML-02953,TRD,Section Insulator,1,78.94,27.53,10.2,33,2,0,3,0,2,0,1,0
ML-02954,S&T,Signal,4,57.42,59.74,22.1,50,1,0,3,0,4,2,0,0
ML-02955,ENGINEERING,Bridge,3,51.17,61.71,18.6,25,3,3,2,0,3,0,0,0
ML-02956,ENGINEERING,Bridge,4,79.81,44.75,2.6,158,1,0,1,1,3,2,0,0
ML-02957,ENGINEERING,Bridge,2,83.06,22.39,6.3,28,3,0,4,0,4,1,0,0
ML-02958,TRD,Transformer,3,87.72,31.97,6.8,29,1,0,4,0,4,2,2,0
ML-02959,S&T,Point Machine,1,94.21,14.62,8.4,92,2,1,3,0,1,1,0,1
ML-02960,TRD,OHE,5,86.47,47.69,7.9,61,2,1,5,1,5,3,2,0
ML-02961,TRD,Transformer,2,67.62,28.95,8.5,100,0,0,0,0,3,0,1,0
ML-02962,ENGINEERING,Track,4,83.14,45.9,16.9,106,2,0,4,1,2,1,0,0
ML-02963,ENGINEERING,Point & Crossing,1,85.95,26.72,10.6,95,0,0,0,1,1,0,0,0
ML-02964,TRD,Transformer,4,56.99,56.95,15.4,91,1,1,3,1,2,2,0,0
ML-02965,S&T,Axle Counter,2,96.2,12.75,7.6,291,0,0,0,0,0,0,0,0
ML-02966,S&T,Axle Counter,3,80.47,31.39,2.1,121,2,0,3,0,2,0,0,1
ML-02967,ENGINEERING,Track,2,88.2,14.08,7.0,28,0,0,0,0,2,1,0,1
ML-02968,S&T,Axle Counter,2,73.46,42.66,18.2,105,1,0,3,0,7,7,1,0
ML-02969,ENGINEERING,Track,4,68.46,49.95,16.2,109,2,1,2,0,4,3,1,0
ML-02970,ENGINEERING,Track,1,71.4,34.43,13.8,185,2,0,1,0,0,0,0,0
ML-02971,S&T,Signal,1,100.0,7.31,4.5,29,1,0,3,0,2,1,1,0
ML-02972,ENGINEERING,Track,3,72.49,39.83,5.3,31,3,2,3,1,3,2,0,0
ML-02973,S&T,Signal,5,72.82,52.04,14.1,100,1,0,5,0,7,5,5,0
ML-02974,ENGINEERING,Bridge,3,82.31,45.3,11.2,106,0,0,0,0,3,1,1,0
ML-02975,ENGINEERING,Point & Crossing,3,79.68,44.22,17.9,33,0,0,0,0,3,1,0,0
ML-02976,ENGINEERING,Bridge,4,59.47,69.59,22.1,92,3,1,4,1,3,2,2,0
ML-02977,S&T,Point Machine,2,68.24,41.5,11.4,80,0,0,0,0,5,2,1,1
ML-02978,ENGINEERING,Point & Crossing,4,75.43,33.48,4.3,67,2,0,3,0,2,1,0,0
ML-02979,S&T,Signal,4,59.64,62.56,18.7,60,2,2,4,1,2,1,0,0
ML-02980,ENGINEERING,Bridge,2,86.8,23.31,11.5,151,0,0,0,1,2,0,0,0
ML-02981,ENGINEERING,Track,1,81.21,25.36,4.1,38,1,0,3,0,3,1,0,0
ML-02982,S&T,Signal,3,57.58,56.96,6.1,61,2,0,2,0,4,2,1,0
ML-02983,S&T,Point Machine,3,65.42,55.36,18.6,92,2,2,4,0,3,1,3,1
ML-02984,S&T,Point Machine,5,69.71,58.22,18.0,223,3,1,3,0,2,0,0,0
ML-02985,S&T,Signal,3,75.57,35.04,4.3,32,1,1,3,0,2,1,0,0
ML-02986,S&T,Signal,5,49.85,77.55,22.8,190,1,0,1,1,5,2,5,1
ML-02987,TRD,Section Insulator,3,75.95,40.39,11.9,48,3,0,3,1,3,1,2,0
ML-02988,TRD,OHE,3,79.56,36.97,14.3,59,0,0,0,1,4,2,0,0
ML-02989,TRD,Section Insulator,2,80.54,33.37,12.5,141,0,0,0,1,2,0,1,0
ML-02990,ENGINEERING,Track,2,96.26,28.19,8.1,90,0,0,0,0,1,0,0,0
ML-02991,ENGINEERING,Bridge,3,66.79,55.16,9.8,47,1,0,1,1,9,5,0,0
ML-02992,S&T,Signal,4,81.36,42.31,12.6,19,0,0,0,0,8,3,2,0
ML-02993,TRD,OHE,5,69.77,52.32,15.5,36,2,1,5,0,3,2,2,0
ML-02994,S&T,Signal,3,65.63,65.62,25.3,58,1,0,3,0,4,3,3,0
ML-02995,TRD,Transformer,4,70.35,50.2,7.2,33,1,0,2,0,1,1,0,0
ML-02996,TRD,Transformer,3,65.95,58.07,25.5,150,2,0,3,0,4,2,2,0
ML-02997,ENGINEERING,Bridge,3,74.36,47.53,14.3,136,1,0,5,0,4,0,2,1
ML-02998,TRD,OHE,5,83.07,53.6,15.2,91,1,0,2,1,5,2,2,0
ML-02999,TRD,Section Insulator,3,78.09,29.08,4.7,135,1,0,3,0,2,0,1,0
ML-03000,TRD,OHE,1,97.02,23.81,5.5,62,1,0,2,0,1,1,0,0
ML-03001,ENGINEERING,Track,3,100.0,23.11,4.6,80,0,0,0,0,4,1,1,0
ML-03002,ENGINEERING,Bridge,4,87.11,38.11,7.1,53,0,0,0,0,0,0,0,0
ML-03003,S&T,Axle Counter,4,58.58,62.05,17.0,108,1,1,3,1,0,0,0,0
ML-03004,TRD,Transformer,1,65.28,43.11,20.2,84,0,0,0,1,3,1,2,0
ML-03005,ENGINEERING,Track,5,68.64,50.64,8.4,85,0,0,0,0,1,1,0,0
ML-03006,ENGINEERING,Track,3,91.73,23.42,3.2,45,1,0,3,1,6,4,0,0
ML-03007,ENGINEERING,Track,4,59.41,68.18,22.4,74,4,3,1,0,6,3,1,0
ML-03008,TRD,OHE,5,59.37,58.26,10.6,204,0,0,0,0,7,3,3,1
ML-03009,TRD,OHE,1,69.58,32.1,17.6,48,4,1,3,0,2,2,1,1
ML-03010,S&T,Point Machine,1,90.6,24.58,10.2,79,0,0,0,0,4,2,1,0
ML-03011,S&T,Signal,2,81.37,26.89,9.6,22,2,0,3,0,4,2,0,0
ML-03012,TRD,Transformer,4,69.5,52.32,12.6,50,1,0,2,0,4,2,2,1
ML-03013,TRD,OHE,3,99.7,23.71,0.9,100,0,0,0,0,4,1,0,0
ML-03014,S&T,Signal,4,100.0,29.29,5.9,89,4,1,2,0,2,1,0,1
ML-03015,S&T,Axle Counter,2,51.22,63.15,23.3,240,3,0,3,0,3,2,2,1
ML-03016,S&T,Signal,4,62.05,58.62,14.9,141,2,0,3,1,1,0,1,0
ML-03017,S&T,Point Machine,3,68.15,44.65,16.7,35,1,1,2,0,4,1,1,1
ML-03018,S&T,Signal,5,63.3,64.59,20.1,53,2,2,3,1,3,1,0,0
ML-03019,ENGINEERING,Track,3,52.56,70.86,28.2,141,1,1,2,0,3,1,2,1
ML-03020,ENGINEERING,Bridge,2,92.24,18.98,6.8,84,0,0,0,0,2,0,0,0
ML-03021,TRD,Section Insulator,3,77.53,42.17,11.3,175,1,1,4,0,4,2,1,0
ML-03022,TRD,Transformer,5,67.77,58.41,13.8,106,1,0,5,1,5,3,1,0
ML-03023,TRD,Section Insulator,4,81.49,43.39,15.1,33,1,1,5,1,4,3,0,0
ML-03024,S&T,Signal,4,64.14,55.38,14.8,49,0,0,0,1,2,1,1,0
ML-03025,TRD,OHE,4,76.88,41.02,10.8,89,1,0,3,0,3,1,1,0
ML-03026,TRD,Transformer,3,67.15,46.43,11.7,41,0,0,0,0,6,3,1,0
ML-03027,ENGINEERING,Bridge,3,79.59,33.79,8.1,25,1,1,3,0,2,2,0,0
ML-03028,ENGINEERING,Point & Crossing,1,90.63,23.1,12.4,123,0,0,0,1,3,0,1,0
ML-03029,ENGINEERING,Bridge,4,81.37,47.89,9.7,78,2,0,2,0,3,0,1,1
ML-03030,S&T,Signal,1,83.57,24.33,7.7,61,0,0,0,0,1,1,0,0
ML-03031,ENGINEERING,Bridge,4,64.75,59.23,23.2,141,0,0,0,0,5,3,4,0
ML-03032,TRD,Section Insulator,5,72.68,47.57,11.7,66,2,1,3,0,3,1,0,1
ML-03033,S&T,Signal,2,93.27,23.88,12.6,246,0,0,0,0,2,1,0,0
ML-03034,TRD,Transformer,3,87.32,42.43,10.1,44,0,0,0,0,1,1,0,0
ML-03035,TRD,Section Insulator,2,44.91,62.43,24.2,56,3,0,1,1,0,0,0,0
ML-03036,ENGINEERING,Track,2,49.59,65.13,25.8,208,2,0,3,1,3,1,0,0
ML-03037,TRD,OHE,5,66.4,67.09,14.6,91,1,1,2,0,7,5,4,0
ML-03038,ENGINEERING,Track,3,89.96,23.2,7.3,91,0,0,0,0,2,1,0,0
ML-03039,ENGINEERING,Track,2,85.12,24.39,9.4,48,1,1,1,0,2,1,0,0
ML-03040,S&T,Signal,4,65.65,55.73,13.7,55,3,0,3,0,2,1,1,0
ML-03041,ENGINEERING,Point & Crossing,4,74.12,44.69,10.5,89,2,1,2,0,8,5,2,0
ML-03042,S&T,Point Machine,2,100.0,16.09,4.2,197,2,0,3,0,6,4,0,1
ML-03043,ENGINEERING,Point & Crossing,4,80.89,38.34,5.7,109,0,0,0,0,5,2,3,1
ML-03044,S&T,Axle Counter,3,76.21,50.03,8.5,119,3,2,3,1,5,4,1,1
ML-03045,ENGINEERING,Point & Crossing,3,52.22,51.77,14.7,253,2,2,2,0,0,0,0,0
ML-03046,ENGINEERING,Track,4,78.18,42.68,12.4,62,0,0,0,1,5,4,1,1
ML-03047,S&T,Axle Counter,3,47.76,60.39,25.9,253,2,0,3,1,4,2,1,0
ML-03048,TRD,OHE,1,49.39,52.04,26.4,43,1,0,2,0,2,2,1,0
ML-03049,ENGINEERING,Bridge,2,84.27,22.76,5.4,57,1,0,3,0,2,0,0,0
ML-03050,S&T,Point Machine,3,75.16,49.31,18.3,59,2,1,3,1,7,3,3,0
ML-03051,TRD,OHE,5,72.99,51.48,14.3,219,5,4,3,1,3,2,0,0
ML-03052,TRD,OHE,2,91.85,16.41,5.5,178,1,0,3,0,1,1,0,0
ML-03053,TRD,OHE,4,70.54,46.8,11.3,86,0,0,0,0,2,0,2,0
ML-03054,ENGINEERING,Track,3,72.34,46.6,14.1,97,2,0,3,0,7,5,4,1
ML-03055,S&T,Point Machine,3,54.9,66.42,23.0,112,1,0,4,0,3,2,1,0
ML-03056,ENGINEERING,Bridge,2,89.81,26.45,7.0,84,1,1,1,0,0,0,0,0
ML-03057,S&T,Axle Counter,2,58.34,54.41,24.4,53,3,1,1,1,1,1,0,0
ML-03058,ENGINEERING,Track,4,57.22,54.79,17.3,140,0,0,0,1,2,1,1,0
ML-03059,TRD,Section Insulator,4,53.47,79.18,24.1,104,4,1,5,1,5,2,1,0
ML-03060,ENGINEERING,Track,3,59.43,55.08,17.8,56,3,1,5,0,2,2,0,0
ML-03061,S&T,Axle Counter,4,60.77,76.38,23.6,47,2,0,1,1,3,3,1,1
ML-03062,ENGINEERING,Bridge,2,93.1,15.44,4.8,41,4,1,4,1,4,2,0,0
ML-03063,ENGINEERING,Bridge,1,75.64,21.46,7.1,114,0,0,0,0,4,1,0,0
ML-03064,ENGINEERING,Bridge,4,57.37,59.38,11.3,77,2,1,4,1,5,2,3,0
ML-03065,ENGINEERING,Bridge,4,70.18,43.36,10.9,138,0,0,0,0,0,0,0,1
ML-03066,ENGINEERING,Track,2,89.24,17.54,7.6,50,3,0,3,0,1,0,0,0
ML-03067,TRD,Section Insulator,2,55.39,50.8,20.4,129,0,0,0,1,3,2,0,1
ML-03068,ENGINEERING,Track,5,69.44,46.69,4.0,110,4,0,4,0,3,2,2,0
ML-03069,ENGINEERING,Track,1,57.15,46.32,17.7,121,2,1,3,1,2,1,0,1
ML-03070,ENGINEERING,Bridge,5,63.48,64.2,15.7,223,1,0,4,0,4,2,0,0
ML-03071,ENGINEERING,Bridge,3,78.82,29.93,6.5,74,1,1,3,0,0,0,0,0
ML-03072,S&T,Point Machine,2,76.65,30.94,10.2,22,2,0,3,1,3,1,2,0
ML-03073,S&T,Axle Counter,4,84.17,37.1,5.4,119,1,0,4,1,2,0,1,0
ML-03074,TRD,Section Insulator,3,85.7,24.28,1.6,116,2,1,3,1,2,1,1,0
ML-03075,ENGINEERING,Point & Crossing,1,93.94,11.4,9.6,82,0,0,0,1,1,0,0,1
ML-03076,TRD,Transformer,4,91.86,34.1,9.5,81,0,0,0,0,5,4,0,0
ML-03077,S&T,Signal,1,84.15,8.59,9.1,82,1,0,3,0,2,0,0,0
ML-03078,ENGINEERING,Track,3,47.54,55.79,25.6,107,4,1,3,1,3,2,0,1
ML-03079,ENGINEERING,Bridge,4,81.69,42.19,4.9,45,3,2,2,0,6,2,2,0
ML-03080,ENGINEERING,Point & Crossing,2,82.24,24.39,6.9,119,2,1,3,0,6,3,0,1
ML-03081,S&T,Signal,2,68.23,47.94,23.0,30,2,1,1,0,3,1,1,0
ML-03082,S&T,Signal,4,77.13,35.25,6.3,110,0,0,0,0,2,1,1,1
ML-03083,TRD,Transformer,5,91.0,41.28,5.2,69,3,0,4,0,2,1,1,0
ML-03084,ENGINEERING,Bridge,2,96.08,22.32,7.3,94,2,0,2,1,3,1,0,0
ML-03085,ENGINEERING,Point & Crossing,2,92.54,19.84,7.3,101,0,0,0,1,4,1,0,1
ML-03086,S&T,Axle Counter,5,85.88,36.13,3.2,182,0,0,0,0,1,0,0,0
ML-03087,TRD,OHE,5,40.17,92.04,30.0,196,3,2,2,1,3,3,2,1
ML-03088,ENGINEERING,Track,2,80.79,31.49,6.6,39,1,1,3,0,5,2,1,0
ML-03089,ENGINEERING,Point & Crossing,3,80.25,41.3,10.4,79,2,1,3,0,2,1,0,0
ML-03090,TRD,OHE,4,68.73,60.82,17.7,24,1,1,3,1,4,2,0,1
ML-03091,S&T,Point Machine,1,75.83,35.22,22.3,40,2,0,3,0,2,2,1,0
ML-03092,TRD,Transformer,3,89.21,40.58,8.1,84,3,1,1,1,5,0,2,0
ML-03093,S&T,Signal,1,75.56,28.91,15.0,52,1,0,3,0,5,3,1,0
ML-03094,TRD,Transformer,3,69.65,47.02,15.3,52,1,0,2,0,5,3,2,0
ML-03095,ENGINEERING,Point & Crossing,4,65.97,62.33,19.5,117,3,0,1,1,2,0,0,0
ML-03096,ENGINEERING,Bridge,3,84.61,40.0,13.9,109,1,0,2,0,6,2,2,0
ML-03097,ENGINEERING,Track,4,89.34,43.11,13.7,80,0,0,0,0,2,2,0,0
ML-03098,TRD,Transformer,3,87.48,37.39,12.0,66,2,1,2,0,2,1,0,0
ML-03099,TRD,OHE,2,87.16,20.63,4.7,41,0,0,0,0,5,2,3,1
ML-03100,ENGINEERING,Bridge,4,73.82,43.25,11.2,187,3,0,2,1,1,0,0,0
ML-03101,S&T,Point Machine,1,84.27,17.9,9.0,44,0,0,0,0,2,2,0,0
ML-03102,ENGINEERING,Point & Crossing,4,81.5,39.12,7.4,175,0,0,0,0,4,1,1,1
ML-03103,S&T,Axle Counter,3,78.75,35.69,6.6,172,0,0,0,0,2,0,0,0
ML-03104,TRD,OHE,5,65.19,72.28,19.5,108,2,2,5,0,5,3,1,0
ML-03105,S&T,Signal,5,62.43,62.75,14.6,111,0,0,0,1,3,3,1,0
ML-03106,S&T,Point Machine,2,78.63,32.68,11.7,136,0,0,0,0,3,0,0,0
ML-03107,TRD,Section Insulator,3,100.0,23.71,6.5,40,1,0,2,0,3,0,0,0
ML-03108,TRD,Section Insulator,3,76.95,36.75,8.3,174,1,0,1,0,2,1,1,0
ML-03109,S&T,Signal,5,88.12,39.99,8.2,58,0,0,0,1,3,0,1,0
ML-03110,ENGINEERING,Track,2,67.72,42.58,13.4,79,2,0,2,0,3,2,0,0
ML-03111,S&T,Point Machine,4,77.3,43.6,11.3,74,1,0,1,1,3,1,0,0
ML-03112,ENGINEERING,Bridge,2,74.4,44.63,15.5,175,0,0,0,0,1,0,0,0
ML-03113,S&T,Point Machine,4,87.19,41.85,5.6,59,3,0,3,1,2,0,0,0
ML-03114,TRD,Section Insulator,2,69.41,35.92,9.3,48,2,1,1,0,2,0,2,0
ML-03115,S&T,Point Machine,1,85.21,18.49,10.1,66,0,0,0,0,4,1,0,0
ML-03116,ENGINEERING,Track,5,61.73,44.95,6.4,31,3,1,3,1,6,3,3,0
ML-03117,S&T,Signal,3,88.11,43.54,9.1,43,0,0,0,0,4,0,1,0
ML-03118,ENGINEERING,Track,3,79.38,45.87,12.8,65,1,0,3,1,2,0,1,0
ML-03119,TRD,OHE,3,71.49,44.83,9.1,41,1,0,3,1,4,1,2,0
ML-03120,S&T,Signal,3,95.12,18.49,8.3,13,0,0,0,0,2,0,0,0
ML-03121,ENGINEERING,Bridge,2,92.54,18.22,4.9,22,0,0,0,0,2,0,0,0
ML-03122,S&T,Point Machine,3,72.25,51.07,15.6,128,2,0,5,0,2,1,1,0
ML-03123,S&T,Axle Counter,4,76.93,43.3,6.0,147,1,0,1,1,3,1,0,0
ML-03124,ENGINEERING,Bridge,2,82.73,29.26,6.1,100,1,1,3,1,1,0,0,0
ML-03125,ENGINEERING,Track,3,67.78,42.61,4.2,105,0,0,0,1,0,0,0,0
ML-03126,TRD,Transformer,4,67.05,45.9,10.4,135,1,1,3,1,4,3,0,0
ML-03127,TRD,Section Insulator,3,61.99,51.13,18.3,109,1,1,2,1,6,3,1,0
ML-03128,ENGINEERING,Point & Crossing,2,73.48,39.79,16.2,122,2,1,3,0,7,3,1,0
ML-03129,S&T,Point Machine,1,100.0,7.94,5.3,144,1,0,3,0,3,2,0,0
ML-03130,ENGINEERING,Bridge,2,72.61,37.97,18.8,54,2,0,5,0,3,1,0,0
ML-03131,TRD,Transformer,3,71.82,39.78,7.5,59,0,0,0,1,4,0,2,0
ML-03132,S&T,Axle Counter,1,79.89,24.94,11.3,24,0,0,0,0,6,2,1,0
ML-03133,TRD,Section Insulator,4,80.04,27.37,7.8,43,0,0,0,1,3,1,1,0
ML-03134,ENGINEERING,Point & Crossing,3,82.38,36.2,10.7,131,0,0,0,0,5,1,2,0
ML-03135,ENGINEERING,Point & Crossing,3,71.43,37.92,11.0,54,0,0,0,1,5,1,1,0
ML-03136,TRD,OHE,4,74.18,53.5,17.9,64,0,0,0,0,7,4,5,0
ML-03137,ENGINEERING,Point & Crossing,1,89.91,17.3,10.4,129,1,0,3,0,2,1,0,0
ML-03138,ENGINEERING,Bridge,3,62.88,55.94,17.2,25,5,0,3,1,0,0,0,0
ML-03139,TRD,Transformer,4,51.82,70.75,21.6,29,1,0,3,0,3,1,0,0
ML-03140,ENGINEERING,Bridge,4,65.4,45.64,11.0,91,3,1,1,1,6,3,3,0
ML-03141,S&T,Point Machine,2,61.8,51.37,11.9,121,2,0,2,0,2,2,1,0
ML-03142,TRD,OHE,3,81.2,38.94,9.8,37,1,0,2,0,2,1,1,0
ML-03143,TRD,Section Insulator,4,59.49,56.06,12.3,101,2,1,3,0,2,1,0,0
ML-03144,ENGINEERING,Point & Crossing,1,39.5,55.32,21.3,63,1,1,3,1,1,1,0,0
ML-03145,ENGINEERING,Bridge,2,93.91,18.42,11.9,136,0,0,0,0,1,0,0,0
ML-03146,S&T,Point Machine,3,69.92,35.83,8.8,25,2,2,4,0,3,1,1,0
ML-03147,S&T,Signal,4,83.94,43.47,14.7,85,0,0,0,0,3,1,0,0
ML-03148,ENGINEERING,Bridge,3,76.47,40.48,17.9,75,1,0,1,0,1,1,0,0
ML-03149,ENGINEERING,Point & Crossing,3,93.33,26.88,1.9,121,1,0,3,0,2,2,0,0
ML-03150,TRD,Transformer,3,77.02,38.42,11.8,82,1,0,3,0,2,2,0,1
ML-03151,ENGINEERING,Bridge,3,79.13,30.28,7.5,43,0,0,0,1,6,5,1,0
ML-03152,S&T,Axle Counter,4,67.98,40.76,13.3,69,0,0,0,0,4,1,2,0
ML-03153,S&T,Signal,2,78.66,24.83,9.5,60,2,2,3,0,1,1,0,0
ML-03154,S&T,Point Machine,4,97.46,30.81,4.5,122,1,0,3,0,3,1,0,0
ML-03155,S&T,Point Machine,1,99.4,11.27,3.2,58,0,0,0,0,3,0,0,0
ML-03156,S&T,Signal,3,87.34,38.34,10.8,23,2,0,2,1,3,2,2,1
ML-03157,TRD,Section Insulator,4,84.61,36.95,7.1,55,0,0,0,0,2,2,0,0
ML-03158,TRD,Section Insulator,2,70.6,37.69,15.2,186,2,1,3,0,6,3,1,1
ML-03159,S&T,Signal,5,82.92,45.88,6.9,172,0,0,0,1,2,1,0,0
ML-03160,ENGINEERING,Track,3,62.7,48.54,9.1,103,1,1,4,1,3,1,1,0
ML-03161,ENGINEERING,Bridge,5,54.36,61.2,16.4,27,5,3,3,1,3,1,2,0
ML-03162,S&T,Point Machine,4,94.21,29.78,8.8,34,2,1,3,0,3,1,1,0
ML-03163,ENGINEERING,Bridge,3,49.11,64.9,30.0,117,1,0,3,0,3,1,0,0
ML-03164,ENGINEERING,Bridge,4,74.32,46.04,6.6,70,1,1,5,0,4,1,2,0
ML-03165,S&T,Axle Counter,3,85.62,21.98,5.4,62,0,0,0,0,1,0,0,1
ML-03166,ENGINEERING,Bridge,5,60.1,70.5,19.6,105,0,0,0,1,4,4,3,0
ML-03167,ENGINEERING,Bridge,4,85.51,35.6,8.2,50,2,1,2,1,0,0,0,0
ML-03168,ENGINEERING,Bridge,5,80.6,52.32,10.8,96,2,0,4,0,2,1,0,0
ML-03169,ENGINEERING,Bridge,3,98.28,25.36,7.7,25,1,0,3,0,3,2,0,1
ML-03170,S&T,Axle Counter,4,69.4,49.78,11.4,115,4,1,1,1,5,3,1,0
ML-03171,ENGINEERING,Track,3,67.43,45.06,16.1,42,2,1,2,0,5,1,3,0
ML-03172,TRD,Transformer,4,82.97,44.05,12.6,97,0,0,0,0,5,3,0,0
ML-03173,S&T,Point Machine,2,61.8,45.14,12.9,49,3,0,1,0,4,2,0,0
ML-03174,S&T,Axle Counter,2,73.18,27.21,6.0,18,0,0,0,0,2,0,0,0
ML-03175,ENGINEERING,Bridge,2,78.94,25.86,7.9,39,1,0,2,0,4,0,1,0
ML-03176,S&T,Signal,5,64.89,50.44,10.3,136,1,0,3,1,4,0,1,0
ML-03177,ENGINEERING,Bridge,1,88.64,25.86,4.6,8,2,0,3,0,4,1,2,0
ML-03178,TRD,OHE,2,82.04,25.59,11.1,73,2,1,2,0,4,1,0,0
ML-03179,ENGINEERING,Track,3,80.01,39.48,11.5,42,2,0,1,0,5,3,2,0
ML-03180,TRD,Transformer,4,67.18,51.01,14.9,99,1,0,3,1,4,2,0,0
ML-03181,TRD,Transformer,4,81.37,38.63,8.0,125,2,1,3,0,4,1,1,0
ML-03182,ENGINEERING,Bridge,4,80.91,49.21,14.6,49,1,0,3,0,4,1,0,1
ML-03183,TRD,Transformer,3,85.58,36.78,13.6,88,2,0,1,1,4,1,0,0
ML-03184,ENGINEERING,Bridge,4,58.53,66.3,16.2,42,2,1,2,1,1,1,0,1
ML-03185,TRD,Section Insulator,1,66.55,31.33,17.4,150,1,0,1,1,7,3,4,0
ML-03186,TRD,Transformer,3,99.69,16.74,2.4,74,1,0,2,0,4,0,1,0
ML-03187,ENGINEERING,Bridge,4,63.59,54.85,9.5,71,3,0,3,0,2,0,0,0
ML-03188,ENGINEERING,Bridge,1,67.86,40.28,20.5,39,1,0,3,1,2,2,0,0
ML-03189,TRD,Section Insulator,4,78.11,48.97,15.8,106,1,0,5,0,5,4,1,1
ML-03190,S&T,Signal,2,77.65,42.41,10.2,155,0,0,0,0,0,0,0,0
ML-03191,ENGINEERING,Point & Crossing,3,90.65,26.55,4.6,34,1,0,3,0,0,0,0,0
ML-03192,S&T,Point Machine,3,82.15,29.21,8.4,85,1,0,1,0,3,2,1,0
ML-03193,S&T,Signal,3,75.32,38.86,14.0,40,4,2,3,1,4,1,1,0
ML-03194,ENGINEERING,Point & Crossing,4,66.25,44.21,15.8,51,1,0,2,0,3,2,0,0
ML-03195,ENGINEERING,Track,3,98.5,18.44,11.4,50,3,0,3,0,1,1,0,0
ML-03196,S&T,Point Machine,3,70.57,52.66,13.5,59,2,1,1,1,2,1,1,1
ML-03197,ENGINEERING,Bridge,3,88.87,27.74,8.2,75,0,0,0,0,2,2,0,0
ML-03198,S&T,Point Machine,5,49.88,77.73,23.2,136,4,1,3,1,3,2,1,1
ML-03199,TRD,Transformer,5,80.04,40.74,6.3,122,3,1,2,0,2,2,1,1
ML-03200,ENGINEERING,Point & Crossing,5,85.05,44.76,7.2,119,3,1,3,0,4,3,2,0
ML-03201,TRD,OHE,4,100.0,34.95,6.9,157,0,0,0,1,3,2,0,0
ML-03202,ENGINEERING,Bridge,3,80.07,37.61,8.6,46,0,0,0,0,7,4,2,0
ML-03203,S&T,Axle Counter,1,74.71,35.18,15.9,74,5,2,2,0,0,0,0,0
ML-03204,S&T,Axle Counter,1,73.82,37.41,20.3,114,1,0,3,0,3,1,2,0
ML-03205,TRD,Transformer,3,77.19,34.75,7.6,91,1,0,5,1,2,1,0,0
ML-03206,ENGINEERING,Bridge,3,75.96,46.83,16.4,141,0,0,0,1,1,0,0,0
ML-03207,ENGINEERING,Point & Crossing,3,66.13,54.75,27.3,47,3,1,1,0,3,1,0,1
ML-03208,ENGINEERING,Bridge,5,72.72,60.65,8.1,185,2,0,3,1,4,1,1,0
ML-03209,TRD,Section Insulator,3,81.59,33.54,10.7,51,2,0,3,1,6,1,1,0
ML-03210,ENGINEERING,Point & Crossing,4,81.97,35.73,9.1,113,0,0,0,0,1,0,1,1
ML-03211,ENGINEERING,Track,3,80.03,36.31,8.3,147,2,0,4,0,2,2,1,1
ML-03212,TRD,Section Insulator,3,67.48,54.94,14.1,82,1,0,2,0,4,2,1,0
ML-03213,ENGINEERING,Track,1,84.47,21.54,9.1,177,1,1,3,0,3,1,0,1
ML-03214,S&T,Signal,3,68.2,50.34,9.6,128,2,0,3,1,4,2,2,1
ML-03215,ENGINEERING,Bridge,2,55.95,46.26,22.6,100,1,0,1,0,3,0,0,0
ML-03216,ENGINEERING,Bridge,5,62.88,65.9,19.8,51,0,0,0,0,3,1,2,0
ML-03217,ENGINEERING,Bridge,4,69.23,46.05,10.8,62,4,4,2,0,3,1,2,1
ML-03218,S&T,Axle Counter,1,87.04,31.14,7.9,52,1,0,3,1,1,0,1,0
ML-03219,ENGINEERING,Point & Crossing,4,83.11,50.77,14.4,123,2,0,5,0,0,0,0,0
ML-03220,S&T,Axle Counter,2,64.83,53.06,19.1,41,2,1,1,1,5,3,2,1
ML-03221,S&T,Signal,4,68.86,54.58,11.9,34,0,0,0,0,6,2,1,0
ML-03222,ENGINEERING,Track,2,79.62,26.15,6.8,114,1,0,3,0,0,0,0,0
ML-03223,ENGINEERING,Track,3,79.1,40.08,7.7,101,1,0,2,1,2,1,0,0
ML-03224,ENGINEERING,Bridge,3,63.85,44.37,14.2,52,2,0,3,1,2,1,2,1
ML-03225,S&T,Signal,3,83.83,28.87,11.0,65,1,1,3,1,3,0,1,0
ML-03226,TRD,Section Insulator,3,77.2,38.96,9.6,61,0,0,0,0,1,0,0,1
ML-03227,TRD,Section Insulator,3,78.56,34.2,11.4,10,3,0,2,0,3,1,1,1
ML-03228,TRD,Section Insulator,3,88.76,28.13,4.4,184,2,1,1,0,2,1,0,0
ML-03229,ENGINEERING,Point & Crossing,3,92.76,32.58,4.4,139,2,1,3,1,2,0,1,0
ML-03230,ENGINEERING,Bridge,3,93.86,19.47,2.8,112,1,0,2,0,4,0,1,0
ML-03231,S&T,Signal,3,77.57,39.67,8.8,119,0,0,0,1,3,2,2,0
ML-03232,ENGINEERING,Bridge,3,76.03,43.75,8.1,73,0,0,0,0,2,0,0,0
ML-03233,TRD,Transformer,4,80.59,44.33,10.3,90,0,0,0,1,5,3,3,0
ML-03234,TRD,Section Insulator,1,73.0,44.34,13.9,97,3,0,3,1,5,2,2,0
ML-03235,TRD,OHE,5,71.42,55.36,8.6,113,1,0,1,0,3,2,1,1
ML-03236,ENGINEERING,Bridge,3,76.26,42.16,10.7,68,0,0,0,0,1,1,0,0
ML-03237,ENGINEERING,Bridge,4,65.52,55.52,18.9,61,1,0,3,1,2,0,2,1
ML-03238,ENGINEERING,Track,3,62.3,51.97,17.8,208,2,2,3,1,3,2,2,1
ML-03239,ENGINEERING,Point & Crossing,3,74.34,51.68,15.6,35,2,1,3,1,5,4,2,0
ML-03240,TRD,OHE,3,100.0,20.34,3.5,83,1,0,4,1,3,1,0,0
ML-03241,TRD,Transformer,4,78.77,45.71,7.6,61,0,0,0,1,4,1,1,0
ML-03242,TRD,Transformer,3,49.09,64.15,25.6,147,1,0,2,1,2,1,1,1
ML-03243,TRD,Section Insulator,3,71.16,31.5,9.7,95,0,0,0,0,3,1,2,0
ML-03244,S&T,Axle Counter,3,50.12,61.29,15.1,64,3,2,5,0,9,3,6,0
ML-03245,ENGINEERING,Bridge,3,80.64,35.62,6.8,44,1,0,3,0,3,1,1,0
ML-03246,S&T,Signal,4,72.34,43.01,11.0,126,3,0,2,0,3,0,0,0
ML-03247,S&T,Point Machine,4,83.9,32.75,2.4,131,0,0,0,0,3,1,1,0
ML-03248,ENGINEERING,Bridge,2,69.52,35.34,15.8,97,1,0,3,0,3,2,2,0
ML-03249,ENGINEERING,Point & Crossing,3,62.69,51.41,15.2,141,1,0,3,0,6,0,0,0
ML-03250,TRD,Section Insulator,3,81.18,30.1,3.4,110,3,0,3,0,1,0,0,1
ML-03251,ENGINEERING,Point & Crossing,1,96.51,19.02,9.5,21,1,0,3,0,2,0,0,0
ML-03252,ENGINEERING,Point & Crossing,4,70.97,57.77,12.4,66,0,0,0,1,6,4,3,1
ML-03253,TRD,OHE,3,72.27,41.52,14.2,150,1,1,2,1,1,0,0,0
ML-03254,S&T,Axle Counter,4,64.12,56.02,17.8,151,3,0,2,0,3,2,1,0
ML-03255,S&T,Point Machine,5,74.74,46.34,7.9,82,2,0,3,0,1,0,0,0
ML-03256,ENGINEERING,Point & Crossing,5,55.64,71.03,26.0,77,1,0,1,0,5,3,2,0
ML-03257,S&T,Axle Counter,4,78.43,45.33,13.6,187,1,0,1,0,7,3,4,1
ML-03258,ENGINEERING,Point & Crossing,3,81.63,33.97,7.0,48,0,0,0,1,2,0,1,0
ML-03259,TRD,Section Insulator,3,88.34,23.44,11.6,49,2,0,1,0,6,0,1,0
ML-03260,TRD,Transformer,4,79.12,38.97,9.0,82,1,0,3,0,0,0,0,0
ML-03261,ENGINEERING,Track,3,76.22,41.65,9.1,67,0,0,0,0,2,1,1,1
ML-03262,TRD,Section Insulator,3,83.56,38.09,4.7,171,1,0,3,0,2,1,0,1
ML-03263,S&T,Point Machine,4,61.47,58.01,24.5,155,2,1,5,1,3,3,2,0
ML-03264,TRD,OHE,3,71.73,40.52,10.6,154,0,0,0,0,2,1,2,0
ML-03265,S&T,Signal,2,85.53,27.58,6.2,38,3,0,1,1,4,1,0,0
ML-03266,S&T,Signal,4,74.13,48.38,6.3,50,0,0,0,1,3,2,2,0
ML-03267,S&T,Point Machine,4,95.38,31.54,6.8,63,1,0,4,1,0,0,0,0
ML-03268,TRD,Transformer,4,93.63,34.9,8.8,68,1,0,4,1,2,1,1,0
ML-03269,TRD,OHE,5,67.79,62.03,12.2,96,0,0,0,1,3,2,1,0
ML-03270,ENGINEERING,Bridge,2,72.92,45.07,13.7,97,1,0,3,0,3,0,2,1
ML-03271,ENGINEERING,Point & Crossing,4,75.09,47.59,13.2,54,2,1,5,0,0,0,0,1
ML-03272,ENGINEERING,Point & Crossing,3,66.28,48.65,17.4,146,1,0,3,1,4,0,1,1
ML-03273,ENGINEERING,Point & Crossing,3,88.44,27.99,4.2,65,2,0,2,0,2,1,0,0
ML-03274,S&T,Signal,5,52.93,73.29,17.7,72,1,0,2,1,6,4,1,0
ML-03275,S&T,Axle Counter,4,76.86,56.56,20.2,29,3,0,2,0,2,1,0,1
ML-03276,ENGINEERING,Bridge,4,58.1,65.05,19.4,16,1,1,2,1,5,3,1,0
ML-03277,ENGINEERING,Point & Crossing,3,76.41,46.54,14.4,29,0,0,0,0,4,1,1,0
ML-03278,TRD,Transformer,3,81.48,31.39,7.1,45,2,2,3,0,4,2,1,0
ML-03279,TRD,OHE,1,76.63,21.55,13.7,79,1,0,3,0,1,0,0,0
ML-03280,ENGINEERING,Track,1,86.65,20.59,11.0,68,1,0,2,0,2,1,1,0
ML-03281,ENGINEERING,Track,1,70.37,47.88,27.4,10,1,0,2,0,7,4,2,0
ML-03282,ENGINEERING,Track,3,79.61,36.79,9.5,141,0,0,0,1,2,1,1,0
ML-03283,ENGINEERING,Track,2,67.02,36.69,12.4,124,1,0,3,0,5,2,0,0
ML-03284,S&T,Axle Counter,1,68.0,43.08,12.2,66,1,1,3,0,3,2,0,0
ML-03285,ENGINEERING,Point & Crossing,3,66.48,42.72,15.8,39,0,0,0,1,3,2,3,1
ML-03286,ENGINEERING,Track,3,71.41,44.44,7.4,45,0,0,0,1,4,2,1,0
ML-03287,TRD,Section Insulator,5,88.23,42.03,5.3,198,1,1,3,0,5,2,2,0
ML-03288,TRD,OHE,3,76.56,40.29,8.8,44,0,0,0,0,2,0,1,0
ML-03289,TRD,Transformer,4,81.16,35.67,6.3,14,2,0,4,0,2,0,0,0
ML-03290,ENGINEERING,Bridge,4,81.05,37.29,6.9,82,3,1,3,0,4,1,0,0
ML-03291,TRD,Transformer,4,59.22,58.96,16.0,24,3,0,3,1,4,4,1,0
ML-03292,S&T,Signal,4,80.84,48.91,9.1,37,2,1,3,0,2,0,1,1
ML-03293,S&T,Signal,3,72.77,38.49,17.5,104,1,0,1,0,3,0,1,1
ML-03294,TRD,Section Insulator,3,68.32,51.56,19.6,43,3,2,2,0,2,1,2,0
ML-03295,ENGINEERING,Point & Crossing,1,57.2,51.54,20.3,72,1,0,5,1,5,2,1,0
ML-03296,ENGINEERING,Point & Crossing,4,47.72,72.63,30.0,155,2,0,3,0,2,2,2,0
ML-03297,TRD,OHE,2,66.92,36.82,15.3,122,1,0,5,1,4,2,0,0
ML-03298,TRD,Transformer,2,67.89,41.23,14.9,138,0,0,0,0,3,1,1,0
ML-03299,ENGINEERING,Point & Crossing,2,68.6,33.64,9.0,103,3,1,3,0,6,2,3,0
ML-03300,ENGINEERING,Bridge,4,76.24,41.69,9.0,51,1,0,3,1,2,1,0,0
ML-03301,TRD,Section Insulator,3,74.29,34.86,5.4,131,0,0,0,0,4,3,0,1
ML-03302,S&T,Signal,4,83.07,41.0,9.2,94,0,0,0,1,4,1,2,0
ML-03303,ENGINEERING,Point & Crossing,5,78.11,50.51,7.3,117,0,0,0,0,2,1,0,1
ML-03304,TRD,Section Insulator,1,47.51,59.93,26.8,81,3,1,2,0,2,1,1,1
ML-03305,S&T,Signal,5,71.35,48.56,5.8,101,2,0,2,0,3,1,1,1
ML-03306,TRD,Transformer,3,57.64,57.82,24.4,51,1,1,3,0,2,1,1,0
ML-03307,S&T,Axle Counter,2,74.2,31.63,8.1,181,0,0,0,1,3,1,0,0
ML-03308,ENGINEERING,Bridge,1,75.81,26.8,10.4,123,2,0,2,1,5,2,4,0
ML-03309,TRD,Section Insulator,3,86.67,35.07,6.8,87,0,0,0,0,2,0,1,1
ML-03310,S&T,Signal,3,65.22,47.35,11.1,154,2,0,3,0,1,0,0,0
ML-03311,S&T,Signal,4,58.28,65.5,21.1,83,5,1,5,1,3,1,2,0
ML-03312,S&T,Point Machine,5,59.76,72.73,18.5,21,4,3,4,1,7,4,5,1
ML-03313,TRD,OHE,4,71.89,46.84,14.2,64,0,0,0,1,6,4,1,0
ML-03314,S&T,Signal,4,65.62,53.28,16.3,105,2,1,5,1,3,1,0,0
ML-03315,S&T,Axle Counter,2,75.54,39.81,14.2,194,1,0,3,1,6,3,0,0
ML-03316,TRD,Transformer,1,71.97,24.98,9.4,85,1,0,3,0,7,4,0,0
ML-03317,ENGINEERING,Track,4,72.94,57.61,14.2,234,2,2,3,1,4,2,2,1
ML-03318,TRD,Transformer,3,80.32,35.91,6.3,39,0,0,0,0,0,0,0,0
ML-03319,S&T,Point Machine,3,100.0,23.01,2.7,70,0,0,0,0,4,1,1,0
ML-03320,S&T,Signal,5,69.01,48.23,9.7,228,2,1,2,0,3,1,1,0
ML-03321,ENGINEERING,Track,3,70.26,38.94,8.0,152,2,0,3,0,1,0,0,0
ML-03322,ENGINEERING,Point & Crossing,2,84.47,26.81,8.7,155,0,0,0,0,4,0,2,1
ML-03323,ENGINEERING,Bridge,4,66.11,45.0,16.1,70,0,0,0,1,4,3,3,0
ML-03324,ENGINEERING,Track,2,79.88,29.92,12.2,179,0,0,0,1,1,1,0,0
ML-03325,TRD,OHE,3,86.75,39.46,7.4,11,0,0,0,1,4,0,2,0
ML-03326,S&T,Signal,4,80.78,41.14,8.6,21,1,0,3,0,5,3,2,0
ML-03327,S&T,Axle Counter,4,74.26,51.13,16.4,119,2,0,2,1,6,5,3,0
ML-03328,ENGINEERING,Bridge,4,58.23,72.62,20.3,92,2,1,3,0,4,4,1,0
ML-03329,ENGINEERING,Bridge,4,53.31,67.93,24.1,107,2,0,3,1,5,2,5,1
ML-03330,ENGINEERING,Point & Crossing,2,87.75,27.31,4.5,61,2,1,1,0,1,1,0,0
ML-03331,TRD,OHE,4,98.67,39.75,13.0,116,4,1,3,0,7,0,2,0
ML-03332,S&T,Signal,2,95.68,15.66,5.9,117,1,0,3,0,3,1,0,0
ML-03333,S&T,Axle Counter,1,93.88,17.53,8.1,84,0,0,0,0,4,2,2,0
ML-03334,TRD,Section Insulator,5,84.66,41.51,5.0,116,2,1,4,1,6,2,0,0
ML-03335,TRD,Transformer,2,67.35,52.21,23.5,109,1,0,3,0,3,1,0,0
ML-03336,S&T,Signal,3,82.24,31.68,10.4,73,2,0,3,0,0,0,0,0
ML-03337,ENGINEERING,Track,4,68.18,63.47,18.5,65,0,0,0,0,2,2,0,0
ML-03338,S&T,Point Machine,2,70.92,42.83,14.7,95,0,0,0,0,1,1,0,0
ML-03339,S&T,Axle Counter,1,77.48,32.25,13.7,57,2,1,3,0,4,3,0,0
ML-03340,TRD,Section Insulator,2,77.79,28.21,12.0,50,2,0,3,0,0,0,0,0
ML-03341,ENGINEERING,Bridge,4,73.41,40.89,9.3,84,2,1,5,0,3,1,1,0
ML-03342,ENGINEERING,Point & Crossing,3,87.99,36.92,10.7,62,1,0,1,1,5,3,0,0
ML-03343,TRD,Transformer,1,64.49,29.56,16.1,122,1,0,1,0,3,1,1,1
ML-03344,S&T,Axle Counter,3,60.58,54.97,20.5,65,1,0,3,1,3,3,1,1
ML-03345,TRD,Section Insulator,3,86.66,28.76,6.0,63,2,0,3,0,1,0,0,0
ML-03346,ENGINEERING,Point & Crossing,3,50.86,55.89,22.5,141,0,0,0,1,1,0,0,0
ML-03347,ENGINEERING,Point & Crossing,4,80.39,38.4,11.3,81,2,0,2,1,2,1,0,1
ML-03348,TRD,OHE,2,82.46,34.01,11.4,99,0,0,0,1,2,2,1,0
ML-03349,S&T,Axle Counter,3,83.95,30.11,5.9,50,3,1,2,0,3,2,2,1
ML-03350,S&T,Point Machine,4,75.16,53.86,15.5,33,1,0,1,0,4,3,2,1
ML-03351,TRD,Transformer,3,66.76,39.69,12.8,78,1,0,3,0,2,0,0,1
ML-03352,TRD,OHE,3,78.33,37.03,7.6,97,2,0,3,1,2,0,1,0
ML-03353,ENGINEERING,Point & Crossing,4,59.06,64.0,22.1,81,1,1,2,0,6,3,1,0
ML-03354,TRD,Transformer,4,69.29,44.16,12.9,39,1,0,3,1,3,2,1,0
ML-03355,TRD,Transformer,4,74.59,44.36,6.2,45,4,1,3,1,3,1,2,0
ML-03356,TRD,Section Insulator,4,79.05,57.52,13.3,97,4,1,1,1,6,2,2,1
ML-03357,ENGINEERING,Track,2,98.55,28.3,13.8,64,1,0,1,0,2,0,0,1
ML-03358,TRD,Section Insulator,3,81.84,30.01,5.3,47,1,0,3,0,3,0,1,0
ML-03359,ENGINEERING,Point & Crossing,4,69.32,47.19,12.3,68,1,1,1,1,1,1,0,0
ML-03360,S&T,Signal,2,95.0,16.72,8.0,33,3,0,2,0,2,0,1,0
ML-03361,S&T,Point Machine,5,77.99,49.98,9.9,88,2,1,3,0,1,1,0,1
ML-03362,ENGINEERING,Track,4,95.48,35.07,6.6,32,1,1,4,0,2,1,0,0
ML-03363,TRD,Section Insulator,5,63.71,62.35,19.6,108,1,0,4,0,2,0,0,1
ML-03364,ENGINEERING,Bridge,3,94.25,28.8,8.6,54,2,1,3,0,0,0,0,1
ML-03365,TRD,Section Insulator,5,55.08,74.93,24.0,228,3,2,3,0,4,3,1,1
ML-03366,ENGINEERING,Bridge,2,67.1,34.28,14.2,53,1,0,3,0,1,1,0,1
ML-03367,TRD,OHE,3,57.59,58.82,17.9,171,3,1,5,0,5,2,3,1
ML-03368,ENGINEERING,Track,4,85.05,30.32,10.1,108,0,0,0,1,4,2,0,0
ML-03369,ENGINEERING,Bridge,5,82.11,48.07,7.3,49,4,1,2,0,3,1,0,0
ML-03370,ENGINEERING,Bridge,3,66.35,56.65,14.0,71,1,0,3,1,1,1,1,1
ML-03371,TRD,Section Insulator,3,65.14,58.8,14.3,30,4,0,3,1,3,2,2,1
ML-03372,TRD,Transformer,3,87.67,31.35,7.8,83,1,0,3,0,3,0,0,0
ML-03373,S&T,Point Machine,5,86.36,49.92,4.0,19,1,1,2,0,3,1,0,0
ML-03374,S&T,Signal,5,73.52,49.92,7.7,112,1,0,3,1,3,2,0,0
ML-03375,ENGINEERING,Bridge,4,74.15,40.53,8.1,53,0,0,0,1,4,1,1,0
ML-03376,TRD,OHE,3,81.46,44.28,9.3,72,0,0,0,1,3,3,1,0
ML-03377,S&T,Point Machine,5,66.46,64.52,15.2,53,0,0,0,0,5,3,2,0
ML-03378,ENGINEERING,Track,2,79.2,21.92,5.4,282,2,1,2,0,3,0,0,0
ML-03379,S&T,Signal,2,67.1,31.36,4.4,39,0,0,0,0,5,1,1,0
ML-03380,ENGINEERING,Bridge,4,81.08,41.38,13.4,94,1,0,3,0,4,1,1,0
ML-03381,S&T,Axle Counter,4,72.55,50.84,7.7,225,2,1,3,0,2,0,1,0
ML-03382,S&T,Axle Counter,1,95.18,9.1,6.7,77,1,0,2,0,2,1,0,0
ML-03383,S&T,Signal,4,69.14,44.49,13.0,32,0,0,0,0,5,4,3,0
ML-03384,TRD,Section Insulator,3,75.98,45.66,15.5,107,2,2,2,0,0,0,0,0
ML-03385,ENGINEERING,Track,4,75.57,44.93,12.9,115,0,0,0,1,6,3,3,0
ML-03386,TRD,OHE,4,66.32,60.86,15.0,42,0,0,0,1,8,4,2,0
ML-03387,TRD,OHE,4,62.85,57.75,16.9,92,1,0,3,0,7,4,3,1
ML-03388,ENGINEERING,Point & Crossing,4,81.46,55.91,16.3,68,3,1,3,1,2,1,1,0
ML-03389,ENGINEERING,Track,2,61.15,39.79,17.7,130,2,1,3,0,2,1,2,1
ML-03390,TRD,Section Insulator,4,100.0,30.71,5.1,62,2,2,3,0,3,1,1,0
ML-03391,TRD,OHE,3,60.99,46.56,13.9,65,2,1,2,0,2,2,1,1
ML-03392,TRD,Transformer,4,78.07,55.9,19.7,43,1,0,1,1,3,2,1,0
ML-03393,ENGINEERING,Bridge,1,73.2,26.74,12.5,84,2,0,3,1,4,2,1,0
ML-03394,ENGINEERING,Bridge,3,71.33,39.16,9.6,77,2,0,3,0,7,6,2,1
ML-03395,TRD,OHE,1,81.84,28.19,8.9,125,1,0,3,0,9,2,1,0
ML-03396,ENGINEERING,Bridge,3,63.32,52.47,16.7,19,0,0,0,1,2,0,1,0
ML-03397,S&T,Point Machine,1,84.82,30.11,15.3,201,2,0,3,0,4,0,2,0
ML-03398,TRD,Section Insulator,5,67.48,48.97,5.8,60,1,0,3,1,5,2,1,0
ML-03399,ENGINEERING,Track,3,68.94,45.62,8.4,100,1,1,2,0,8,4,3,0
ML-03400,TRD,Section Insulator,4,65.79,66.22,20.7,137,1,1,2,0,6,2,3,0
ML-03401,S&T,Point Machine,3,80.57,26.45,5.5,135,2,0,2,0,7,2,1,1
ML-03402,S&T,Point Machine,4,74.53,36.35,9.0,26,0,0,0,0,1,0,0,0
ML-03403,ENGINEERING,Point & Crossing,3,68.24,56.96,21.8,170,0,0,0,0,4,2,3,0
ML-03404,ENGINEERING,Point & Crossing,3,84.34,20.65,7.3,34,1,1,1,0,5,2,0,0
ML-03405,TRD,Section Insulator,3,85.79,30.81,7.2,90,1,1,3,0,3,1,0,0
ML-03406,S&T,Point Machine,5,75.03,54.48,9.3,188,3,1,3,0,3,0,2,1
ML-03407,ENGINEERING,Track,3,66.11,43.58,15.8,60,1,1,3,0,5,4,2,1
ML-03408,S&T,Signal,2,72.87,22.95,13.1,37,3,0,3,0,1,0,0,0
ML-03409,ENGINEERING,Point & Crossing,3,51.07,61.84,19.0,220,0,0,0,1,4,3,2,0
ML-03410,TRD,Section Insulator,4,85.22,33.26,4.8,92,1,0,3,1,2,2,1,0
ML-03411,ENGINEERING,Point & Crossing,3,76.36,45.13,12.8,66,1,1,3,1,3,1,2,0
ML-03412,S&T,Point Machine,4,69.56,55.65,11.7,117,0,0,0,0,5,4,3,0
ML-03413,TRD,Transformer,1,83.0,30.64,16.9,36,0,0,0,0,3,0,1,0
ML-03414,S&T,Signal,5,79.7,40.36,10.0,78,1,1,2,0,2,2,0,0
ML-03415,S&T,Point Machine,4,67.29,56.98,21.0,365,3,2,4,0,2,2,1,1
ML-03416,ENGINEERING,Point & Crossing,2,64.84,45.22,9.0,120,0,0,0,1,2,2,2,0
ML-03417,ENGINEERING,Bridge,4,63.62,58.12,12.4,141,0,0,0,0,4,2,2,0
ML-03418,TRD,Section Insulator,4,84.74,38.96,5.1,23,0,0,0,1,3,2,1,0
ML-03419,ENGINEERING,Bridge,4,88.78,31.77,3.9,72,2,1,3,0,3,1,1,0
ML-03420,TRD,OHE,4,67.56,54.83,17.8,45,1,0,3,1,4,4,2,0
ML-03421,ENGINEERING,Bridge,4,78.81,40.56,4.0,31,1,1,3,1,3,2,0,1
ML-03422,TRD,Section Insulator,4,58.21,59.54,13.0,33,2,1,2,1,5,1,2,1
ML-03423,ENGINEERING,Bridge,5,70.0,50.51,6.5,88,2,1,3,1,3,0,0,1
ML-03424,S&T,Signal,4,82.84,37.07,7.5,55,1,0,1,0,0,0,0,0
ML-03425,TRD,OHE,2,98.57,19.16,6.3,139,3,1,3,0,4,2,0,0
ML-03426,TRD,Section Insulator,4,75.9,40.54,9.0,128,3,1,3,1,3,3,0,0
ML-03427,S&T,Signal,3,74.86,43.65,16.5,56,3,0,3,0,2,1,1,0
ML-03428,ENGINEERING,Bridge,4,75.39,57.01,19.0,148,0,0,0,0,2,0,1,0
ML-03429,ENGINEERING,Track,3,65.32,47.38,17.2,37,2,0,3,1,4,4,1,0
ML-03430,ENGINEERING,Bridge,3,77.82,45.62,14.8,51,2,0,2,0,1,1,0,0
ML-03431,S&T,Signal,3,83.82,28.02,9.4,111,1,0,2,1,4,0,1,0
ML-03432,S&T,Point Machine,3,80.37,43.16,9.6,181,0,0,0,0,5,4,0,0
ML-03433,ENGINEERING,Track,1,78.14,26.25,14.1,51,2,1,2,0,4,2,1,0
ML-03434,TRD,OHE,4,81.43,42.96,8.2,37,1,0,3,1,3,2,1,0
ML-03435,ENGINEERING,Point & Crossing,4,72.37,52.33,12.5,13,3,0,3,1,7,4,2,0
ML-03436,S&T,Axle Counter,5,74.08,51.2,8.8,33,1,0,3,0,0,0,0,0
ML-03437,TRD,Section Insulator,4,92.96,36.48,7.0,83,2,0,3,1,4,1,0,0
ML-03438,TRD,OHE,5,72.89,63.71,17.7,35,3,1,3,1,7,2,2,0
ML-03439,S&T,Point Machine,2,88.14,31.18,8.0,80,0,0,0,0,1,0,0,0
ML-03440,S&T,Axle Counter,4,66.55,45.36,12.9,64,2,1,2,1,1,1,1,0
ML-03441,TRD,Section Insulator,3,76.1,48.09,9.1,32,1,0,3,1,3,2,1,1
ML-03442,S&T,Axle Counter,5,39.45,84.03,30.0,90,2,1,3,1,5,1,2,0
ML-03443,S&T,Signal,3,83.95,34.38,5.3,194,0,0,0,0,5,3,3,0
ML-03444,S&T,Axle Counter,4,81.9,34.86,7.7,49,1,0,2,1,3,1,1,1
ML-03445,ENGINEERING,Point & Crossing,3,75.54,45.9,14.7,70,1,0,1,0,3,1,0,0
ML-03446,ENGINEERING,Bridge,5,23.59,98.63,30.0,68,4,3,2,1,7,6,4,0
ML-03447,ENGINEERING,Point & Crossing,2,98.03,18.33,5.8,107,0,0,0,1,1,0,0,1
ML-03448,TRD,Section Insulator,2,73.49,43.64,20.8,32,2,1,2,1,4,2,1,0
ML-03449,ENGINEERING,Point & Crossing,5,65.79,63.43,15.0,150,1,1,3,1,3,3,1,0
ML-03450,TRD,Transformer,2,100.0,21.0,6.4,119,1,0,3,0,5,0,1,0
ML-03451,S&T,Signal,3,77.61,42.17,10.7,41,0,0,0,0,1,0,1,0
ML-03452,ENGINEERING,Track,3,72.03,40.62,18.2,88,4,0,4,1,6,5,1,0
ML-03453,TRD,Section Insulator,4,91.13,37.36,8.5,84,1,0,3,0,6,2,2,0
ML-03454,S&T,Axle Counter,3,77.48,38.14,10.5,90,1,0,3,1,6,2,0,0
ML-03455,ENGINEERING,Point & Crossing,2,74.65,37.93,15.8,64,2,0,3,1,2,2,0,0
ML-03456,S&T,Point Machine,5,83.69,47.14,4.3,128,1,1,3,1,7,4,5,0
ML-03457,TRD,OHE,2,91.19,20.29,8.5,141,3,1,2,0,2,2,1,0
ML-03458,S&T,Signal,4,62.77,65.26,12.1,65,4,0,2,0,8,3,3,0
ML-03459,ENGINEERING,Track,3,85.71,39.42,7.0,112,1,0,3,0,1,0,0,0
ML-03460,TRD,Section Insulator,4,58.41,46.92,18.9,220,6,4,4,1,2,0,0,1
ML-03461,TRD,Section Insulator,4,68.05,50.6,14.4,159,1,1,3,1,3,2,0,0
ML-03462,ENGINEERING,Point & Crossing,4,92.5,30.77,4.3,59,3,0,3,1,2,1,0,0
ML-03463,S&T,Axle Counter,5,76.81,52.57,9.6,59,1,0,3,1,5,4,4,1
ML-03464,ENGINEERING,Point & Crossing,5,74.32,54.76,6.8,45,2,1,3,1,3,2,1,0
ML-03465,TRD,Transformer,2,89.62,20.46,7.6,128,0,0,0,1,4,0,1,0
ML-03466,ENGINEERING,Track,4,65.93,50.61,9.9,148,3,1,3,1,6,2,2,0
ML-03467,S&T,Axle Counter,4,53.72,66.81,14.6,50,2,1,1,0,2,2,0,1
ML-03468,TRD,OHE,4,76.3,51.48,10.1,61,0,0,0,0,4,2,1,1
ML-03469,ENGINEERING,Bridge,3,89.1,38.91,4.3,55,0,0,0,1,3,0,1,0
ML-03470,TRD,Section Insulator,5,72.93,53.83,15.0,79,2,1,5,1,6,4,2,0
ML-03471,TRD,Section Insulator,3,69.97,48.0,11.7,65,0,0,0,0,6,2,3,0
ML-03472,ENGINEERING,Point & Crossing,3,93.72,27.38,1.8,134,1,0,3,1,5,0,0,1
ML-03473,TRD,Section Insulator,1,73.33,37.93,14.3,112,1,0,5,0,2,0,1,0
ML-03474,S&T,Signal,4,83.54,38.08,7.1,87,2,1,3,0,3,1,1,0
ML-03475,TRD,Section Insulator,3,63.55,39.66,11.1,34,5,1,3,0,5,3,1,0
ML-03476,ENGINEERING,Bridge,3,70.58,45.72,10.5,111,0,0,0,0,6,2,2,0
ML-03477,ENGINEERING,Bridge,3,77.76,34.95,6.6,48,0,0,0,0,6,2,1,0
ML-03478,TRD,Section Insulator,4,82.21,42.35,4.7,77,1,0,3,0,4,1,1,0
ML-03479,TRD,Transformer,2,73.42,39.64,10.8,54,0,0,0,0,2,0,1,1
ML-03480,ENGINEERING,Bridge,1,60.87,46.99,26.8,78,0,0,0,1,4,2,0,0
ML-03481,S&T,Signal,3,70.29,35.16,10.1,70,1,0,2,1,5,2,1,0
ML-03482,ENGINEERING,Track,3,70.07,42.9,11.3,38,4,1,3,0,3,2,0,0
ML-03483,ENGINEERING,Point & Crossing,3,72.11,45.97,15.5,58,3,1,4,0,6,1,1,0
ML-03484,S&T,Signal,5,74.65,58.73,10.9,231,0,0,0,0,3,2,2,1
ML-03485,S&T,Signal,2,73.55,35.81,10.6,61,1,0,4,0,3,1,1,1
ML-03486,TRD,Transformer,4,74.12,41.31,8.4,55,0,0,0,1,3,0,0,1
ML-03487,TRD,OHE,2,91.65,15.39,7.2,47,0,0,0,0,1,0,0,0
ML-03488,S&T,Axle Counter,4,72.65,56.9,22.0,117,3,1,4,1,1,1,0,0
ML-03489,S&T,Point Machine,3,72.62,39.1,7.6,113,0,0,0,0,4,3,2,0
ML-03490,ENGINEERING,Track,2,87.16,28.35,6.9,113,1,1,3,0,1,1,0,0
ML-03491,ENGINEERING,Bridge,3,77.82,34.35,11.8,99,1,0,3,0,4,1,1,0
ML-03492,TRD,OHE,3,72.87,40.81,18.3,48,1,0,3,1,5,1,1,0
ML-03493,TRD,Section Insulator,3,74.86,33.38,10.3,20,3,1,4,0,3,2,0,0
ML-03494,TRD,Section Insulator,3,76.76,35.82,5.9,102,0,0,0,1,2,0,0,0
ML-03495,TRD,Transformer,5,65.77,57.62,12.9,15,2,0,3,1,5,0,1,0
ML-03496,S&T,Axle Counter,3,65.46,49.43,16.8,12,2,1,2,0,3,1,2,0
ML-03497,S&T,Signal,1,73.96,26.37,15.8,55,2,0,1,0,2,0,1,1
ML-03498,S&T,Axle Counter,2,84.81,20.56,9.8,72,0,0,0,1,6,0,0,0
ML-03499,S&T,Signal,1,67.23,39.35,15.8,38,0,0,0,1,3,0,0,0
ML-03500,S&T,Axle Counter,1,73.1,39.28,19.8,95,2,0,3,1,4,2,1,1
ML-03501,TRD,Transformer,5,77.78,52.67,10.1,150,0,0,0,1,5,3,1,0
ML-03502,S&T,Point Machine,4,72.2,49.58,16.9,59,1,0,1,0,7,3,2,0
ML-03503,TRD,Section Insulator,5,71.45,54.07,8.3,62,4,3,1,0,2,0,1,0
ML-03504,TRD,Section Insulator,4,75.26,43.15,10.5,84,1,0,2,0,6,3,3,0
ML-03505,TRD,Transformer,4,82.26,42.57,11.5,77,1,0,3,1,4,3,3,1
ML-03506,ENGINEERING,Point & Crossing,3,63.85,55.3,15.7,53,1,0,1,1,6,3,1,0
ML-03507,ENGINEERING,Bridge,2,93.79,17.11,8.6,54,1,1,1,0,3,2,1,0
ML-03508,ENGINEERING,Bridge,4,82.92,40.5,4.4,102,2,0,3,0,2,1,0,0
ML-03509,TRD,OHE,5,79.62,38.5,6.5,139,0,0,0,1,4,1,1,0
ML-03510,S&T,Signal,1,91.16,9.71,8.5,117,1,0,3,0,0,0,0,0
ML-03511,S&T,Axle Counter,3,63.0,49.21,14.0,48,2,1,3,0,2,1,0,0
ML-03512,ENGINEERING,Bridge,3,96.46,27.56,6.4,105,1,0,3,1,2,0,1,0
ML-03513,ENGINEERING,Bridge,5,70.35,57.92,13.4,63,0,0,0,0,5,2,3,0
ML-03514,ENGINEERING,Track,4,61.13,56.31,18.9,56,3,1,3,1,3,2,1,1
ML-03515,TRD,Transformer,4,59.38,53.09,15.6,130,1,1,3,0,2,2,2,0
ML-03516,TRD,OHE,3,77.74,41.35,7.6,116,0,0,0,0,5,3,1,0
ML-03517,ENGINEERING,Track,4,70.89,56.68,17.0,60,0,0,0,1,7,6,1,0
ML-03518,TRD,Transformer,3,48.61,68.87,25.0,96,2,0,3,0,4,2,3,1
ML-03519,ENGINEERING,Bridge,5,67.99,60.18,17.0,91,3,0,4,1,7,5,2,0
ML-03520,ENGINEERING,Point & Crossing,5,75.67,58.56,12.1,52,2,0,2,1,3,2,2,0
ML-03521,S&T,Point Machine,3,78.93,23.21,8.8,109,1,1,2,0,3,1,0,0
ML-03522,ENGINEERING,Track,3,67.04,53.21,8.3,62,0,0,0,0,6,6,1,0
ML-03523,ENGINEERING,Point & Crossing,4,87.01,32.02,2.8,14,3,1,3,0,1,0,0,0
ML-03524,S&T,Axle Counter,4,94.51,33.65,3.7,148,1,1,3,1,2,0,0,0
ML-03525,ENGINEERING,Bridge,3,83.62,45.32,11.3,126,1,0,3,0,3,2,0,0
ML-03526,S&T,Axle Counter,2,70.05,33.42,13.8,51,0,0,0,1,6,3,1,0
ML-03527,S&T,Axle Counter,1,62.94,35.39,18.2,79,0,0,0,1,0,0,0,0
ML-03528,S&T,Point Machine,2,78.32,16.07,7.8,38,2,0,3,0,3,0,0,0
ML-03529,TRD,Transformer,2,80.7,27.98,4.5,75,2,1,3,0,2,0,0,0
ML-03530,S&T,Axle Counter,3,84.88,20.56,3.3,89,1,0,1,1,0,0,0,0
ML-03531,ENGINEERING,Point & Crossing,2,83.91,26.29,10.2,150,1,0,3,0,1,0,0,0
ML-03532,TRD,Section Insulator,3,76.7,42.48,9.3,59,2,0,4,0,5,1,3,0
ML-03533,S&T,Point Machine,3,74.34,35.98,10.2,136,2,2,4,0,3,1,0,1
ML-03534,TRD,Section Insulator,3,84.68,33.38,6.8,51,2,0,3,1,6,0,2,0
ML-03535,TRD,OHE,3,83.14,34.82,5.8,66,0,0,0,0,2,1,0,0
ML-03536,S&T,Point Machine,5,64.95,62.83,17.0,63,2,1,3,0,0,0,0,0
ML-03537,ENGINEERING,Track,2,63.52,42.57,18.4,61,1,0,2,0,5,2,1,1
ML-03538,ENGINEERING,Point & Crossing,1,73.58,24.53,10.8,45,1,0,3,0,1,0,1,0
ML-03539,TRD,OHE,3,44.61,68.92,21.4,39,2,0,3,0,5,1,2,0
ML-03540,S&T,Signal,4,74.27,36.51,6.2,98,0,0,0,0,4,3,0,0
ML-03541,S&T,Axle Counter,4,72.87,50.21,11.8,143,2,1,3,0,4,0,1,0
ML-03542,ENGINEERING,Track,5,64.78,69.61,16.3,93,2,0,2,1,2,1,1,0
ML-03543,TRD,Section Insulator,5,60.62,65.9,16.9,47,2,0,3,0,3,2,0,0
ML-03544,TRD,Transformer,3,78.13,37.95,8.2,41,0,0,0,0,5,2,0,0
ML-03545,S&T,Signal,4,67.11,68.9,16.0,48,0,0,0,1,5,2,1,0
ML-03546,ENGINEERING,Bridge,3,78.14,32.51,7.4,72,2,0,4,0,2,2,0,1
ML-03547,ENGINEERING,Point & Crossing,1,77.05,29.79,16.9,71,2,0,3,1,2,0,2,0
ML-03548,S&T,Signal,3,78.64,41.68,8.9,64,0,0,0,1,1,1,0,0
ML-03549,TRD,Section Insulator,4,74.5,53.19,15.8,47,0,0,0,1,6,4,2,0
ML-03550,ENGINEERING,Track,3,45.95,78.22,30.0,103,4,1,3,1,2,2,2,1
ML-03551,S&T,Point Machine,3,62.46,46.6,14.1,111,2,1,3,0,4,0,1,1
ML-03552,ENGINEERING,Bridge,4,63.65,66.89,14.4,74,1,0,2,0,4,2,2,0
ML-03553,TRD,Section Insulator,5,64.71,62.28,16.8,80,2,2,4,0,5,3,3,1
ML-03554,ENGINEERING,Track,3,55.95,66.45,26.4,76,3,2,1,1,3,2,2,0
ML-03555,ENGINEERING,Point & Crossing,3,64.54,62.71,25.7,67,2,1,3,1,5,2,2,1
ML-03556,TRD,OHE,4,78.17,39.44,8.8,87,2,1,3,1,3,1,1,1
ML-03557,ENGINEERING,Bridge,5,51.38,85.89,27.6,42,1,0,5,0,2,2,2,0
ML-03558,TRD,Transformer,5,80.69,47.05,8.7,61,0,0,0,1,6,3,2,1
ML-03559,ENGINEERING,Point & Crossing,4,72.72,47.28,9.5,118,1,0,2,0,5,1,1,1
ML-03560,TRD,Transformer,2,81.12,27.19,5.0,175,1,0,3,1,5,3,0,0
ML-03561,ENGINEERING,Track,3,59.08,50.11,11.8,215,1,0,2,1,3,3,0,0
ML-03562,TRD,Transformer,5,66.1,72.57,21.4,66,2,1,2,1,2,1,1,1
ML-03563,TRD,OHE,3,97.57,19.44,6.6,89,0,0,0,0,5,2,0,0
ML-03564,TRD,OHE,3,78.12,35.2,13.7,104,4,2,4,0,2,1,0,1
ML-03565,TRD,Transformer,3,67.88,45.46,9.5,21,2,1,4,0,2,0,1,0
ML-03566,TRD,Transformer,5,83.45,46.11,9.3,123,1,1,5,1,2,1,1,0
ML-03567,TRD,Section Insulator,1,70.72,32.06,10.0,74,0,0,0,0,3,1,1,0
ML-03568,S&T,Axle Counter,3,72.88,41.25,9.6,26,2,1,3,1,2,0,1,0
ML-03569,ENGINEERING,Point & Crossing,3,80.58,32.6,12.8,68,2,0,3,0,7,2,1,0
ML-03570,S&T,Point Machine,4,79.17,46.57,13.0,129,0,0,0,0,6,1,4,0
ML-03571,S&T,Axle Counter,4,75.35,38.56,4.6,104,1,0,2,1,2,0,2,0
ML-03572,ENGINEERING,Point & Crossing,3,69.07,44.33,14.4,71,1,0,3,0,4,2,2,1
ML-03573,S&T,Axle Counter,4,54.44,64.56,20.6,37,2,1,2,1,3,1,2,0
ML-03574,S&T,Axle Counter,3,79.03,32.17,7.9,35,2,1,3,0,2,0,0,0
ML-03575,TRD,OHE,4,81.52,50.87,15.2,40,1,0,2,0,1,0,0,1
ML-03576,TRD,Transformer,3,74.28,38.33,7.6,110,2,0,2,0,2,0,0,0
ML-03577,ENGINEERING,Point & Crossing,4,77.55,51.01,14.3,228,3,0,3,0,3,2,0,0
ML-03578,TRD,Transformer,1,74.74,30.26,11.8,188,0,0,0,0,2,2,0,0
ML-03579,ENGINEERING,Bridge,4,60.64,61.82,23.5,229,2,0,2,1,6,5,2,0
ML-03580,ENGINEERING,Bridge,3,93.23,31.81,9.6,95,1,0,3,1,3,1,1,0
ML-03581,TRD,OHE,2,73.67,38.82,24.9,30,1,0,3,0,6,3,2,0
ML-03582,S&T,Point Machine,3,51.46,74.41,30.0,71,3,2,4,1,3,2,2,0
ML-03583,S&T,Point Machine,4,74.94,47.81,16.8,41,0,0,0,1,4,1,1,0
ML-03584,TRD,OHE,4,63.9,60.26,13.8,11,2,0,4,1,8,4,1,0
ML-03585,ENGINEERING,Bridge,4,74.1,48.44,7.6,70,1,1,2,1,2,2,1,0
ML-03586,ENGINEERING,Point & Crossing,4,48.21,68.49,18.7,182,4,2,1,0,3,2,0,0
ML-03587,ENGINEERING,Bridge,4,83.77,50.31,11.3,55,1,0,4,0,5,3,2,0
ML-03588,ENGINEERING,Track,3,58.57,59.09,19.3,41,3,0,3,0,6,4,5,0
ML-03589,ENGINEERING,Point & Crossing,3,81.89,40.47,18.5,80,3,0,3,1,8,3,0,1
ML-03590,ENGINEERING,Track,4,45.82,78.15,25.0,44,2,1,3,0,6,5,0,1
ML-03591,TRD,Section Insulator,3,78.29,42.74,13.0,38,3,0,3,0,3,3,1,0
ML-03592,ENGINEERING,Point & Crossing,1,78.85,23.88,11.9,39,0,0,0,0,4,2,2,0
ML-03593,ENGINEERING,Bridge,3,76.51,42.57,9.1,71,0,0,0,0,4,0,2,0
ML-03594,S&T,Signal,2,86.05,31.55,14.6,84,1,1,3,1,3,0,1,0
ML-03595,TRD,Transformer,3,73.38,40.9,15.4,44,0,0,0,1,3,1,0,1
ML-03596,TRD,Transformer,4,90.29,37.73,3.8,167,0,0,0,1,2,0,1,0
ML-03597,S&T,Axle Counter,4,70.12,58.54,15.0,128,1,0,4,0,4,1,1,0
ML-03598,S&T,Signal,2,83.49,27.7,8.3,134,0,0,0,0,1,1,0,0
ML-03599,TRD,OHE,4,80.49,38.86,9.0,45,2,0,3,0,3,1,0,0
ML-03600,TRD,Section Insulator,3,69.95,45.32,13.4,25,4,2,5,1,4,2,1,1
ML-03601,ENGINEERING,Track,4,81.97,35.18,5.2,113,0,0,0,0,2,2,0,0
ML-03602,TRD,OHE,4,52.74,64.92,16.8,62,2,1,3,1,8,6,2,0
ML-03603,TRD,Transformer,2,73.39,36.21,19.3,39,0,0,0,1,5,4,1,1
ML-03604,TRD,Section Insulator,2,62.25,52.18,17.5,133,2,0,2,0,4,3,2,0
ML-03605,ENGINEERING,Track,5,86.55,36.37,4.6,132,2,0,1,1,1,1,0,0
ML-03606,TRD,Transformer,3,78.9,44.96,16.4,140,4,0,3,1,4,1,1,0
ML-03607,S&T,Point Machine,3,69.1,46.78,9.7,61,3,1,3,0,3,2,0,0
ML-03608,S&T,Point Machine,5,85.96,45.9,10.2,24,3,1,3,0,1,0,0,0
ML-03609,S&T,Point Machine,5,51.63,74.15,29.9,23,2,2,3,1,0,0,0,1
ML-03610,ENGINEERING,Point & Crossing,3,71.4,40.47,11.0,77,1,1,3,0,4,1,1,0
ML-03611,S&T,Point Machine,3,98.81,23.29,10.1,57,1,0,2,0,1,1,1,0
ML-03612,S&T,Signal,4,68.76,54.37,17.2,34,1,1,3,0,2,2,0,0
ML-03613,TRD,OHE,5,60.51,59.31,9.4,69,0,0,0,0,7,4,0,0
ML-03614,S&T,Axle Counter,1,78.7,20.37,10.9,36,1,0,3,0,3,0,0,0
ML-03615,TRD,Section Insulator,2,85.46,19.83,7.0,50,2,0,3,0,2,2,0,0
ML-03616,TRD,Section Insulator,3,84.53,28.13,6.3,77,4,2,3,0,1,0,1,1
ML-03617,TRD,Section Insulator,3,78.88,38.22,9.4,62,2,0,3,0,3,1,0,0
ML-03618,TRD,Section Insulator,3,81.8,40.27,13.2,61,3,2,3,0,2,0,1,0
ML-03619,S&T,Point Machine,3,85.39,31.49,12.4,189,1,0,2,0,4,3,2,0
ML-03620,TRD,Section Insulator,5,69.04,54.73,11.6,67,1,0,3,0,8,2,5,0
ML-03621,ENGINEERING,Point & Crossing,4,82.98,39.13,6.8,48,1,0,3,1,2,1,0,0
ML-03622,ENGINEERING,Bridge,4,64.24,63.41,15.8,60,2,2,3,1,3,1,2,0
ML-03623,S&T,Axle Counter,5,68.46,58.07,10.4,136,0,0,0,1,2,2,0,1
ML-03624,S&T,Axle Counter,4,89.18,25.82,6.8,281,0,0,0,0,4,1,0,0
ML-03625,ENGINEERING,Track,4,78.4,44.72,14.1,73,1,0,3,0,3,1,1,0
ML-03626,ENGINEERING,Track,3,94.24,27.61,8.2,133,0,0,0,0,2,0,1,0
ML-03627,ENGINEERING,Track,4,87.07,37.19,6.6,29,0,0,0,0,3,1,2,0
ML-03628,TRD,OHE,4,77.4,44.27,14.1,75,1,0,2,0,3,1,2,0
ML-03629,ENGINEERING,Bridge,5,66.1,64.56,15.2,106,3,2,2,1,7,4,2,0
ML-03630,ENGINEERING,Bridge,3,72.56,52.54,9.0,196,2,0,2,1,4,2,0,0
ML-03631,S&T,Point Machine,3,85.92,41.68,5.8,90,1,0,3,1,4,2,0,0
ML-03632,ENGINEERING,Bridge,4,74.86,59.49,10.0,141,2,0,3,1,6,1,2,0
ML-03633,ENGINEERING,Track,5,81.39,44.9,10.0,69,1,0,3,1,4,1,3,0
ML-03634,ENGINEERING,Bridge,4,69.03,68.53,21.8,180,1,1,3,1,5,2,3,0
ML-03635,ENGINEERING,Track,3,86.32,28.06,5.3,27,0,0,0,0,5,4,2,0
ML-03636,ENGINEERING,Track,3,84.34,35.03,10.9,95,0,0,0,1,2,1,1,0
ML-03637,TRD,Transformer,4,55.63,67.64,23.5,77,1,1,3,0,3,2,2,0
ML-03638,ENGINEERING,Track,4,86.97,23.38,6.0,36,2,0,4,1,1,1,0,0
ML-03639,TRD,Transformer,5,61.69,50.36,12.9,102,0,0,0,0,3,2,1,0
ML-03640,TRD,Section Insulator,4,84.32,46.35,10.7,86,1,0,1,0,1,1,0,0
ML-03641,S&T,Point Machine,5,75.81,48.43,12.2,36,2,0,3,1,4,2,2,1
ML-03642,ENGINEERING,Bridge,4,62.22,62.16,17.8,162,2,1,5,0,1,1,0,1
ML-03643,TRD,Section Insulator,2,77.55,33.35,12.4,99,3,1,3,0,3,1,1,0
ML-03644,TRD,OHE,3,82.33,41.17,13.0,33,1,0,5,1,3,2,1,0
ML-03645,TRD,Transformer,3,74.61,46.38,17.2,84,2,0,1,0,0,0,0,0
ML-03646,TRD,Transformer,5,89.93,40.87,6.1,66,0,0,0,1,2,1,0,0
ML-03647,ENGINEERING,Bridge,2,63.56,46.71,19.6,151,4,1,2,0,2,1,0,0
ML-03648,ENGINEERING,Bridge,3,71.72,44.28,15.2,101,2,2,4,0,3,1,3,0
ML-03649,TRD,Section Insulator,4,72.4,49.06,10.7,34,2,0,1,1,7,0,1,0
ML-03650,TRD,Transformer,2,93.81,17.27,2.7,75,1,1,3,0,1,1,0,0
ML-03651,ENGINEERING,Point & Crossing,5,68.04,60.21,12.6,130,1,1,1,1,2,0,2,0
ML-03652,TRD,Transformer,2,75.88,32.71,12.4,91,2,0,1,1,0,0,0,0
ML-03653,ENGINEERING,Track,5,72.03,63.16,12.1,61,2,1,3,1,5,1,2,1
ML-03654,TRD,OHE,5,70.22,59.92,13.0,133,0,0,0,1,3,2,1,0
ML-03655,S&T,Point Machine,4,92.35,33.81,6.2,145,2,0,2,1,3,0,1,0
ML-03656,ENGINEERING,Point & Crossing,5,72.27,54.49,18.9,209,3,1,2,1,3,1,1,0
ML-03657,ENGINEERING,Point & Crossing,3,83.19,31.46,8.5,176,1,0,3,0,8,2,2,0
ML-03658,S&T,Signal,4,50.43,76.42,25.6,112,0,0,0,1,4,1,2,0
ML-03659,TRD,OHE,4,65.84,57.43,15.2,22,3,1,3,0,3,2,1,0
ML-03660,S&T,Point Machine,3,59.96,54.45,14.6,32,1,0,2,0,2,1,1,0
ML-03661,S&T,Point Machine,3,98.56,21.08,2.8,134,0,0,0,0,6,4,0,0
ML-03662,TRD,OHE,3,76.38,33.42,8.3,58,3,1,3,1,4,0,1,0
ML-03663,ENGINEERING,Point & Crossing,4,66.62,53.33,18.5,73,0,0,0,0,3,3,0,0
ML-03664,TRD,Section Insulator,4,72.85,54.65,13.8,115,3,1,5,1,1,0,1,0
ML-03665,ENGINEERING,Track,4,71.27,47.39,13.8,89,4,2,5,0,3,1,1,0
ML-03666,S&T,Point Machine,3,70.77,37.94,9.6,43,1,0,3,0,7,2,0,0
ML-03667,TRD,Transformer,3,72.8,41.43,6.9,216,1,0,5,0,5,2,1,0
ML-03668,TRD,Section Insulator,1,66.45,36.38,7.6,24,1,1,3,1,2,1,0,0
ML-03669,TRD,OHE,3,56.32,60.67,19.0,100,1,1,5,0,1,1,0,1
ML-03670,ENGINEERING,Track,4,68.84,50.95,12.3,130,2,0,3,0,5,3,1,0
ML-03671,ENGINEERING,Bridge,5,68.26,56.31,13.8,29,3,1,2,1,3,1,3,0
ML-03672,ENGINEERING,Bridge,4,82.1,37.1,8.5,39,3,0,3,0,1,0,0,0
ML-03673,S&T,Point Machine,3,55.77,60.57,27.8,125,3,1,3,0,3,1,1,0
ML-03674,S&T,Signal,3,59.15,51.04,16.1,103,3,1,2,0,3,3,1,0
ML-03675,ENGINEERING,Point & Crossing,3,77.42,32.02,10.3,49,1,0,3,0,2,1,1,1
ML-03676,TRD,OHE,4,61.41,47.39,19.0,94,3,2,3,1,2,1,1,0
ML-03677,ENGINEERING,Track,2,93.81,22.86,11.2,49,2,0,3,0,3,0,1,0
ML-03678,S&T,Point Machine,3,66.03,41.81,15.7,127,0,0,0,0,3,2,0,0
ML-03679,S&T,Signal,4,66.79,64.4,19.3,92,1,1,2,1,5,4,3,1
ML-03680,TRD,OHE,2,98.3,25.28,8.2,96,0,0,0,0,3,1,1,0
ML-03681,TRD,Transformer,5,79.73,57.36,19.0,35,1,0,4,1,4,1,1,0
ML-03682,S&T,Axle Counter,4,52.33,74.03,25.0,119,0,0,0,0,5,4,3,1
ML-03683,TRD,Transformer,4,68.21,63.33,15.1,42,0,0,0,1,5,2,3,0
ML-03684,ENGINEERING,Point & Crossing,4,85.23,42.65,14.8,15,2,0,4,0,2,1,1,0
ML-03685,ENGINEERING,Point & Crossing,3,64.82,55.01,22.4,47,2,0,3,0,4,1,3,0
ML-03686,S&T,Axle Counter,4,79.99,34.86,5.9,86,0,0,0,1,4,3,2,0
ML-03687,S&T,Signal,3,84.65,31.56,6.6,49,1,0,3,0,2,1,1,0
ML-03688,S&T,Axle Counter,4,70.26,52.36,10.5,49,0,0,0,0,0,0,0,0
ML-03689,ENGINEERING,Point & Crossing,3,81.76,40.76,15.7,73,3,1,2,1,2,0,0,0
ML-03690,ENGINEERING,Track,3,74.34,34.01,12.0,80,1,0,3,1,5,2,0,0
ML-03691,S&T,Point Machine,1,57.37,61.66,26.7,37,1,0,3,0,5,3,2,1
ML-03692,ENGINEERING,Point & Crossing,3,81.23,40.62,7.5,73,0,0,0,1,5,2,1,0
ML-03693,S&T,Signal,1,88.86,21.27,14.2,159,2,0,2,0,6,2,1,0
ML-03694,TRD,Transformer,1,98.88,11.03,8.7,87,0,0,0,0,4,1,0,0
ML-03695,TRD,Section Insulator,4,85.26,39.42,9.9,46,1,0,4,0,4,2,2,0
ML-03696,ENGINEERING,Point & Crossing,3,75.92,49.29,20.3,33,1,0,3,1,5,2,2,0
ML-03697,ENGINEERING,Bridge,4,67.83,55.99,17.6,147,1,1,3,1,3,1,1,0
ML-03698,ENGINEERING,Track,2,57.42,50.26,21.2,67,2,1,3,1,2,1,0,0
ML-03699,ENGINEERING,Bridge,1,60.68,50.01,28.1,74,0,0,0,0,4,3,2,0
ML-03700,ENGINEERING,Point & Crossing,1,92.09,13.55,11.0,107,0,0,0,0,1,0,0,0
ML-03701,ENGINEERING,Point & Crossing,4,64.41,48.72,10.7,112,0,0,0,1,4,1,1,1
ML-03702,ENGINEERING,Point & Crossing,3,88.65,29.48,2.8,61,0,0,0,0,1,1,0,0
ML-03703,S&T,Axle Counter,4,66.87,45.15,14.7,66,1,0,1,0,4,2,0,0
ML-03704,ENGINEERING,Track,4,76.97,47.84,12.8,116,3,1,2,1,4,2,2,0
ML-03705,ENGINEERING,Point & Crossing,4,73.85,50.79,7.2,126,3,1,2,0,4,2,2,0
ML-03706,ENGINEERING,Point & Crossing,1,74.84,20.59,8.2,87,0,0,0,0,2,1,0,0
ML-03707,ENGINEERING,Track,4,69.86,47.99,6.5,45,2,1,2,1,2,1,1,0
ML-03708,TRD,Transformer,2,70.23,38.5,16.3,24,2,0,2,0,4,2,2,1
ML-03709,S&T,Signal,4,59.44,47.24,12.3,85,1,0,3,1,3,1,2,1
ML-03710,S&T,Axle Counter,3,75.84,42.89,14.0,24,1,0,3,1,2,2,0,0
ML-03711,ENGINEERING,Track,4,85.57,37.85,11.1,63,2,0,2,0,1,0,0,0
ML-03712,TRD,OHE,2,86.59,19.02,6.4,66,0,0,0,0,0,0,0,0
ML-03713,ENGINEERING,Bridge,5,82.01,40.28,6.5,176,0,0,0,0,3,3,0,0
ML-03714,TRD,OHE,4,76.51,43.33,8.9,24,5,2,3,0,2,1,0,0
ML-03715,TRD,OHE,5,66.33,60.58,13.6,107,2,1,1,0,6,1,3,1
ML-03716,TRD,Transformer,3,82.12,27.32,10.0,35,2,1,3,0,2,0,0,0
ML-03717,S&T,Signal,4,87.01,37.63,8.4,126,1,0,5,0,4,2,2,1
ML-03718,ENGINEERING,Point & Crossing,4,96.06,41.06,8.7,100,2,1,3,0,1,0,0,0
ML-03719,TRD,Transformer,4,88.64,41.12,7.4,56,2,0,5,1,2,1,0,0
ML-03720,TRD,OHE,3,81.91,27.23,8.8,83,1,0,2,1,3,1,2,0
ML-03721,TRD,Transformer,2,83.21,19.77,10.6,26,2,1,3,1,2,1,0,0
ML-03722,ENGINEERING,Bridge,4,72.75,53.02,12.0,107,1,1,1,0,5,3,1,0
ML-03723,TRD,Section Insulator,2,76.7,33.2,12.6,56,1,0,2,1,3,1,0,0
ML-03724,ENGINEERING,Point & Crossing,5,71.12,57.2,8.0,87,2,1,2,1,5,4,0,0
ML-03725,ENGINEERING,Bridge,3,69.16,50.03,17.4,131,0,0,0,1,7,2,3,0
ML-03726,S&T,Point Machine,4,69.47,49.46,15.8,87,1,1,3,0,3,0,1,0
ML-03727,ENGINEERING,Bridge,1,60.07,34.93,12.5,19,3,1,3,0,1,1,0,0
ML-03728,S&T,Point Machine,2,98.28,18.93,4.0,142,1,0,2,0,5,2,0,0
ML-03729,ENGINEERING,Bridge,2,61.18,60.12,15.4,31,1,1,3,1,2,1,0,1
ML-03730,ENGINEERING,Track,2,100.0,12.66,7.4,79,1,0,1,0,3,0,0,0
ML-03731,TRD,Transformer,3,79.82,41.8,14.0,134,0,0,0,0,4,2,1,0
ML-03732,ENGINEERING,Bridge,3,60.8,48.28,15.9,156,1,1,4,1,3,2,1,0
ML-03733,ENGINEERING,Point & Crossing,4,61.97,57.44,19.3,159,0,0,0,0,1,0,0,0
ML-03734,S&T,Axle Counter,4,75.74,44.78,7.1,36,3,0,3,1,4,3,2,0
ML-03735,TRD,Transformer,3,74.41,37.22,13.3,35,2,0,5,1,5,2,2,0
ML-03736,S&T,Point Machine,4,83.29,43.82,6.9,85,1,1,3,0,1,0,1,0
ML-03737,TRD,OHE,4,86.75,33.53,6.4,97,1,0,4,1,4,1,0,0
ML-03738,S&T,Point Machine,3,74.28,46.22,16.0,131,1,0,2,1,3,2,1,0
ML-03739,ENGINEERING,Point & Crossing,5,82.37,48.43,6.6,136,0,0,0,0,4,1,2,1
ML-03740,TRD,Section Insulator,2,86.11,30.08,15.3,29,1,0,2,0,1,0,0,0
ML-03741,TRD,Section Insulator,5,80.36,55.32,11.3,70,0,0,0,0,3,1,2,1
ML-03742,S&T,Point Machine,5,83.08,39.73,6.0,58,1,0,3,0,2,1,1,0
ML-03743,ENGINEERING,Bridge,3,60.62,54.88,18.6,54,2,1,3,1,1,1,0,0
ML-03744,S&T,Axle Counter,3,81.84,31.13,6.9,50,0,0,0,0,3,1,2,0
ML-03745,S&T,Point Machine,3,81.79,31.77,7.6,178,1,0,3,0,3,2,1,0
ML-03746,S&T,Signal,3,58.63,47.73,21.6,94,2,0,3,0,4,1,0,1
ML-03747,S&T,Signal,3,58.76,62.88,21.2,101,1,1,5,1,3,1,2,0
ML-03748,ENGINEERING,Point & Crossing,4,92.79,46.57,9.9,76,0,0,0,1,4,2,1,1
ML-03749,ENGINEERING,Track,5,87.28,36.93,6.2,42,2,0,3,0,5,2,1,0
ML-03750,ENGINEERING,Bridge,2,67.27,35.1,12.7,8,1,0,2,0,4,2,1,0
ML-03751,S&T,Signal,3,61.87,55.08,15.6,72,1,1,3,1,3,2,1,0
ML-03752,ENGINEERING,Bridge,4,74.36,46.97,7.3,87,1,0,4,0,2,1,1,0
ML-03753,TRD,Section Insulator,4,79.03,46.73,7.2,56,1,0,2,0,4,2,1,0
ML-03754,TRD,OHE,3,56.88,62.72,18.5,30,1,1,5,0,5,0,2,1
ML-03755,ENGINEERING,Bridge,4,88.26,41.44,5.2,71,1,1,3,0,3,1,0,0
ML-03756,S&T,Signal,3,77.8,39.13,11.0,65,1,0,3,0,8,3,3,0
ML-03757,S&T,Point Machine,3,69.99,46.68,7.8,58,1,1,2,1,5,2,2,0
ML-03758,TRD,Transformer,4,71.91,49.13,13.7,35,2,2,4,0,1,0,0,0
ML-03759,TRD,Transformer,3,78.18,39.98,13.7,94,2,0,1,0,1,0,1,0
ML-03760,TRD,Section Insulator,1,89.08,29.2,13.6,80,1,0,3,0,3,2,1,0
ML-03761,ENGINEERING,Bridge,3,99.47,17.38,2.2,84,1,0,3,0,5,2,1,1
ML-03762,TRD,Transformer,5,88.59,35.78,3.9,95,0,0,0,1,2,0,2,0
ML-03763,TRD,Section Insulator,2,62.82,50.07,17.7,61,0,0,0,0,1,0,1,0
ML-03764,TRD,Transformer,2,62.32,44.03,21.8,163,3,2,3,0,3,2,1,0
ML-03765,S&T,Signal,1,65.72,34.45,16.2,127,2,0,2,0,1,1,0,0
ML-03766,ENGINEERING,Track,1,76.35,28.1,10.9,28,0,0,0,0,2,1,0,0
ML-03767,ENGINEERING,Point & Crossing,4,47.81,63.61,26.2,54,0,0,0,1,5,0,3,0
ML-03768,ENGINEERING,Bridge,2,69.62,42.93,18.8,116,1,0,3,1,2,0,1,0
ML-03769,S&T,Point Machine,5,58.33,56.09,10.1,45,5,3,2,0,8,5,3,1
ML-03770,S&T,Signal,2,82.83,35.56,12.0,25,0,0,0,0,5,2,1,0
ML-03771,ENGINEERING,Track,4,79.9,35.03,5.7,33,0,0,0,1,2,2,1,0
ML-03772,S&T,Axle Counter,2,76.67,38.5,11.0,57,1,0,3,0,1,0,0,0
ML-03773,ENGINEERING,Track,4,77.43,44.12,14.2,129,0,0,0,0,1,0,0,0
ML-03774,S&T,Point Machine,3,77.96,39.5,11.3,190,0,0,0,0,1,0,0,0
ML-03775,S&T,Signal,5,64.07,57.13,15.9,42,4,1,3,1,6,4,1,0
ML-03776,S&T,Signal,3,69.66,42.64,17.7,108,2,1,4,0,2,0,1,0
ML-03777,TRD,Section Insulator,5,59.78,82.55,22.7,62,0,0,0,0,2,2,0,1
ML-03778,S&T,Axle Counter,4,70.51,53.63,13.6,188,2,0,3,0,4,2,1,0
ML-03779,S&T,Point Machine,4,75.18,47.85,14.2,92,3,0,3,1,5,2,0,0
ML-03780,ENGINEERING,Bridge,1,77.14,38.14,17.0,110,0,0,0,0,1,0,0,0
ML-03781,ENGINEERING,Point & Crossing,4,51.85,77.01,30.0,51,0,0,0,1,2,1,2,1
ML-03782,ENGINEERING,Point & Crossing,2,87.9,26.5,9.4,123,0,0,0,0,2,0,1,1
ML-03783,TRD,OHE,2,85.34,26.09,10.9,54,1,1,3,1,2,1,0,0
ML-03784,ENGINEERING,Track,4,77.09,54.81,13.8,40,0,0,0,0,2,0,1,0
ML-03785,TRD,Section Insulator,4,58.17,65.08,19.3,57,4,2,3,0,2,1,0,0
ML-03786,S&T,Axle Counter,3,70.8,39.57,15.6,96,4,1,2,0,0,0,0,0
ML-03787,ENGINEERING,Point & Crossing,1,94.5,14.52,8.1,104,0,0,0,0,2,2,0,1
ML-03788,S&T,Axle Counter,4,55.26,68.65,18.9,54,1,0,3,1,3,1,1,0
ML-03789,TRD,OHE,4,82.07,43.95,12.1,27,3,0,2,1,5,3,0,0
ML-03790,TRD,Section Insulator,4,73.76,37.97,12.0,26,0,0,0,0,4,2,1,0
ML-03791,ENGINEERING,Point & Crossing,5,72.98,48.75,7.1,62,2,0,4,1,5,1,2,0
ML-03792,TRD,Section Insulator,4,79.01,47.23,10.8,107,2,0,4,1,4,2,3,0
ML-03793,ENGINEERING,Point & Crossing,4,56.01,65.83,19.8,79,3,0,3,1,5,2,4,0
ML-03794,ENGINEERING,Track,4,64.2,52.78,12.3,119,1,0,3,0,2,1,1,1
ML-03795,ENGINEERING,Track,3,60.58,55.06,25.2,42,0,0,0,0,3,1,3,1
ML-03796,S&T,Signal,1,72.27,28.8,19.4,90,0,0,0,0,0,0,0,0
ML-03797,S&T,Axle Counter,5,84.6,47.03,8.0,81,2,2,3,0,1,1,0,0
ML-03798,TRD,OHE,5,92.23,38.35,4.2,86,0,0,0,1,5,2,0,0
ML-03799,ENGINEERING,Bridge,4,65.11,43.35,11.2,37,1,0,2,0,7,1,2,0
ML-03800,S&T,Signal,1,88.94,22.77,7.3,25,4,2,3,0,3,0,0,0
ML-03801,ENGINEERING,Track,3,100.0,17.13,8.1,149,0,0,0,0,6,1,0,1
ML-03802,TRD,Section Insulator,4,84.76,43.77,11.9,56,1,0,3,1,3,0,0,0
ML-03803,ENGINEERING,Point & Crossing,4,72.95,50.05,9.3,41,3,1,2,1,6,3,2,0
ML-03804,TRD,Section Insulator,3,99.27,23.43,7.0,36,0,0,0,0,5,3,1,0
ML-03805,ENGINEERING,Bridge,3,55.36,66.55,21.4,153,1,1,3,0,6,3,2,1
ML-03806,S&T,Signal,2,86.75,31.95,7.1,75,0,0,0,1,3,1,0,0
ML-03807,ENGINEERING,Point & Crossing,3,80.47,39.91,8.1,80,2,1,3,1,3,2,0,0
ML-03808,TRD,OHE,2,81.93,28.5,9.5,87,2,1,2,1,3,0,1,1
ML-03809,ENGINEERING,Track,2,83.65,26.82,8.1,34,0,0,0,0,0,0,0,0
ML-03810,TRD,OHE,3,76.93,42.28,11.9,56,2,1,3,1,2,1,0,0
ML-03811,ENGINEERING,Point & Crossing,1,67.72,38.0,15.1,87,0,0,0,0,2,0,1,0
ML-03812,ENGINEERING,Point & Crossing,4,65.77,47.79,9.5,48,0,0,0,0,1,1,1,0
ML-03813,TRD,OHE,3,82.4,24.82,5.0,40,1,0,3,0,5,0,2,0
ML-03814,S&T,Point Machine,4,70.96,46.36,7.6,47,1,0,2,0,2,2,0,0
ML-03815,TRD,OHE,4,63.87,60.55,17.8,101,1,1,3,1,3,3,0,0
ML-03816,S&T,Point Machine,3,55.25,58.12,13.8,47,2,0,3,0,0,0,0,0
ML-03817,ENGINEERING,Bridge,5,84.09,41.25,11.7,90,3,0,2,0,2,0,1,1
ML-03818,S&T,Signal,5,63.66,58.34,20.0,175,1,1,3,0,3,2,0,0
ML-03819,ENGINEERING,Point & Crossing,4,73.97,40.97,10.2,49,2,1,3,0,2,1,1,0
ML-03820,ENGINEERING,Track,1,73.83,38.05,15.6,91,2,0,1,0,2,1,1,0
ML-03821,ENGINEERING,Track,2,74.19,52.01,21.0,29,0,0,0,0,4,3,1,1
ML-03822,ENGINEERING,Bridge,1,80.47,17.06,8.6,117,1,0,2,0,3,1,1,0
ML-03823,S&T,Point Machine,5,79.81,47.24,8.6,145,2,1,3,0,4,3,2,0
ML-03824,ENGINEERING,Track,3,67.94,39.52,10.5,18,2,1,3,0,7,1,3,0
ML-03825,ENGINEERING,Bridge,4,68.58,63.08,15.1,80,1,0,4,0,2,0,2,1
ML-03826,ENGINEERING,Track,5,74.29,54.08,6.4,106,2,1,3,0,2,2,0,0
ML-03827,ENGINEERING,Bridge,3,91.02,29.73,13.0,253,1,0,3,0,5,1,0,0
ML-03828,ENGINEERING,Bridge,5,81.54,52.04,15.3,90,1,0,1,0,5,3,3,1
ML-03829,TRD,OHE,2,67.39,51.74,28.7,98,2,0,3,0,4,1,1,1
ML-03830,TRD,Section Insulator,1,67.29,41.08,21.9,182,0,0,0,1,3,2,0,1
ML-03831,ENGINEERING,Point & Crossing,3,89.6,23.92,5.6,170,0,0,0,1,2,0,0,0
ML-03832,S&T,Signal,5,85.46,55.48,8.6,109,1,0,3,0,4,1,1,0
ML-03833,S&T,Point Machine,4,79.57,45.31,10.8,83,0,0,0,1,5,2,0,0
ML-03834,S&T,Axle Counter,4,73.18,51.27,9.9,68,0,0,0,0,2,2,0,1
ML-03835,TRD,Section Insulator,4,80.14,41.19,10.1,91,1,0,3,1,2,1,1,1
ML-03836,TRD,OHE,2,79.24,32.49,18.1,54,2,0,3,0,5,3,4,0
ML-03837,ENGINEERING,Point & Crossing,3,82.69,26.28,8.7,91,2,0,4,1,3,2,1,1
ML-03838,ENGINEERING,Bridge,1,74.87,26.46,9.3,82,0,0,0,0,5,1,1,0
ML-03839,TRD,OHE,5,84.1,48.34,5.2,61,2,0,3,1,2,1,0,1
ML-03840,S&T,Point Machine,4,57.73,56.63,18.4,118,1,0,1,0,5,4,2,1
ML-03841,S&T,Axle Counter,2,85.87,23.01,11.2,64,1,0,3,0,2,1,0,0
ML-03842,TRD,Section Insulator,1,83.51,20.24,12.4,121,0,0,0,0,2,0,0,1
ML-03843,S&T,Axle Counter,5,78.54,41.31,3.2,136,2,0,1,0,1,0,1,0
ML-03844,ENGINEERING,Point & Crossing,2,67.52,27.41,8.4,34,1,1,5,0,5,2,0,0
ML-03845,TRD,OHE,3,91.11,42.03,11.4,110,1,1,2,0,2,1,1,0
ML-03846,S&T,Axle Counter,4,76.98,46.14,13.9,83,2,1,3,1,5,0,3,0
ML-03847,S&T,Point Machine,3,52.86,65.2,30.0,43,1,0,2,1,1,1,0,0
ML-03848,ENGINEERING,Track,3,75.7,32.53,11.4,147,1,1,2,0,5,2,0,0
ML-03849,TRD,Transformer,5,78.03,48.06,8.9,45,0,0,0,1,3,1,0,0
ML-03850,S&T,Signal,3,100.0,11.75,5.7,94,0,0,0,0,4,0,0,1
ML-03851,TRD,Section Insulator,3,68.94,38.05,7.0,98,4,2,2,0,3,0,2,0
ML-03852,S&T,Axle Counter,2,79.67,32.55,7.8,55,0,0,0,0,4,1,1,0
ML-03853,TRD,Section Insulator,2,78.08,32.59,15.4,14,0,0,0,0,4,1,0,0
ML-03854,ENGINEERING,Point & Crossing,2,71.8,45.6,19.5,152,2,0,2,0,1,0,0,0
ML-03855,TRD,Transformer,3,55.86,50.69,13.1,104,3,1,3,0,5,3,1,0
ML-03856,ENGINEERING,Track,5,36.67,87.57,29.4,9,2,1,1,1,3,2,1,0
ML-03857,ENGINEERING,Point & Crossing,3,72.04,45.74,12.8,111,3,1,1,1,6,4,1,0
ML-03858,S&T,Signal,3,79.02,30.97,7.4,62,1,0,2,1,2,1,0,0
ML-03859,TRD,OHE,3,87.22,33.49,7.1,133,1,0,3,1,1,0,0,0
ML-03860,ENGINEERING,Track,5,52.65,70.16,20.0,128,2,2,2,0,2,0,1,0
ML-03861,S&T,Signal,3,76.15,40.72,7.6,26,0,0,0,1,3,1,0,1
ML-03862,ENGINEERING,Point & Crossing,2,75.77,36.92,10.6,73,0,0,0,0,4,2,1,1
ML-03863,S&T,Point Machine,2,80.78,29.91,16.9,82,1,0,4,0,2,0,0,0
ML-03864,S&T,Point Machine,2,91.62,24.85,12.0,109,0,0,0,0,2,0,0,0
ML-03865,TRD,Section Insulator,4,85.58,39.79,3.1,77,0,0,0,1,1,0,0,0
ML-03866,ENGINEERING,Track,4,70.8,54.58,15.2,66,0,0,0,0,5,1,2,0
ML-03867,S&T,Point Machine,2,74.64,38.65,15.6,127,0,0,0,1,2,1,1,0
ML-03868,TRD,OHE,2,63.92,47.32,13.4,94,1,0,3,1,5,1,3,0
ML-03869,TRD,Section Insulator,1,65.86,37.03,19.2,78,1,0,3,1,5,4,1,1
ML-03870,TRD,OHE,1,69.2,42.16,22.7,44,1,0,1,0,2,0,0,1
ML-03871,TRD,Transformer,5,64.63,66.56,19.4,103,1,0,5,1,2,2,2,0
ML-03872,ENGINEERING,Point & Crossing,4,52.26,58.97,17.2,134,0,0,0,1,3,1,2,0
ML-03873,TRD,Transformer,5,68.69,61.59,16.8,87,3,1,3,1,3,2,0,1
ML-03874,ENGINEERING,Track,3,85.5,28.21,5.0,74,1,0,2,1,3,1,0,0
ML-03875,S&T,Axle Counter,3,85.37,35.53,5.6,64,0,0,0,0,3,1,1,1
ML-03876,TRD,OHE,5,83.06,46.02,6.6,354,1,0,3,1,2,0,0,0
ML-03877,ENGINEERING,Bridge,2,73.47,34.7,9.6,69,1,1,3,0,4,2,2,0
ML-03878,ENGINEERING,Track,2,84.16,31.21,7.3,198,0,0,0,1,2,0,1,0
ML-03879,ENGINEERING,Track,3,64.83,52.1,12.4,78,3,2,3,0,4,1,1,0
ML-03880,S&T,Axle Counter,3,82.76,37.24,5.0,85,4,1,3,1,2,0,0,0
ML-03881,S&T,Point Machine,4,90.1,36.09,10.1,80,0,0,0,0,3,1,1,0
ML-03882,ENGINEERING,Point & Crossing,4,83.24,45.67,13.0,159,0,0,0,0,2,1,1,1
ML-03883,S&T,Signal,2,87.27,22.23,6.6,41,0,0,0,0,3,0,1,0
ML-03884,S&T,Signal,1,92.05,9.0,5.4,139,1,0,3,0,1,1,0,0
ML-03885,S&T,Axle Counter,4,74.13,57.32,12.8,105,2,0,2,1,3,0,1,1
ML-03886,ENGINEERING,Track,2,80.32,31.05,6.5,44,2,0,3,0,1,1,0,0
ML-03887,ENGINEERING,Track,4,83.02,27.3,6.2,80,0,0,0,0,1,1,1,0
ML-03888,S&T,Axle Counter,1,78.53,32.49,11.0,23,2,0,3,1,2,1,0,0
ML-03889,TRD,Section Insulator,4,89.79,41.61,8.1,101,1,0,3,0,4,2,0,0
ML-03890,ENGINEERING,Bridge,4,65.09,46.66,6.8,73,1,0,2,0,3,2,1,1
ML-03891,ENGINEERING,Point & Crossing,3,80.76,47.98,5.6,48,2,2,3,1,5,5,1,0
ML-03892,S&T,Signal,3,67.69,42.99,13.0,82,0,0,0,1,1,1,0,1
ML-03893,TRD,OHE,4,84.73,34.48,5.0,61,2,1,1,0,5,2,0,0
ML-03894,TRD,Transformer,2,56.05,65.46,28.2,72,1,1,2,0,0,0,0,0
ML-03895,ENGINEERING,Point & Crossing,3,67.51,44.27,12.2,153,2,1,3,1,6,1,2,1
ML-03896,ENGINEERING,Point & Crossing,5,82.74,44.75,10.8,115,1,1,3,1,3,0,1,1
ML-03897,ENGINEERING,Bridge,3,78.81,36.4,16.9,123,2,1,4,0,1,0,0,0
ML-03898,TRD,OHE,2,78.77,28.19,12.7,45,1,0,3,1,2,0,0,0
ML-03899,S&T,Signal,1,81.22,28.28,13.9,45,0,0,0,0,0,0,0,0
ML-03900,TRD,Transformer,1,84.03,26.38,10.2,134,1,0,2,1,3,2,0,0
ML-03901,S&T,Point Machine,4,73.95,39.57,10.3,96,0,0,0,0,2,1,0,0
ML-03902,ENGINEERING,Point & Crossing,3,84.91,32.32,5.2,53,2,1,2,1,4,0,2,1
ML-03903,TRD,Transformer,2,100.0,18.39,2.7,54,0,0,0,0,2,1,1,0
ML-03904,TRD,OHE,1,96.15,12.28,6.7,63,0,0,0,1,0,0,0,0
ML-03905,TRD,OHE,4,90.77,31.02,4.7,32,1,0,2,1,2,0,0,0
ML-03906,TRD,Section Insulator,1,63.71,37.83,19.3,185,0,0,0,1,2,2,0,0
ML-03907,TRD,Section Insulator,3,70.92,52.87,16.6,26,2,1,4,1,4,2,1,0
ML-03908,ENGINEERING,Point & Crossing,2,69.78,39.83,17.6,44,1,0,3,0,5,4,0,0
ML-03909,ENGINEERING,Point & Crossing,4,88.97,32.5,5.8,41,0,0,0,0,2,1,1,0
ML-03910,TRD,OHE,1,69.22,40.88,15.2,151,1,0,3,1,3,3,0,0
ML-03911,ENGINEERING,Point & Crossing,1,88.47,16.99,14.5,77,0,0,0,0,3,0,0,0
ML-03912,ENGINEERING,Track,4,78.14,50.47,15.2,71,0,0,0,1,0,0,0,1
ML-03913,TRD,OHE,4,80.49,36.36,9.6,131,0,0,0,0,3,1,2,0
ML-03914,S&T,Axle Counter,4,72.51,52.97,16.4,83,4,0,3,1,5,3,1,1
ML-03915,TRD,Section Insulator,2,57.16,44.39,15.5,35,8,5,3,1,2,1,1,0
ML-03916,S&T,Point Machine,4,80.33,48.68,5.4,107,1,0,1,1,3,2,2,0
ML-03917,ENGINEERING,Point & Crossing,3,57.34,52.72,11.7,103,0,0,0,0,1,0,0,0
ML-03918,TRD,Section Insulator,1,63.64,48.9,17.3,11,0,0,0,0,4,2,3,0
ML-03919,ENGINEERING,Bridge,2,73.55,34.7,12.4,57,0,0,0,0,6,3,2,0
ML-03920,ENGINEERING,Point & Crossing,3,83.92,27.89,9.4,137,2,1,1,0,4,1,1,0
ML-03921,ENGINEERING,Point & Crossing,4,51.06,72.3,16.5,102,2,2,3,0,3,1,2,0
ML-03922,ENGINEERING,Bridge,5,64.78,60.08,13.5,73,0,0,0,1,0,0,0,0
ML-03923,ENGINEERING,Bridge,4,70.74,59.04,14.8,40,3,1,2,1,2,0,0,1
ML-03924,TRD,Transformer,3,74.92,48.12,13.2,229,0,0,0,0,5,2,2,0
ML-03925,S&T,Signal,5,65.33,56.65,11.3,115,4,2,2,0,3,1,1,1
ML-03926,TRD,Transformer,3,100.0,22.1,7.0,227,1,0,3,1,2,1,0,0
ML-03927,ENGINEERING,Track,3,81.54,30.1,9.0,64,0,0,0,0,6,2,1,0
ML-03928,TRD,Transformer,2,82.42,30.18,12.5,108,0,0,0,0,2,0,0,0
ML-03929,ENGINEERING,Track,3,80.02,42.86,8.1,32,3,1,2,0,1,0,1,1
ML-03930,TRD,Section Insulator,1,94.37,8.4,3.4,14,0,0,0,0,3,3,0,0
ML-03931,ENGINEERING,Track,1,74.36,33.3,16.4,20,0,0,0,0,1,1,0,1
ML-03932,ENGINEERING,Bridge,2,100.0,10.33,6.9,53,1,1,4,0,1,0,0,1
ML-03933,S&T,Point Machine,1,93.27,6.66,2.9,129,1,1,1,1,4,1,0,0
ML-03934,S&T,Axle Counter,3,78.73,40.2,6.1,147,0,0,0,1,1,0,0,1
ML-03935,ENGINEERING,Point & Crossing,1,84.99,25.44,10.5,82,1,0,3,0,1,0,1,0
ML-03936,ENGINEERING,Point & Crossing,1,78.8,36.17,15.1,136,1,0,3,1,4,2,2,0
ML-03937,TRD,Transformer,1,85.25,23.61,6.6,120,0,0,0,0,3,2,1,0
ML-03938,ENGINEERING,Track,3,76.22,37.17,8.7,39,1,0,3,1,1,1,0,0
ML-03939,S&T,Axle Counter,3,62.03,44.36,13.8,48,3,1,3,0,0,0,0,0
ML-03940,ENGINEERING,Point & Crossing,1,94.92,22.08,11.7,109,0,0,0,0,4,1,0,0
ML-03941,TRD,OHE,4,72.86,43.25,12.6,66,0,0,0,1,4,2,0,0
ML-03942,S&T,Signal,3,71.51,47.36,9.4,214,0,0,0,1,3,0,0,0
ML-03943,TRD,Transformer,5,74.27,57.85,11.0,132,2,0,3,0,3,2,1,0
ML-03944,S&T,Axle Counter,2,67.09,37.82,15.2,89,1,0,5,0,0,0,0,0
ML-03945,TRD,Section Insulator,4,82.72,49.08,12.1,96,3,0,4,1,5,2,0,0
ML-03946,ENGINEERING,Bridge,3,84.91,27.62,7.0,158,0,0,0,0,1,0,0,0
ML-03947,ENGINEERING,Point & Crossing,3,68.74,41.37,4.8,166,1,1,4,1,1,1,1,0
ML-03948,S&T,Signal,3,62.82,49.27,13.4,32,0,0,0,1,2,0,0,0
ML-03949,TRD,Section Insulator,3,80.06,32.23,4.1,117,0,0,0,0,7,0,2,0
ML-03950,S&T,Axle Counter,3,87.52,31.95,6.5,70,1,1,3,0,4,3,1,0
ML-03951,S&T,Axle Counter,1,74.48,36.49,11.1,64,0,0,0,0,1,0,1,0
ML-03952,ENGINEERING,Bridge,5,74.25,45.39,14.6,34,1,1,4,1,4,2,1,1
ML-03953,TRD,Transformer,3,71.75,56.23,21.1,89,0,0,0,0,5,3,2,0
ML-03954,S&T,Axle Counter,3,77.29,30.43,10.1,60,1,0,3,0,4,1,0,0
ML-03955,TRD,Transformer,3,78.05,44.38,17.6,79,1,1,3,1,3,0,0,0
ML-03956,TRD,Transformer,3,58.52,54.21,15.0,193,4,1,3,1,3,2,0,0
ML-03957,ENGINEERING,Bridge,4,71.78,42.66,12.5,87,1,0,3,0,7,1,2,0
ML-03958,TRD,OHE,5,75.64,52.68,13.6,75,1,0,2,1,3,3,0,0
ML-03959,TRD,Section Insulator,1,84.11,36.12,15.4,62,0,0,0,1,1,0,0,0
ML-03960,TRD,OHE,3,65.29,47.25,14.6,111,2,1,4,1,2,2,1,1
ML-03961,S&T,Axle Counter,4,78.54,45.45,7.1,55,3,3,2,0,4,3,1,0
ML-03962,ENGINEERING,Bridge,2,84.37,22.26,4.8,54,0,0,0,0,3,1,0,0
ML-03963,TRD,Section Insulator,2,70.94,35.38,11.9,17,0,0,0,0,3,2,0,1
ML-03964,ENGINEERING,Track,4,69.42,52.8,9.5,25,2,1,3,0,2,1,1,0
ML-03965,ENGINEERING,Point & Crossing,5,62.46,65.07,19.5,166,1,1,3,1,5,4,1,0
ML-03966,S&T,Axle Counter,5,79.99,34.88,6.7,73,3,2,2,0,1,1,0,0
ML-03967,TRD,OHE,3,84.21,45.07,18.9,37,2,0,3,0,3,2,1,0
ML-03968,ENGINEERING,Track,3,85.79,33.26,8.0,18,1,1,4,1,2,1,0,0
ML-03969,S&T,Signal,4,46.63,68.4,21.1,74,0,0,0,1,3,1,3,1
ML-03970,TRD,OHE,4,86.22,41.52,8.0,90,3,1,3,1,4,2,1,0
ML-03971,ENGINEERING,Bridge,4,59.29,60.44,20.7,118,2,1,2,0,3,2,1,0
ML-03972,S&T,Point Machine,3,71.02,44.15,14.1,38,2,1,3,0,0,0,0,0
ML-03973,TRD,Transformer,4,96.8,29.75,4.7,163,0,0,0,1,1,0,0,0
ML-03974,TRD,OHE,3,65.58,39.88,15.6,137,2,0,3,0,2,1,1,0
ML-03975,ENGINEERING,Point & Crossing,4,67.85,60.14,18.2,75,0,0,0,1,4,4,2,1
ML-03976,ENGINEERING,Track,3,78.86,40.9,8.7,179,1,0,3,1,2,2,1,0
ML-03977,TRD,Section Insulator,4,72.48,45.86,8.4,31,2,0,3,1,5,1,1,1
ML-03978,S&T,Point Machine,3,80.82,40.34,9.7,38,1,0,3,0,1,1,0,1
ML-03979,ENGINEERING,Bridge,3,84.24,20.12,2.6,174,0,0,0,1,4,2,1,0
ML-03980,ENGINEERING,Bridge,2,97.92,10.43,5.5,104,0,0,0,0,1,0,0,0
ML-03981,ENGINEERING,Track,5,62.58,60.64,9.3,77,1,1,3,1,6,2,1,0
ML-03982,ENGINEERING,Track,4,75.63,47.81,9.0,320,3,0,5,1,8,6,3,0
ML-03983,TRD,Section Insulator,4,74.83,47.79,9.0,119,2,0,3,1,3,3,1,0
ML-03984,TRD,Transformer,1,86.77,17.37,6.2,152,0,0,0,0,4,1,1,0
ML-03985,S&T,Signal,4,59.47,62.79,17.3,57,2,0,3,0,3,2,2,0
ML-03986,S&T,Signal,2,100.0,21.58,10.2,88,0,0,0,1,3,0,2,0
ML-03987,S&T,Axle Counter,3,82.11,37.0,13.4,23,1,0,3,1,2,0,0,0
ML-03988,S&T,Axle Counter,5,79.19,41.47,6.5,24,3,1,3,0,0,0,0,1
ML-03989,S&T,Point Machine,4,95.3,28.43,7.2,50,0,0,0,0,3,0,1,0
ML-03990,ENGINEERING,Point & Crossing,1,68.61,34.58,18.8,37,1,0,3,0,2,1,0,0
ML-03991,ENGINEERING,Point & Crossing,2,84.87,27.54,8.4,57,2,1,3,1,2,0,0,1
ML-03992,ENGINEERING,Track,2,89.62,24.17,3.8,159,0,0,0,1,4,3,1,0
ML-03993,TRD,Transformer,4,37.32,67.97,17.7,207,4,1,3,0,3,1,0,1
ML-03994,TRD,Section Insulator,2,85.64,24.14,7.6,36,0,0,0,0,6,3,2,0
ML-03995,S&T,Signal,2,69.36,38.84,12.4,66,1,0,3,1,2,1,1,0
ML-03996,TRD,Section Insulator,3,84.97,31.24,4.4,85,2,0,3,0,6,5,1,0
ML-03997,TRD,OHE,4,79.95,40.45,14.1,226,0,0,0,1,4,2,2,0
ML-03998,ENGINEERING,Track,3,62.9,49.7,14.9,83,1,0,3,0,0,0,0,0
ML-03999,ENGINEERING,Track,5,90.2,54.55,9.7,43,1,1,3,0,3,2,2,0
ML-04000,TRD,Section Insulator,5,85.85,41.83,5.7,44,2,0,2,0,3,2,1,0
ML-04001,TRD,Transformer,4,69.42,39.2,5.4,110,4,2,3,1,3,2,0,0
ML-04002,S&T,Axle Counter,3,73.34,53.31,19.7,64,0,0,0,1,1,1,1,0
ML-04003,TRD,OHE,3,77.51,35.25,8.3,54,2,2,1,1,4,1,0,0
ML-04004,S&T,Axle Counter,4,63.54,64.21,19.2,246,1,1,3,0,2,0,2,0
ML-04005,ENGINEERING,Bridge,3,66.56,41.15,8.5,59,2,0,5,0,0,0,0,1
ML-04006,S&T,Axle Counter,5,49.0,81.88,25.4,247,1,1,3,0,3,2,2,0
ML-04007,TRD,Section Insulator,5,68.12,50.91,10.9,53,1,0,1,0,2,1,1,0
ML-04008,ENGINEERING,Point & Crossing,4,71.58,68.53,22.3,101,2,0,3,1,5,1,2,0
ML-04009,S&T,Point Machine,3,91.46,19.25,3.3,29,0,0,0,0,4,1,2,0
ML-04010,ENGINEERING,Track,5,87.19,50.19,13.8,104,2,1,1,0,4,0,2,0
ML-04011,TRD,OHE,2,71.99,32.98,6.1,34,2,1,4,1,1,1,0,0
ML-04012,S&T,Axle Counter,1,70.52,41.4,16.8,91,3,1,3,0,3,2,0,0
ML-04013,S&T,Axle Counter,5,73.76,49.03,5.7,42,5,2,3,1,3,3,1,0
ML-04014,ENGINEERING,Track,1,74.71,32.96,11.7,194,0,0,0,0,3,1,0,0
ML-04015,S&T,Axle Counter,1,62.31,50.89,21.7,122,1,1,3,0,3,1,1,0
ML-04016,TRD,Section Insulator,3,69.2,49.6,12.3,101,3,0,2,1,1,1,1,0
ML-04017,ENGINEERING,Track,1,73.91,27.83,10.9,103,0,0,0,0,3,1,1,0
ML-04018,TRD,Section Insulator,3,70.71,44.59,13.7,91,0,0,0,0,4,4,2,1
ML-04019,TRD,Section Insulator,4,71.77,48.66,15.8,30,1,0,3,0,3,2,2,0
ML-04020,TRD,OHE,3,70.21,49.16,17.0,91,1,0,3,1,4,1,3,0
ML-04021,ENGINEERING,Track,5,66.12,59.01,12.5,41,2,2,4,0,1,1,0,0
ML-04022,S&T,Axle Counter,4,91.06,35.53,7.2,89,3,1,5,1,3,2,1,0
ML-04023,S&T,Signal,3,69.86,40.61,11.3,128,0,0,0,0,1,0,0,1
ML-04024,TRD,OHE,2,81.05,37.08,12.6,23,0,0,0,0,2,0,0,0
ML-04025,S&T,Signal,2,93.83,23.21,11.3,83,1,0,3,0,2,0,1,1
ML-04026,TRD,Section Insulator,5,91.52,41.6,10.3,60,0,0,0,1,2,2,0,1
ML-04027,ENGINEERING,Bridge,4,100.0,33.79,8.1,143,1,1,3,1,5,2,0,0
ML-04028,S&T,Point Machine,3,89.94,31.03,8.6,124,1,1,3,1,4,1,0,0
ML-04029,ENGINEERING,Point & Crossing,3,78.96,29.73,6.7,42,1,1,3,0,3,1,1,0
ML-04030,S&T,Signal,3,81.13,33.7,7.0,135,2,1,3,1,5,2,1,0
ML-04031,ENGINEERING,Bridge,3,92.15,25.46,9.9,74,1,0,2,0,5,1,2,0
ML-04032,ENGINEERING,Bridge,1,62.33,44.94,17.6,81,0,0,0,1,2,2,0,0
ML-04033,S&T,Signal,4,68.21,56.94,18.7,25,0,0,0,0,4,1,1,0
ML-04034,ENGINEERING,Track,4,78.48,47.23,11.5,168,0,0,0,1,1,0,0,0
ML-04035,TRD,Transformer,3,88.1,37.97,6.2,103,0,0,0,1,4,3,3,1
ML-04036,S&T,Signal,3,73.12,36.48,4.5,45,1,0,3,0,1,0,1,0
ML-04037,ENGINEERING,Track,4,92.78,33.69,3.7,112,0,0,0,0,3,3,1,0
ML-04038,S&T,Signal,2,72.59,36.34,14.9,125,0,0,0,0,5,3,0,0
ML-04039,TRD,OHE,3,57.62,55.64,16.5,123,1,0,2,0,2,2,1,0
ML-04040,S&T,Signal,4,92.22,33.92,6.3,119,1,0,3,0,3,1,0,0
ML-04041,ENGINEERING,Track,3,90.62,26.92,13.9,95,3,1,3,0,0,0,0,0
ML-04042,ENGINEERING,Track,3,95.95,21.28,4.1,88,1,0,3,1,5,1,0,0
ML-04043,ENGINEERING,Bridge,4,79.75,41.88,7.2,118,2,1,3,1,4,0,3,0
ML-04044,ENGINEERING,Track,5,50.39,82.38,30.0,57,1,0,2,1,6,5,3,0
ML-04045,TRD,Section Insulator,3,62.29,49.7,16.3,82,2,0,2,1,3,2,1,0
ML-04046,ENGINEERING,Bridge,2,76.2,40.86,22.8,141,0,0,0,0,3,0,2,1
ML-04047,TRD,Section Insulator,1,74.71,28.34,15.5,165,0,0,0,0,1,0,1,0
ML-04048,ENGINEERING,Bridge,3,71.7,41.1,10.9,98,3,0,3,0,3,0,3,0
ML-04049,S&T,Point Machine,1,96.34,14.01,3.7,66,1,0,3,0,4,2,1,0
ML-04050,S&T,Signal,1,51.86,51.64,25.9,30,0,0,0,0,3,3,2,0
ML-04051,S&T,Signal,3,99.38,24.4,16.3,164,3,0,4,0,2,0,0,0
ML-04052,ENGINEERING,Bridge,3,65.44,53.4,13.9,115,0,0,0,0,4,1,2,0
ML-04053,TRD,OHE,5,72.2,61.85,14.0,224,3,1,3,1,1,1,1,0
ML-04054,S&T,Signal,4,94.48,35.71,5.3,95,0,0,0,1,4,1,1,0
ML-04055,ENGINEERING,Track,3,69.21,55.89,19.9,85,2,1,3,1,4,3,1,1
ML-04056,ENGINEERING,Track,4,56.57,68.12,14.6,112,2,1,3,1,7,5,3,0
ML-04057,S&T,Point Machine,4,86.47,39.89,5.2,72,2,1,5,1,5,3,4,0
ML-04058,ENGINEERING,Point & Crossing,4,76.67,47.51,17.2,91,0,0,0,0,3,3,0,0
ML-04059,TRD,Section Insulator,2,90.23,10.48,6.8,94,0,0,0,0,1,1,0,0
ML-04060,ENGINEERING,Point & Crossing,2,59.84,58.65,26.6,103,2,0,3,1,3,2,0,0
ML-04061,TRD,OHE,5,83.12,51.58,6.8,77,2,0,3,0,2,1,1,0
ML-04062,ENGINEERING,Point & Crossing,3,78.92,31.19,11.4,153,2,0,3,0,1,0,1,1
ML-04063,S&T,Point Machine,1,71.68,24.83,11.5,96,2,0,5,1,3,1,0,0
ML-04064,ENGINEERING,Point & Crossing,4,82.91,40.78,4.3,63,1,0,4,0,2,2,0,0
ML-04065,ENGINEERING,Point & Crossing,3,88.55,32.86,4.9,100,0,0,0,0,1,1,0,0
ML-04066,TRD,OHE,3,97.32,20.26,7.1,72,2,0,3,0,1,1,0,0
ML-04067,ENGINEERING,Track,4,93.76,32.15,6.7,101,1,0,3,1,4,1,0,0
ML-04068,TRD,OHE,3,72.71,31.37,11.1,194,3,1,3,0,2,1,0,0
ML-04069,TRD,OHE,3,54.98,54.85,20.5,56,2,1,3,1,4,1,3,1
ML-04070,ENGINEERING,Bridge,3,75.57,56.64,20.4,54,1,0,4,0,4,3,1,0
ML-04071,TRD,Section Insulator,2,84.36,30.8,8.5,73,1,0,3,0,2,1,1,0
ML-04072,TRD,Transformer,1,92.07,5.11,8.1,28,1,1,3,0,2,2,0,0
ML-04073,S&T,Point Machine,3,100.0,16.21,4.9,117,0,0,0,0,4,0,2,0
ML-04074,S&T,Signal,3,82.51,32.79,7.0,62,0,0,0,0,5,1,3,0
ML-04075,ENGINEERING,Bridge,5,83.85,46.55,4.6,136,2,0,2,1,3,2,2,1
ML-04076,S&T,Point Machine,3,80.26,40.05,5.2,120,0,0,0,0,3,2,1,1
ML-04077,S&T,Point Machine,3,77.28,28.35,10.1,125,1,1,3,0,5,0,1,1
ML-04078,ENGINEERING,Bridge,4,82.42,37.77,6.7,43,1,1,3,0,3,1,1,1
ML-04079,S&T,Point Machine,2,56.24,44.98,13.8,21,1,0,3,0,3,2,1,0
ML-04080,TRD,Section Insulator,3,82.32,37.98,14.0,159,2,0,3,0,1,0,0,1
ML-04081,ENGINEERING,Bridge,2,86.47,28.58,12.6,61,3,0,3,0,3,2,0,0
ML-04082,ENGINEERING,Bridge,4,74.81,52.34,11.8,180,1,1,1,0,3,1,1,1
ML-04083,S&T,Axle Counter,4,53.22,62.15,21.3,21,4,1,3,0,2,1,0,0
ML-04084,ENGINEERING,Point & Crossing,1,70.13,33.99,17.9,174,2,0,3,0,4,1,1,0
ML-04085,ENGINEERING,Bridge,1,96.57,14.09,4.3,126,1,0,3,0,1,0,0,0
ML-04086,ENGINEERING,Point & Crossing,2,69.22,32.4,8.2,26,0,0,0,0,3,1,0,0
ML-04087,TRD,Section Insulator,4,70.69,47.89,7.7,207,0,0,0,1,5,3,1,0
ML-04088,S&T,Signal,2,50.55,55.76,19.2,48,3,0,2,1,2,1,1,0
ML-04089,ENGINEERING,Point & Crossing,4,80.39,54.65,14.2,89,0,0,0,1,3,1,0,0
ML-04090,TRD,OHE,3,98.97,21.04,11.5,158,3,0,3,1,2,0,0,0
ML-04091,TRD,OHE,5,73.71,55.5,8.9,223,1,0,3,1,0,0,0,0
ML-04092,ENGINEERING,Track,3,68.37,47.88,17.6,109,1,1,3,1,4,2,1,0
ML-04093,TRD,OHE,4,74.74,38.5,9.8,40,2,1,3,0,2,1,0,0
ML-04094,ENGINEERING,Track,4,66.95,50.46,14.3,52,0,0,0,0,7,4,2,0
ML-04095,TRD,OHE,3,70.29,50.77,19.7,91,0,0,0,0,3,1,1,0
ML-04096,ENGINEERING,Bridge,3,89.75,30.62,9.0,57,0,0,0,0,4,2,1,0
ML-04097,S&T,Point Machine,1,79.22,23.96,10.9,67,0,0,0,0,2,0,1,1
ML-04098,S&T,Signal,4,84.88,37.46,8.7,79,1,0,3,0,3,0,1,1
ML-04099,TRD,Section Insulator,4,75.79,43.26,5.0,14,1,1,3,0,7,4,2,0
ML-04100,ENGINEERING,Bridge,4,72.47,46.09,11.1,64,2,0,2,1,3,1,0,1
ML-04101,S&T,Point Machine,2,91.6,10.02,5.0,167,1,0,2,0,1,0,0,0
ML-04102,ENGINEERING,Point & Crossing,3,73.43,38.71,11.0,261,1,0,3,1,2,0,0,0
ML-04103,ENGINEERING,Bridge,4,76.87,39.67,8.8,45,1,0,3,1,3,0,0,0
ML-04104,ENGINEERING,Track,4,76.52,44.1,14.6,29,1,0,3,1,4,1,0,0
ML-04105,TRD,OHE,4,50.79,72.4,23.1,152,0,0,0,1,4,2,0,0
ML-04106,ENGINEERING,Track,3,82.06,43.22,4.2,215,1,0,1,0,3,0,1,0
ML-04107,ENGINEERING,Point & Crossing,2,68.81,33.92,14.3,69,2,0,3,1,5,1,1,1
ML-04108,S&T,Signal,4,87.89,36.99,5.2,173,5,1,3,0,1,0,0,1
ML-04109,S&T,Signal,1,80.01,29.23,9.1,77,1,1,2,0,5,0,1,0
ML-04110,ENGINEERING,Track,4,77.51,57.32,22.6,122,2,0,3,1,5,4,1,0
ML-04111,S&T,Signal,3,61.04,46.81,10.9,66,1,1,3,0,2,0,0,1
ML-04112,ENGINEERING,Point & Crossing,3,65.53,53.73,13.6,98,1,1,3,1,3,3,1,0
ML-04113,ENGINEERING,Track,5,76.21,50.91,8.7,150,2,1,4,1,5,3,4,0
ML-04114,ENGINEERING,Point & Crossing,2,74.49,37.97,19.4,242,0,0,0,0,5,2,1,0
ML-04115,ENGINEERING,Point & Crossing,4,64.98,56.55,15.9,56,2,1,5,1,1,0,0,0
ML-04116,S&T,Axle Counter,3,92.82,27.22,6.5,39,0,0,0,0,1,1,0,0
ML-04117,ENGINEERING,Bridge,3,73.71,30.88,8.5,44,5,2,4,0,2,1,0,0
ML-04118,TRD,Transformer,4,85.89,31.9,5.2,93,1,0,3,0,3,2,1,0
ML-04119,TRD,OHE,5,69.32,66.83,13.1,103,1,0,3,1,5,4,3,1
ML-04120,S&T,Axle Counter,4,75.69,42.38,8.3,154,3,0,5,0,2,1,1,0
ML-04121,S&T,Signal,2,82.93,20.15,9.5,17,0,0,0,0,2,0,0,0
ML-04122,S&T,Point Machine,4,100.0,19.92,6.3,221,1,0,4,0,4,0,2,0
ML-04123,ENGINEERING,Track,3,65.85,48.46,12.8,25,3,1,3,0,0,0,0,0
ML-04124,S&T,Axle Counter,1,82.96,18.81,11.9,144,1,0,3,0,2,0,1,0
ML-04125,S&T,Signal,4,84.71,53.84,17.3,80,1,0,2,1,2,2,1,0
ML-04126,TRD,Section Insulator,5,78.46,42.4,4.0,64,2,1,3,0,3,1,1,0
ML-04127,ENGINEERING,Point & Crossing,3,93.86,23.11,3.4,93,3,1,1,1,1,1,0,0
ML-04128,ENGINEERING,Track,4,87.44,36.3,10.7,112,0,0,0,0,2,1,0,0
ML-04129,ENGINEERING,Track,4,83.38,30.63,6.5,121,2,0,4,0,0,0,0,0
ML-04130,ENGINEERING,Bridge,4,89.12,41.09,13.6,168,0,0,0,1,7,3,2,0
ML-04131,ENGINEERING,Bridge,5,81.43,46.48,4.3,61,1,0,3,0,3,1,1,0
ML-04132,TRD,Section Insulator,2,52.42,62.34,30.0,42,2,0,3,0,3,3,1,1
ML-04133,ENGINEERING,Track,3,81.89,35.94,9.6,134,1,0,3,0,4,3,1,0
ML-04134,S&T,Axle Counter,4,76.11,51.92,11.8,35,0,0,0,0,3,1,1,0
ML-04135,TRD,OHE,5,100.0,34.35,0.8,164,0,0,0,0,1,1,0,0
ML-04136,TRD,OHE,4,59.09,63.55,17.4,20,0,0,0,1,5,2,2,0
ML-04137,ENGINEERING,Bridge,4,75.33,41.23,11.5,38,1,0,2,0,2,2,0,0
ML-04138,ENGINEERING,Point & Crossing,2,80.43,36.59,12.2,31,2,0,3,1,0,0,0,1
ML-04139,ENGINEERING,Point & Crossing,2,68.2,40.45,11.2,109,2,0,3,1,2,1,1,0
ML-04140,TRD,OHE,4,81.26,38.66,6.9,50,2,1,3,0,3,0,1,0
ML-04141,ENGINEERING,Bridge,4,78.27,46.68,7.2,33,2,0,3,1,1,1,1,0
ML-04142,ENGINEERING,Track,3,45.87,74.4,26.8,124,1,0,1,0,8,6,6,0
ML-04143,TRD,Transformer,3,54.94,62.22,16.8,107,2,0,2,1,4,2,3,1
ML-04144,S&T,Signal,3,63.52,56.63,10.4,54,1,1,2,1,5,4,1,1
ML-04145,S&T,Signal,2,90.89,29.65,3.0,93,2,0,3,1,4,2,0,0
ML-04146,TRD,Section Insulator,4,69.56,61.0,21.0,161,1,0,4,1,2,2,2,1
ML-04147,ENGINEERING,Point & Crossing,5,59.42,68.85,16.7,95,0,0,0,1,8,6,4,1
ML-04148,ENGINEERING,Track,4,65.13,57.78,15.7,71,2,0,2,0,2,1,1,0
ML-04149,TRD,Section Insulator,3,61.02,60.07,14.1,189,1,1,3,0,0,0,0,1
ML-04150,S&T,Signal,5,78.08,52.08,18.2,43,0,0,0,0,1,0,1,0
ML-04151,S&T,Signal,5,80.37,61.38,13.5,34,2,2,1,0,3,2,2,1
ML-04152,TRD,Section Insulator,4,55.71,59.72,12.0,130,2,1,1,0,1,1,0,0
ML-04153,TRD,Transformer,3,79.08,36.17,8.8,16,2,0,1,0,1,0,0,0
ML-04154,S&T,Point Machine,5,73.44,61.23,12.2,40,0,0,0,1,4,3,2,1
ML-04155,ENGINEERING,Point & Crossing,2,85.31,23.93,8.4,84,1,0,3,1,4,1,1,0
ML-04156,ENGINEERING,Track,2,75.58,36.64,8.0,140,2,1,3,0,5,3,3,0
ML-04157,TRD,Transformer,4,70.83,51.05,18.6,52,0,0,0,1,5,4,1,0
ML-04158,TRD,Transformer,3,69.55,36.01,10.3,243,2,0,3,1,2,2,1,0
ML-04159,TRD,OHE,4,60.04,71.81,19.4,59,1,0,2,1,2,1,2,0
ML-04160,S&T,Axle Counter,4,86.58,32.92,7.6,98,0,0,0,1,2,1,1,1
ML-04161,TRD,OHE,4,54.32,61.71,19.9,66,2,0,2,0,8,3,3,1
ML-04162,ENGINEERING,Bridge,1,100.0,15.0,9.2,96,0,0,0,0,1,0,0,0
ML-04163,ENGINEERING,Point & Crossing,4,89.99,39.78,5.0,26,0,0,0,1,5,0,2,0
ML-04164,TRD,OHE,4,85.48,37.35,5.4,111,1,0,3,1,3,1,2,0
ML-04165,TRD,Section Insulator,2,100.0,22.98,12.2,162,1,0,2,0,3,1,2,1
ML-04166,TRD,Section Insulator,4,85.53,43.04,10.7,19,1,0,1,0,5,2,1,1
ML-04167,ENGINEERING,Bridge,3,78.18,39.14,8.2,64,1,0,2,0,3,1,1,0
ML-04168,TRD,OHE,3,81.77,43.67,14.5,125,2,1,2,1,6,3,1,1
ML-04169,ENGINEERING,Point & Crossing,4,67.82,50.36,14.7,68,1,0,1,0,1,0,0,0
ML-04170,TRD,OHE,4,79.81,43.72,14.9,65,2,2,3,1,4,0,1,0
ML-04171,TRD,OHE,4,67.89,52.16,12.3,81,5,1,3,0,3,1,2,0
ML-04172,ENGINEERING,Track,3,66.82,46.45,14.6,43,1,0,3,1,2,1,1,0
ML-04173,TRD,Section Insulator,1,60.15,42.03,22.2,28,2,1,5,1,3,1,1,1
ML-04174,TRD,Transformer,3,85.56,23.64,3.8,43,1,0,4,0,3,1,0,0
ML-04175,S&T,Signal,2,73.55,49.9,16.2,194,1,1,3,1,2,0,0,0
ML-04176,ENGINEERING,Point & Crossing,3,63.97,56.5,20.1,70,2,0,2,0,4,3,2,0
ML-04177,ENGINEERING,Track,4,74.76,47.86,8.6,81,0,0,0,0,1,1,0,0
ML-04178,ENGINEERING,Bridge,3,68.45,40.88,13.0,60,4,0,3,0,2,2,0,1
ML-04179,S&T,Axle Counter,1,88.31,20.71,11.3,37,1,0,2,0,1,1,0,0
ML-04180,TRD,Section Insulator,5,86.67,42.85,8.2,80,2,0,3,0,5,2,2,0
ML-04181,TRD,Section Insulator,5,63.01,71.69,25.2,95,4,2,3,0,4,2,2,0
ML-04182,S&T,Point Machine,2,86.3,30.63,11.5,75,0,0,0,0,0,0,0,1
ML-04183,ENGINEERING,Bridge,2,81.78,30.24,14.5,49,1,0,3,1,1,0,0,0
ML-04184,ENGINEERING,Bridge,3,76.77,43.93,14.1,45,2,1,3,1,3,0,2,0
ML-04185,ENGINEERING,Bridge,2,92.98,9.46,3.3,15,0,0,0,0,5,1,0,0
ML-04186,ENGINEERING,Track,3,80.65,41.66,15.1,115,1,0,2,0,1,1,1,0
ML-04187,ENGINEERING,Point & Crossing,3,65.78,52.8,21.9,63,0,0,0,0,5,2,3,1
ML-04188,S&T,Signal,2,83.13,27.79,7.0,13,0,0,0,1,2,0,1,0
ML-04189,S&T,Axle Counter,2,73.02,38.36,10.9,82,2,1,3,0,2,1,1,0
ML-04190,S&T,Signal,4,91.55,33.28,4.4,21,0,0,0,0,2,0,1,0
ML-04191,TRD,Section Insulator,5,63.79,60.49,16.1,127,0,0,0,1,4,1,2,0
ML-04192,S&T,Point Machine,4,63.18,65.17,17.8,103,0,0,0,0,4,1,4,0
ML-04193,TRD,OHE,1,77.05,28.33,9.4,48,0,0,0,0,2,0,1,0
ML-04194,TRD,Section Insulator,4,80.01,30.6,7.7,38,3,1,1,0,1,0,1,0
ML-04195,S&T,Point Machine,5,58.0,64.14,18.0,101,1,1,4,1,1,1,0,0
ML-04196,S&T,Signal,4,74.27,33.98,11.6,38,0,0,0,0,4,1,1,1
ML-04197,ENGINEERING,Bridge,3,65.27,51.69,18.4,119,1,0,3,0,4,2,2,0
ML-04198,TRD,Section Insulator,2,74.58,29.9,15.5,103,2,0,3,0,7,5,1,0
ML-04199,ENGINEERING,Bridge,5,68.15,63.45,14.3,14,3,2,3,0,5,3,2,0
ML-04200,ENGINEERING,Point & Crossing,2,60.69,44.2,14.0,28,2,0,5,1,3,2,0,0
ML-04201,ENGINEERING,Bridge,4,82.38,39.84,8.8,109,2,0,2,0,2,1,0,0
ML-04202,ENGINEERING,Track,1,79.92,32.83,14.9,111,0,0,0,1,3,1,1,0
ML-04203,ENGINEERING,Point & Crossing,2,90.79,29.28,9.1,156,3,1,3,0,4,2,2,0
ML-04204,S&T,Point Machine,4,62.05,55.69,25.2,180,2,1,3,1,1,0,0,0
ML-04205,TRD,Section Insulator,3,56.34,59.13,26.5,92,1,0,3,0,2,1,1,0
ML-04206,S&T,Signal,4,85.03,36.31,8.8,109,2,0,3,1,3,1,0,0
ML-04207,ENGINEERING,Track,4,92.19,33.19,4.6,32,0,0,0,0,2,0,0,0
ML-04208,TRD,Section Insulator,2,82.71,26.4,9.5,209,2,2,3,0,2,2,0,0
ML-04209,S&T,Axle Counter,4,76.08,48.72,10.7,89,1,0,4,0,1,1,0,0
ML-04210,ENGINEERING,Bridge,3,65.76,54.61,20.3,137,0,0,0,1,6,3,1,1
ML-04211,S&T,Axle Counter,5,76.7,43.66,10.1,139,1,0,3,1,1,0,0,0
ML-04212,ENGINEERING,Bridge,5,51.02,79.56,28.0,105,1,1,3,1,7,5,5,1
ML-04213,S&T,Signal,4,68.36,56.85,8.8,102,2,0,4,0,1,0,1,0
ML-04214,S&T,Point Machine,2,80.7,31.84,9.1,58,0,0,0,1,3,1,1,0
ML-04215,ENGINEERING,Bridge,5,72.52,62.21,18.5,35,2,0,1,0,4,2,2,0
ML-04216,S&T,Signal,3,83.56,38.38,12.8,62,1,0,1,0,4,2,2,0
ML-04217,TRD,OHE,3,81.33,40.3,8.5,67,1,1,1,0,2,2,0,0
ML-04218,S&T,Axle Counter,3,68.84,49.71,14.3,50,2,0,4,1,4,3,3,0
ML-04219,ENGINEERING,Bridge,3,69.85,48.48,20.8,48,2,0,1,1,3,2,3,0
ML-04220,S&T,Point Machine,2,81.88,30.86,11.6,45,2,1,1,1,6,0,0,0
ML-04221,S&T,Signal,4,81.56,40.23,10.0,131,1,1,3,0,2,1,0,0
ML-04222,S&T,Signal,4,72.02,41.8,10.8,121,4,2,4,1,4,3,1,0
ML-04223,S&T,Signal,5,65.54,62.63,14.1,127,2,1,3,1,5,4,3,0
ML-04224,S&T,Signal,2,78.3,34.47,8.0,20,4,1,2,0,4,1,0,0
ML-04225,S&T,Axle Counter,3,60.45,52.08,10.8,30,1,0,3,0,8,3,2,0
ML-04226,ENGINEERING,Point & Crossing,2,48.11,66.54,30.0,187,3,2,1,0,7,3,1,0
ML-04227,TRD,Transformer,3,74.91,35.63,9.2,104,3,1,3,1,2,1,0,0
ML-04228,ENGINEERING,Bridge,5,90.5,30.36,4.0,83,1,1,3,0,5,3,1,0
ML-04229,ENGINEERING,Point & Crossing,4,75.15,39.22,5.1,224,0,0,0,0,1,1,1,0
ML-04230,ENGINEERING,Bridge,3,91.49,29.4,1.7,82,1,0,1,1,5,2,1,0
ML-04231,ENGINEERING,Track,3,58.51,51.37,24.0,20,2,0,3,1,3,1,0,0
ML-04232,S&T,Axle Counter,1,99.13,17.74,9.1,21,0,0,0,1,3,1,1,0
ML-04233,TRD,Section Insulator,5,79.6,47.71,5.4,45,2,0,2,1,2,1,0,0
ML-04234,S&T,Point Machine,3,63.79,52.12,17.2,80,4,0,1,1,6,3,1,0
ML-04235,TRD,OHE,3,67.49,51.44,14.4,109,1,0,3,0,0,0,0,0
ML-04236,S&T,Signal,5,73.51,68.38,16.1,124,2,0,2,1,3,3,1,0
ML-04237,ENGINEERING,Point & Crossing,4,78.5,43.59,5.3,142,1,0,3,1,7,3,4,0
ML-04238,TRD,Section Insulator,4,78.8,55.42,14.4,261,1,0,3,1,5,2,2,1
ML-04239,TRD,Transformer,4,77.39,37.84,8.9,33,3,1,3,0,3,0,0,0
ML-04240,ENGINEERING,Track,3,73.69,45.62,16.1,255,0,0,0,1,6,2,1,0
ML-04241,S&T,Point Machine,4,56.38,70.62,17.9,65,0,0,0,0,7,5,4,1
ML-04242,ENGINEERING,Track,3,69.17,52.83,21.1,87,0,0,0,0,5,2,1,0
ML-04243,ENGINEERING,Track,3,68.08,49.76,17.3,76,0,0,0,0,4,0,1,0
ML-04244,ENGINEERING,Bridge,4,79.95,41.02,11.7,99,1,1,3,1,2,1,0,0
ML-04245,ENGINEERING,Bridge,2,78.9,40.99,17.6,52,1,0,3,0,5,3,2,0
ML-04246,S&T,Signal,4,60.23,67.26,15.0,131,4,0,1,1,7,6,4,0
ML-04247,ENGINEERING,Point & Crossing,3,51.73,61.01,20.1,115,2,2,3,0,4,3,2,0
ML-04248,ENGINEERING,Bridge,4,86.01,34.91,2.9,77,1,0,2,0,2,0,0,0
ML-04249,ENGINEERING,Bridge,4,89.48,34.59,2.4,90,1,0,3,0,6,0,2,0
ML-04250,TRD,Section Insulator,4,94.2,30.77,7.9,104,1,0,4,0,3,3,1,0
ML-04251,ENGINEERING,Bridge,3,67.12,49.61,13.6,32,0,0,0,1,2,1,0,1
ML-04252,TRD,OHE,2,90.64,25.34,11.7,32,0,0,0,0,2,2,0,0
ML-04253,ENGINEERING,Bridge,4,71.94,43.77,7.4,100,1,1,2,1,3,1,0,0
ML-04254,S&T,Point Machine,4,89.02,36.75,8.0,70,1,1,3,0,2,1,1,0
ML-04255,TRD,Transformer,3,71.52,49.23,22.6,90,1,0,3,0,4,2,0,0
ML-04256,S&T,Point Machine,3,56.27,58.97,30.0,63,1,0,5,1,2,0,0,0
ML-04257,ENGINEERING,Point & Crossing,1,92.22,22.1,6.7,119,0,0,0,0,1,0,0,0
ML-04258,S&T,Axle Counter,5,59.53,67.04,17.8,89,3,1,4,1,5,3,0,1
ML-04259,ENGINEERING,Bridge,4,87.26,30.77,4.5,157,1,0,3,1,1,0,0,0
ML-04260,TRD,Section Insulator,3,82.89,39.04,7.8,157,1,0,2,1,0,0,0,0
ML-04261,ENGINEERING,Point & Crossing,5,65.12,52.14,11.2,83,3,2,5,1,4,3,1,0
ML-04262,S&T,Signal,1,84.45,12.78,5.9,99,2,1,3,0,2,0,0,0
ML-04263,S&T,Signal,3,73.44,42.04,7.7,68,0,0,0,0,2,1,0,1
ML-04264,ENGINEERING,Bridge,3,53.18,65.38,18.0,95,3,1,4,0,2,1,1,0
ML-04265,S&T,Axle Counter,4,65.1,60.79,15.5,139,1,0,5,1,4,1,3,1
ML-04266,S&T,Signal,3,84.83,32.33,6.8,6,3,1,3,0,1,0,1,0
ML-04267,TRD,OHE,5,84.51,45.09,5.0,91,1,0,2,1,3,1,0,0
ML-04268,ENGINEERING,Point & Crossing,4,73.89,54.1,12.8,78,3,1,3,0,6,4,4,0
ML-04269,TRD,OHE,5,74.53,61.41,17.7,103,2,1,2,1,5,3,1,0
ML-04270,S&T,Signal,1,100.0,6.62,2.0,42,0,0,0,0,3,1,0,1
ML-04271,TRD,Transformer,3,88.97,33.65,9.2,26,1,0,2,0,2,2,1,1
ML-04272,ENGINEERING,Bridge,3,87.88,33.09,6.2,122,0,0,0,0,3,0,0,0
ML-04273,ENGINEERING,Point & Crossing,3,65.26,38.82,10.0,70,2,0,1,0,1,0,0,1
ML-04274,TRD,OHE,4,77.31,40.5,9.7,105,1,0,2,0,2,2,0,1
ML-04275,ENGINEERING,Bridge,3,82.85,42.36,10.4,115,4,2,4,1,1,1,0,0
ML-04276,S&T,Point Machine,5,75.98,56.46,12.0,75,3,2,4,0,1,0,1,0
ML-04277,ENGINEERING,Bridge,2,90.51,9.58,3.7,212,0,0,0,0,1,0,0,0
ML-04278,S&T,Signal,4,85.92,37.28,4.8,72,2,0,3,1,1,0,0,0
ML-04279,S&T,Point Machine,1,88.03,18.79,5.7,49,0,0,0,0,3,0,0,0
ML-04280,ENGINEERING,Point & Crossing,5,82.51,39.04,4.4,130,1,0,3,1,3,2,0,0
ML-04281,ENGINEERING,Point & Crossing,1,54.75,50.57,25.9,113,2,1,1,0,2,1,1,0
ML-04282,ENGINEERING,Track,5,54.12,77.85,16.9,89,5,1,3,1,2,1,2,1
ML-04283,S&T,Axle Counter,3,78.82,26.21,7.4,49,1,0,2,1,2,1,0,1
ML-04284,TRD,Transformer,3,84.21,30.3,13.3,4,2,0,3,0,2,0,0,0
ML-04285,S&T,Signal,3,74.51,45.93,20.0,70,0,0,0,0,2,1,2,0
ML-04286,S&T,Signal,3,44.87,69.21,30.0,96,1,1,3,1,5,2,3,0
ML-04287,ENGINEERING,Track,5,65.89,66.53,14.8,71,4,3,2,0,7,6,4,0
ML-04288,S&T,Point Machine,5,63.79,58.32,15.5,110,1,1,3,0,2,1,2,0
ML-04289,TRD,OHE,1,70.32,30.17,13.4,75,1,0,3,0,4,2,0,0
ML-04290,TRD,Transformer,2,50.53,50.65,18.5,96,2,1,3,0,7,6,3,1
ML-04291,ENGINEERING,Track,2,60.39,48.94,19.7,60,1,0,3,0,6,1,3,1
ML-04292,S&T,Axle Counter,4,74.27,55.53,9.9,62,3,1,1,1,5,5,2,0
ML-04293,S&T,Signal,5,93.18,39.52,5.3,88,0,0,0,0,4,1,2,1
ML-04294,S&T,Signal,2,93.34,21.81,3.9,49,0,0,0,0,2,1,0,0
ML-04295,TRD,OHE,4,61.59,59.03,22.7,30,2,0,4,0,5,3,3,1
ML-04296,ENGINEERING,Point & Crossing,3,68.08,44.13,16.1,78,1,1,1,1,1,0,1,0
ML-04297,TRD,Section Insulator,4,81.39,34.26,6.6,50,1,0,1,1,2,2,0,1
ML-04298,S&T,Axle Counter,4,73.88,49.31,10.7,33,3,1,3,1,2,0,0,1
ML-04299,ENGINEERING,Track,2,72.76,43.08,19.3,156,0,0,0,0,4,2,1,1
ML-04300,TRD,Section Insulator,4,59.48,58.45,17.7,65,0,0,0,0,6,1,1,1
ML-04301,S&T,Axle Counter,3,72.19,35.01,4.3,79,1,0,3,1,4,1,2,0
ML-04302,TRD,OHE,2,90.8,12.87,4.2,52,0,0,0,0,1,0,0,0
ML-04303,TRD,Transformer,4,60.51,52.01,17.0,57,0,0,0,1,0,0,0,0
ML-04304,ENGINEERING,Bridge,1,52.3,39.49,16.8,95,1,1,3,0,3,1,1,1
ML-04305,TRD,OHE,3,92.49,25.51,9.6,18,2,0,3,1,1,0,0,0
ML-04306,S&T,Point Machine,5,45.56,76.77,29.8,138,3,2,3,1,4,2,2,0
ML-04307,TRD,Transformer,2,76.11,32.49,10.4,30,2,1,5,0,4,2,0,0
ML-04308,ENGINEERING,Bridge,4,89.75,40.06,4.8,87,2,0,4,0,4,0,0,0
ML-04309,S&T,Axle Counter,2,85.69,32.4,13.3,118,1,0,4,1,3,1,0,0
ML-04310,ENGINEERING,Track,4,78.66,41.93,10.3,95,4,1,2,0,3,1,2,0
ML-04311,S&T,Point Machine,2,61.47,48.09,16.7,123,1,0,2,0,1,0,0,1
ML-04312,S&T,Point Machine,4,85.37,39.42,10.5,50,0,0,0,0,1,0,0,0
ML-04313,ENGINEERING,Bridge,2,82.28,27.34,9.9,26,2,0,3,1,4,0,1,0
ML-04314,S&T,Signal,4,55.73,64.22,20.9,68,2,0,1,1,6,5,4,1
ML-04315,S&T,Signal,5,50.14,67.55,23.8,6,7,1,1,0,5,0,1,0
ML-04316,TRD,OHE,3,64.14,42.41,17.6,20,2,0,3,1,6,2,2,1
ML-04317,S&T,Signal,1,82.29,23.92,7.7,138,3,0,2,0,6,3,1,0
ML-04318,TRD,Section Insulator,5,77.4,50.78,12.2,40,2,1,2,1,1,1,0,0
ML-04319,ENGINEERING,Bridge,5,87.0,41.07,5.1,27,3,0,2,0,0,0,0,0
ML-04320,S&T,Point Machine,4,68.48,53.14,6.7,94,4,2,1,1,1,1,0,0
ML-04321,S&T,Signal,1,80.61,20.62,9.3,162,2,0,3,0,5,2,1,0
ML-04322,ENGINEERING,Track,1,86.35,21.43,8.8,55,1,0,3,0,5,2,0,0
ML-04323,S&T,Signal,3,69.21,51.72,20.9,68,0,0,0,1,2,0,0,0
ML-04324,ENGINEERING,Point & Crossing,2,76.12,42.47,13.0,125,1,1,2,0,3,2,1,0
ML-04325,ENGINEERING,Track,2,69.08,37.03,12.6,65,0,0,0,0,0,0,0,0
ML-04326,ENGINEERING,Point & Crossing,4,84.84,49.43,11.2,83,5,3,1,0,4,2,1,0
ML-04327,ENGINEERING,Bridge,2,84.96,25.78,11.6,49,0,0,0,1,4,1,1,0
ML-04328,TRD,OHE,1,83.89,28.65,13.8,83,1,0,1,0,3,2,1,0
ML-04329,TRD,Section Insulator,5,69.39,49.84,7.6,60,3,0,3,1,4,0,2,0
ML-04330,S&T,Point Machine,4,94.85,39.16,9.1,94,0,0,0,0,3,0,0,0
ML-04331,S&T,Signal,5,70.71,56.84,10.9,120,1,1,4,1,2,0,1,0
ML-04332,TRD,OHE,5,87.03,35.46,4.3,59,0,0,0,1,6,2,1,0
ML-04333,S&T,Axle Counter,3,54.08,53.68,19.8,145,2,0,3,0,1,0,0,0
ML-04334,TRD,Transformer,2,69.09,36.18,12.2,38,2,0,1,0,5,1,1,0
ML-04335,S&T,Signal,3,63.6,49.06,13.7,208,1,0,3,0,6,2,3,0
ML-04336,TRD,OHE,3,88.72,28.93,4.3,66,3,0,3,0,2,2,1,1
ML-04337,S&T,Signal,2,95.36,18.83,6.3,65,2,0,3,0,2,1,0,0
ML-04338,S&T,Axle Counter,2,80.38,31.7,12.2,53,0,0,0,0,1,1,0,0
ML-04339,ENGINEERING,Bridge,4,90.11,43.16,9.3,147,2,0,3,1,4,2,0,1
ML-04340,TRD,Transformer,4,78.16,42.64,12.8,140,2,2,2,1,0,0,0,0
ML-04341,ENGINEERING,Track,5,54.57,71.41,16.2,24,1,0,2,0,3,2,1,0
ML-04342,TRD,Section Insulator,3,77.9,38.1,7.8,86,1,1,4,0,2,1,0,0
ML-04343,S&T,Point Machine,3,89.75,34.61,5.4,43,0,0,0,0,3,2,1,0
ML-04344,S&T,Axle Counter,3,97.4,20.87,11.0,138,0,0,0,0,3,0,0,0
ML-04345,S&T,Point Machine,4,86.28,37.91,3.4,113,0,0,0,1,3,1,1,0
ML-04346,S&T,Signal,3,67.27,50.63,19.1,79,1,1,4,1,3,0,0,1
ML-04347,TRD,Section Insulator,4,71.95,45.83,16.1,169,5,3,3,0,6,1,1,0
ML-04348,S&T,Signal,4,64.7,64.59,12.8,42,1,0,5,1,6,3,2,0
ML-04349,ENGINEERING,Point & Crossing,4,87.68,29.38,3.2,87,0,0,0,0,2,0,1,0
ML-04350,TRD,OHE,2,79.06,28.0,12.1,103,2,0,2,1,1,1,0,0
ML-04351,S&T,Point Machine,3,76.55,45.3,11.8,130,2,1,3,0,2,0,1,1
ML-04352,S&T,Point Machine,2,76.0,32.69,17.1,69,1,0,2,0,1,1,0,0
ML-04353,TRD,Section Insulator,4,99.08,19.37,8.4,231,0,0,0,0,1,0,0,0
ML-04354,S&T,Axle Counter,4,78.46,50.47,9.4,74,1,1,3,0,3,0,1,0
ML-04355,TRD,Section Insulator,1,79.57,21.96,8.5,94,1,0,2,1,1,0,0,0
ML-04356,S&T,Signal,3,76.98,28.61,11.1,165,1,0,2,1,0,0,0,1
ML-04357,ENGINEERING,Bridge,5,55.79,62.81,13.4,46,3,1,5,0,1,0,1,0
ML-04358,TRD,OHE,2,83.88,27.22,5.2,59,0,0,0,0,2,0,1,0
ML-04359,ENGINEERING,Bridge,5,61.49,64.73,15.6,132,1,0,1,1,3,2,2,0
ML-04360,ENGINEERING,Track,5,72.34,55.56,15.4,63,1,0,4,1,2,1,2,0
ML-04361,S&T,Signal,4,78.66,42.53,8.0,148,1,0,3,1,4,0,4,0
ML-04362,ENGINEERING,Track,3,75.98,36.76,6.4,67,3,0,3,0,3,2,1,0
ML-04363,ENGINEERING,Track,5,81.57,59.33,15.9,107,2,1,1,0,2,2,0,1
ML-04364,TRD,Transformer,2,83.57,25.47,5.0,129,1,0,3,0,2,1,0,0
ML-04365,ENGINEERING,Point & Crossing,4,44.36,74.18,27.2,71,0,0,0,1,3,1,2,0
ML-04366,ENGINEERING,Bridge,3,72.87,38.34,17.2,92,2,0,3,1,2,1,0,0
ML-04367,TRD,OHE,4,87.81,35.89,7.2,49,0,0,0,1,3,0,1,0
ML-04368,S&T,Axle Counter,4,68.69,51.21,8.2,72,0,0,0,1,6,5,3,1
ML-04369,TRD,Section Insulator,3,82.7,26.55,11.6,11,1,1,3,0,1,0,0,0
ML-04370,S&T,Signal,2,63.43,47.23,20.4,20,2,1,3,0,4,2,2,0
ML-04371,S&T,Axle Counter,5,84.83,44.69,12.2,58,0,0,0,0,3,1,2,1
ML-04372,ENGINEERING,Point & Crossing,5,59.55,66.54,12.2,62,1,1,3,0,6,3,4,0
ML-04373,ENGINEERING,Bridge,4,52.29,77.92,23.8,69,1,0,4,0,2,2,1,0
ML-04374,TRD,Section Insulator,4,100.0,26.98,4.9,50,0,0,0,0,3,1,0,0
ML-04375,ENGINEERING,Point & Crossing,3,53.72,50.12,13.5,58,1,0,3,1,3,1,1,0
ML-04376,TRD,Transformer,4,71.97,52.31,22.3,57,2,1,2,1,2,1,1,0
ML-04377,TRD,OHE,4,58.26,60.97,14.6,56,3,1,3,0,1,0,0,0
ML-04378,ENGINEERING,Bridge,5,64.83,66.27,5.2,70,0,0,0,0,8,5,4,0
ML-04379,TRD,Section Insulator,4,73.97,52.74,10.8,58,1,0,3,1,5,3,2,1
ML-04380,ENGINEERING,Point & Crossing,3,66.22,50.46,13.8,13,1,0,5,1,3,2,1,0
ML-04381,TRD,Transformer,2,72.51,45.45,24.3,84,0,0,0,0,2,2,0,1
ML-04382,TRD,OHE,1,83.34,34.03,13.9,147,0,0,0,0,1,1,0,0
ML-04383,S&T,Axle Counter,4,67.56,60.94,13.8,38,2,0,3,1,1,1,1,0
ML-04384,ENGINEERING,Track,3,83.43,39.44,6.5,76,0,0,0,1,3,2,1,1
ML-04385,ENGINEERING,Point & Crossing,2,79.27,27.81,10.8,69,1,0,3,1,5,1,2,0
ML-04386,ENGINEERING,Track,5,56.5,63.61,11.7,119,3,3,3,0,3,2,2,1
ML-04387,TRD,Section Insulator,4,79.4,38.8,8.7,55,2,1,2,1,2,0,1,1
ML-04388,TRD,OHE,4,82.42,32.0,4.9,118,1,0,5,0,1,1,0,0
ML-04389,S&T,Signal,5,59.68,60.16,19.7,54,0,0,0,0,3,1,3,1
ML-04390,S&T,Signal,5,64.46,66.51,16.2,105,4,2,3,1,1,0,0,0
ML-04391,ENGINEERING,Bridge,5,62.76,76.07,24.3,59,2,1,3,0,3,2,2,1
ML-04392,S&T,Point Machine,2,87.89,35.13,11.0,182,0,0,0,0,3,1,0,0
ML-04393,ENGINEERING,Bridge,3,91.06,24.1,10.5,71,2,0,3,0,0,0,0,1
ML-04394,ENGINEERING,Point & Crossing,3,85.07,35.21,7.0,96,1,1,3,1,5,1,0,0
ML-04395,S&T,Point Machine,4,75.91,46.64,14.2,72,2,1,2,0,2,2,0,0
ML-04396,ENGINEERING,Point & Crossing,4,88.03,29.34,6.4,35,1,0,2,0,3,2,0,0
ML-04397,ENGINEERING,Point & Crossing,5,74.13,51.12,9.2,148,1,0,1,0,3,1,2,0
ML-04398,S&T,Axle Counter,2,65.31,55.76,25.6,51,2,1,2,0,4,2,1,1
ML-04399,S&T,Point Machine,3,61.38,44.24,9.4,77,4,2,4,1,3,1,0,0
ML-04400,ENGINEERING,Track,5,64.22,64.87,20.8,250,0,0,0,0,3,1,2,1
ML-04401,S&T,Point Machine,4,50.3,67.63,29.4,70,4,4,3,0,5,2,2,0
ML-04402,ENGINEERING,Point & Crossing,4,47.52,70.78,10.4,29,2,0,5,1,0,0,0,0
ML-04403,TRD,OHE,5,94.76,45.44,5.6,161,0,0,0,0,4,3,1,0
ML-04404,ENGINEERING,Bridge,5,78.5,49.45,8.2,125,1,0,5,1,7,5,0,0
ML-04405,ENGINEERING,Bridge,4,82.9,43.16,14.9,119,0,0,0,0,2,0,0,0
ML-04406,S&T,Signal,4,82.37,26.9,5.5,65,2,0,3,0,2,1,0,1
ML-04407,ENGINEERING,Point & Crossing,4,79.2,49.56,14.9,75,0,0,0,1,3,1,0,1
ML-04408,S&T,Point Machine,3,67.12,46.45,14.9,150,0,0,0,0,3,1,3,0
ML-04409,S&T,Signal,1,67.86,46.31,20.3,69,3,0,4,1,2,2,0,0
ML-04410,ENGINEERING,Bridge,2,73.33,33.66,6.4,112,3,1,3,0,7,3,1,0
ML-04411,ENGINEERING,Point & Crossing,4,72.15,44.26,15.1,59,0,0,0,1,5,2,2,0
ML-04412,ENGINEERING,Track,3,63.03,45.85,16.1,175,1,1,1,0,4,0,0,1
ML-04413,ENGINEERING,Point & Crossing,4,73.15,40.64,11.0,87,1,0,3,1,4,3,0,1
ML-04414,ENGINEERING,Bridge,4,77.5,39.32,9.7,199,1,0,3,0,6,1,4,0
ML-04415,ENGINEERING,Bridge,2,98.24,7.56,3.5,67,1,0,1,0,2,0,0,0
ML-04416,S&T,Point Machine,2,86.89,15.43,3.3,79,1,0,2,1,4,0,0,0
ML-04417,TRD,Section Insulator,3,69.01,41.74,6.9,96,0,0,0,0,3,0,1,0
ML-04418,S&T,Axle Counter,4,76.58,47.19,6.6,37,1,0,2,1,8,4,2,0
ML-04419,ENGINEERING,Bridge,3,95.5,21.69,6.2,37,2,0,2,0,4,2,0,0
ML-04420,ENGINEERING,Point & Crossing,4,80.21,39.89,9.4,32,1,0,3,0,2,2,1,0
ML-04421,TRD,Section Insulator,4,66.99,46.69,6.6,7,0,0,0,1,5,2,1,0
ML-04422,ENGINEERING,Track,3,80.63,45.5,14.0,90,1,0,3,0,6,4,1,0
ML-04423,ENGINEERING,Track,4,83.74,40.8,5.7,36,1,0,1,0,1,0,0,1
ML-04424,TRD,Transformer,1,83.06,17.15,7.0,83,1,1,3,0,1,0,0,0
ML-04425,S&T,Point Machine,4,95.94,29.72,7.1,186,1,0,2,0,4,2,2,0
ML-04426,S&T,Point Machine,3,78.67,35.01,10.6,43,0,0,0,0,2,0,1,0
ML-04427,ENGINEERING,Bridge,5,67.55,55.08,12.0,128,1,0,4,1,3,2,1,0
ML-04428,TRD,Transformer,3,65.27,46.8,21.0,61,1,0,1,0,2,0,0,0
ML-04429,ENGINEERING,Track,3,85.03,26.85,5.4,158,1,1,3,0,1,1,0,0
ML-04430,ENGINEERING,Track,4,80.84,47.91,5.6,31,2,0,3,1,4,0,2,0
ML-04431,ENGINEERING,Bridge,5,38.14,88.65,29.8,102,5,3,1,1,1,1,0,0
ML-04432,S&T,Point Machine,4,81.43,27.08,7.8,24,1,0,5,1,0,0,0,0
ML-04433,S&T,Point Machine,4,73.87,47.77,14.4,69,1,0,3,1,5,2,2,0
ML-04434,ENGINEERING,Bridge,5,63.56,62.49,11.9,186,0,0,0,0,4,1,3,0
ML-04435,TRD,Transformer,3,69.69,35.4,14.1,154,2,0,3,0,1,0,0,0
ML-04436,TRD,Section Insulator,4,79.78,54.1,13.2,63,3,1,3,1,5,1,2,0
ML-04437,TRD,Section Insulator,3,40.83,74.27,30.0,54,0,0,0,0,4,3,1,0
ML-04438,ENGINEERING,Bridge,4,80.51,35.05,7.5,72,0,0,0,0,0,0,0,0
ML-04439,S&T,Axle Counter,3,87.16,35.72,8.9,91,0,0,0,0,3,2,1,0
ML-04440,TRD,Section Insulator,2,71.88,44.07,21.8,117,2,1,5,1,1,0,0,1
ML-04441,TRD,Section Insulator,2,91.92,24.44,6.9,49,1,0,4,1,3,1,1,0
ML-04442,S&T,Axle Counter,5,69.07,70.73,14.0,126,2,0,3,1,4,4,1,1
ML-04443,ENGINEERING,Track,4,72.55,54.35,10.6,44,2,0,1,0,4,1,0,0
ML-04444,ENGINEERING,Bridge,4,75.14,48.39,11.9,161,2,1,1,1,3,0,0,0
ML-04445,ENGINEERING,Point & Crossing,3,93.08,27.44,6.8,148,0,0,0,1,5,1,0,0
ML-04446,TRD,OHE,3,74.39,33.55,15.6,16,1,1,2,0,6,1,4,0
ML-04447,S&T,Axle Counter,5,79.84,49.58,13.4,20,1,1,5,0,3,1,1,0
ML-04448,S&T,Point Machine,2,75.92,42.15,17.4,63,2,0,3,0,2,1,1,0
ML-04449,ENGINEERING,Track,1,87.55,18.8,10.7,111,2,0,1,1,6,0,0,0
ML-04450,ENGINEERING,Bridge,3,75.33,37.94,11.7,105,1,0,2,1,2,0,1,0
ML-04451,ENGINEERING,Track,4,79.64,40.5,8.4,114,0,0,0,1,6,1,3,1
ML-04452,S&T,Point Machine,4,72.52,50.88,13.2,239,3,1,2,0,4,1,2,0
ML-04453,S&T,Signal,2,71.42,34.87,17.9,110,1,0,2,1,1,0,1,0
ML-04454,TRD,Section Insulator,5,71.5,67.98,20.5,72,4,0,3,0,3,0,1,1
ML-04455,ENGINEERING,Track,4,90.51,29.0,2.4,60,0,0,0,1,3,0,0,0
ML-04456,TRD,OHE,4,69.23,54.89,14.1,232,2,2,1,1,2,1,0,0
ML-04457,TRD,OHE,4,58.84,48.13,11.3,64,4,1,3,0,1,0,1,0
ML-04458,ENGINEERING,Bridge,5,63.79,53.98,12.6,104,0,0,0,0,6,2,2,1
ML-04459,ENGINEERING,Point & Crossing,5,72.14,49.06,7.3,84,2,2,3,1,3,1,2,1
ML-04460,TRD,Transformer,4,70.13,50.64,12.9,212,1,0,5,0,2,1,1,0
ML-04461,S&T,Signal,4,74.64,48.08,5.8,90,0,0,0,1,5,3,2,1
ML-04462,TRD,OHE,3,76.56,41.82,16.2,148,0,0,0,1,1,0,1,0
ML-04463,TRD,Section Insulator,5,60.18,57.89,12.5,87,1,0,3,1,1,1,1,0
ML-04464,S&T,Axle Counter,4,77.55,44.52,7.3,130,0,0,0,1,4,1,1,0
ML-04465,ENGINEERING,Track,3,73.36,49.92,26.9,110,2,2,3,1,1,0,1,0
ML-04466,S&T,Point Machine,1,95.05,14.8,8.2,86,1,0,1,0,1,0,0,0
ML-04467,TRD,Transformer,3,56.35,61.9,19.1,110,0,0,0,0,4,1,2,0
ML-04468,TRD,Transformer,3,59.41,57.03,20.8,215,3,0,3,0,12,9,4,0
ML-04469,S&T,Signal,4,92.24,39.75,9.7,64,3,0,3,1,3,2,1,0
ML-04470,ENGINEERING,Point & Crossing,5,85.72,33.62,7.0,33,2,0,3,0,3,1,1,0
ML-04471,S&T,Point Machine,5,71.19,46.57,10.9,48,1,1,2,1,3,2,1,0
ML-04472,S&T,Axle Counter,4,78.8,47.13,9.3,61,1,0,2,0,3,2,2,0
ML-04473,ENGINEERING,Bridge,1,95.57,22.76,4.8,102,1,0,4,0,3,2,0,0
ML-04474,TRD,Section Insulator,3,58.82,48.64,11.4,179,0,0,0,0,2,1,1,0
ML-04475,ENGINEERING,Bridge,2,77.48,24.18,1.7,63,0,0,0,0,2,0,0,0
ML-04476,TRD,Section Insulator,2,59.75,53.95,10.6,32,1,0,3,1,1,1,1,0
ML-04477,TRD,OHE,5,93.92,36.17,5.5,13,2,0,3,0,3,1,1,0
ML-04478,ENGINEERING,Point & Crossing,3,85.39,38.77,5.3,47,0,0,0,0,5,2,1,0
ML-04479,TRD,Section Insulator,2,72.44,30.15,9.8,34,0,0,0,1,2,0,0,1
ML-04480,S&T,Signal,5,78.17,44.93,10.0,103,3,1,5,1,4,2,2,0
ML-04481,S&T,Point Machine,4,80.14,31.98,7.7,24,2,2,3,1,1,1,0,1
ML-04482,TRD,OHE,2,65.11,38.32,18.6,98,3,0,2,1,3,2,0,0
ML-04483,S&T,Point Machine,3,80.74,32.67,10.5,40,0,0,0,1,4,1,2,1
ML-04484,ENGINEERING,Track,2,81.42,31.97,11.8,65,1,0,5,0,2,2,0,1
ML-04485,TRD,Section Insulator,1,67.47,34.99,16.8,105,2,0,2,0,3,1,0,1
ML-04486,ENGINEERING,Point & Crossing,4,73.64,51.0,15.0,57,3,2,2,1,2,1,1,0
ML-04487,TRD,Transformer,4,69.9,53.66,10.2,251,1,0,3,1,5,1,2,0
ML-04488,S&T,Signal,4,74.25,49.77,7.0,128,2,0,3,1,3,2,2,0
ML-04489,TRD,Section Insulator,5,56.12,76.29,14.5,134,1,1,3,1,5,4,3,1
ML-04490,S&T,Axle Counter,4,89.97,42.45,4.8,86,0,0,0,0,5,3,2,0
ML-04491,TRD,Transformer,2,85.79,36.05,8.1,66,1,0,3,1,1,1,0,0
ML-04492,S&T,Signal,4,75.58,64.48,16.8,26,3,1,3,0,1,1,1,0
ML-04493,ENGINEERING,Point & Crossing,4,74.97,51.12,12.9,170,2,0,2,1,3,1,1,0
ML-04494,ENGINEERING,Bridge,3,47.18,73.28,29.1,87,2,2,3,0,7,5,3,1
ML-04495,TRD,OHE,3,85.26,33.73,13.1,73,0,0,0,0,0,0,0,0
ML-04496,ENGINEERING,Track,3,83.78,31.21,9.0,37,1,1,3,0,3,1,1,1
ML-04497,ENGINEERING,Point & Crossing,3,74.65,49.04,21.6,185,0,0,0,1,6,3,2,0
ML-04498,ENGINEERING,Bridge,4,69.23,45.73,15.4,20,3,2,4,1,4,1,1,0
ML-04499,ENGINEERING,Point & Crossing,4,69.04,47.01,13.7,14,0,0,0,0,2,1,0,0
ML-04500,ENGINEERING,Point & Crossing,3,59.91,39.65,15.1,115,2,2,4,1,6,2,2,0
ML-04501,TRD,Transformer,2,93.73,19.97,10.3,196,1,1,3,0,2,1,2,1
ML-04502,S&T,Axle Counter,4,70.23,49.79,12.8,52,0,0,0,0,1,0,1,1
ML-04503,S&T,Point Machine,2,93.15,19.19,8.6,63,1,0,3,0,5,1,3,0
ML-04504,ENGINEERING,Bridge,5,84.02,41.01,4.7,101,3,2,1,0,4,2,4,0
ML-04505,ENGINEERING,Point & Crossing,3,84.12,36.62,11.1,39,0,0,0,0,3,1,1,0
ML-04506,TRD,OHE,2,72.61,33.2,10.8,125,2,0,3,1,5,0,1,0
ML-04507,S&T,Axle Counter,3,73.06,37.31,10.9,180,1,0,2,0,2,1,0,0
ML-04508,S&T,Signal,2,57.15,42.42,16.0,60,2,1,5,1,7,0,3,0
ML-04509,ENGINEERING,Bridge,5,82.04,53.1,7.7,104,3,1,3,0,4,2,2,0
ML-04510,ENGINEERING,Point & Crossing,5,74.83,50.53,10.5,58,2,1,2,0,3,1,2,0
ML-04511,TRD,Transformer,5,78.57,46.16,6.9,80,4,1,3,1,3,3,0,0
ML-04512,S&T,Axle Counter,2,90.18,22.51,6.4,71,0,0,0,0,0,0,0,0
ML-04513,TRD,OHE,4,45.63,70.03,30.0,46,3,1,3,1,4,3,2,0
ML-04514,ENGINEERING,Track,3,74.89,44.46,13.8,34,1,0,3,0,6,3,2,0
ML-04515,ENGINEERING,Point & Crossing,3,100.0,17.99,6.0,158,0,0,0,1,1,1,0,0
ML-04516,S&T,Signal,4,89.84,32.62,7.6,47,0,0,0,0,3,0,1,0
ML-04517,ENGINEERING,Track,3,60.01,60.76,14.9,40,0,0,0,0,3,1,2,0
ML-04518,S&T,Point Machine,1,71.49,31.99,13.7,26,1,1,3,1,1,0,0,0
ML-04519,TRD,OHE,5,79.98,52.63,11.7,32,4,2,2,1,3,1,1,1
ML-04520,ENGINEERING,Point & Crossing,4,58.29,57.8,18.3,103,1,0,4,0,3,0,1,0
ML-04521,ENGINEERING,Point & Crossing,3,84.11,32.21,12.4,62,0,0,0,0,3,0,1,0
ML-04522,ENGINEERING,Point & Crossing,1,66.63,32.45,16.3,179,1,0,3,1,3,0,0,0
ML-04523,ENGINEERING,Point & Crossing,4,47.97,67.64,18.5,56,4,2,3,1,3,1,2,1
ML-04524,S&T,Signal,1,61.14,48.99,24.5,204,5,0,3,0,4,3,1,0
ML-04525,S&T,Axle Counter,3,87.82,24.03,5.7,129,2,0,4,0,1,1,0,0
ML-04526,ENGINEERING,Bridge,3,84.82,29.2,12.3,52,0,0,0,0,3,1,0,0
ML-04527,ENGINEERING,Bridge,5,77.59,56.94,9.1,142,2,1,3,1,3,1,0,1
ML-04528,ENGINEERING,Bridge,1,79.97,24.68,10.8,83,1,0,1,0,1,1,0,0
ML-04529,TRD,Section Insulator,2,84.55,28.72,5.6,90,2,0,1,0,2,0,2,1
ML-04530,TRD,Transformer,4,79.85,43.36,9.8,99,1,1,3,0,4,1,2,1
ML-04531,ENGINEERING,Point & Crossing,5,61.35,53.19,10.6,121,2,1,4,0,3,3,1,1
ML-04532,ENGINEERING,Bridge,4,83.87,42.85,5.5,40,1,0,3,1,2,1,0,0
ML-04533,S&T,Signal,2,84.42,26.36,10.4,19,1,0,2,1,3,1,1,0
ML-04534,ENGINEERING,Track,3,73.33,41.74,11.2,131,0,0,0,0,1,1,0,0
ML-04535,S&T,Signal,3,45.53,77.63,27.2,64,4,3,5,1,6,5,2,1
ML-04536,ENGINEERING,Track,3,72.94,51.23,26.6,39,3,2,2,0,1,0,1,1
ML-04537,TRD,Section Insulator,3,68.1,53.75,6.4,210,0,0,0,1,3,2,2,0
ML-04538,ENGINEERING,Bridge,3,63.98,54.75,16.3,112,0,0,0,0,6,4,1,0
ML-04539,S&T,Signal,2,88.06,26.04,10.5,51,2,1,3,1,3,1,1,0
ML-04540,TRD,Transformer,4,73.49,38.35,4.7,107,0,0,0,0,1,1,0,0
ML-04541,ENGINEERING,Track,3,65.0,54.54,22.6,56,0,0,0,1,6,3,3,0
ML-04542,ENGINEERING,Point & Crossing,4,60.46,47.94,14.3,84,3,1,4,1,3,2,2,0
ML-04543,TRD,OHE,2,74.9,40.23,11.6,48,0,0,0,0,3,0,1,0
ML-04544,ENGINEERING,Point & Crossing,1,78.83,28.25,15.3,78,0,0,0,1,4,3,0,0
ML-04545,ENGINEERING,Point & Crossing,2,61.64,59.75,23.2,36,0,0,0,1,1,1,0,1
ML-04546,ENGINEERING,Track,5,76.21,51.58,4.0,65,1,0,4,0,4,1,0,0
ML-04547,TRD,Transformer,4,77.6,44.69,13.6,27,1,1,2,1,3,3,1,1
ML-04548,TRD,OHE,1,75.12,33.36,15.4,130,4,0,2,1,3,0,0,0
ML-04549,ENGINEERING,Track,4,68.43,52.5,16.4,210,0,0,0,1,6,4,2,0
ML-04550,S&T,Axle Counter,2,76.41,40.12,22.6,95,0,0,0,0,3,1,1,0
ML-04551,TRD,OHE,4,77.39,41.56,7.1,63,1,1,3,1,0,0,0,0
ML-04552,ENGINEERING,Bridge,5,77.87,53.29,14.1,127,2,1,4,0,6,2,4,1
ML-04553,TRD,Section Insulator,4,62.5,64.72,24.9,118,1,0,2,0,8,4,3,1
ML-04554,TRD,Section Insulator,2,84.18,32.88,8.5,105,0,0,0,0,2,0,0,1
ML-04555,TRD,Section Insulator,4,76.2,50.74,11.0,136,2,0,5,1,4,0,2,0
ML-04556,ENGINEERING,Bridge,3,63.6,56.66,21.1,90,1,1,1,1,3,1,2,0
ML-04557,ENGINEERING,Track,4,79.52,43.93,7.0,75,4,1,1,0,6,2,3,0
ML-04558,ENGINEERING,Point & Crossing,1,93.0,7.1,6.3,225,1,0,2,1,1,1,0,0
ML-04559,ENGINEERING,Bridge,5,64.56,55.98,18.3,48,4,4,3,1,6,3,1,0
ML-04560,S&T,Signal,2,65.79,41.66,15.3,103,2,1,3,0,5,1,0,1
ML-04561,ENGINEERING,Point & Crossing,4,57.88,74.96,19.9,115,0,0,0,1,3,1,1,0
ML-04562,TRD,Transformer,2,81.48,28.68,8.6,171,2,0,3,0,1,0,0,0
ML-04563,ENGINEERING,Bridge,3,81.89,37.53,8.8,95,2,0,3,1,3,1,1,1
ML-04564,TRD,Section Insulator,3,55.31,53.65,22.4,39,1,0,3,0,2,1,1,0
ML-04565,TRD,Section Insulator,4,58.7,73.74,23.3,163,1,1,4,1,6,4,3,0
ML-04566,S&T,Axle Counter,3,78.05,45.4,11.4,124,2,0,3,0,2,1,0,0
ML-04567,S&T,Signal,3,82.94,40.71,16.6,71,2,0,3,0,1,0,0,0
ML-04568,TRD,Section Insulator,5,89.9,49.93,8.3,54,1,0,2,0,2,2,1,0
ML-04569,S&T,Point Machine,3,70.37,44.12,14.5,93,1,1,3,0,6,3,3,0
ML-04570,TRD,Transformer,2,77.36,33.59,12.4,104,0,0,0,0,4,0,2,1
ML-04571,S&T,Point Machine,5,80.36,49.94,10.1,135,1,0,5,0,7,4,3,0
ML-04572,ENGINEERING,Track,4,65.98,58.19,19.2,133,2,0,2,1,5,4,2,0
ML-04573,S&T,Point Machine,5,45.86,87.27,29.8,97,3,1,2,1,6,5,4,0
ML-04574,ENGINEERING,Track,2,76.74,26.72,7.7,26,3,0,2,1,1,0,1,0
ML-04575,TRD,OHE,5,62.48,53.83,5.8,60,2,0,3,1,3,2,1,0
ML-04576,ENGINEERING,Track,4,94.27,24.07,3.9,61,3,1,2,0,4,0,0,0
ML-04577,S&T,Point Machine,2,77.66,30.47,8.0,111,2,0,3,0,6,3,1,0
ML-04578,ENGINEERING,Bridge,2,75.06,40.83,8.4,159,1,0,3,0,2,1,1,1
ML-04579,TRD,Transformer,3,88.5,38.64,12.1,64,1,1,3,1,7,1,0,0
ML-04580,TRD,Transformer,1,78.09,31.14,12.0,222,1,0,3,0,3,1,1,0
ML-04581,ENGINEERING,Point & Crossing,2,80.39,25.61,14.5,49,2,0,3,0,3,2,0,0
ML-04582,ENGINEERING,Bridge,5,63.32,67.77,18.8,95,2,1,1,1,3,2,3,1
ML-04583,ENGINEERING,Track,4,69.92,59.17,14.9,62,2,1,3,0,6,3,4,1
ML-04584,S&T,Axle Counter,4,88.62,33.88,5.5,42,1,0,4,1,2,1,1,1
ML-04585,ENGINEERING,Bridge,5,73.95,60.47,15.6,35,2,0,2,0,1,1,1,0
ML-04586,TRD,Transformer,4,58.93,69.67,17.6,35,1,1,4,0,5,3,1,0
ML-04587,ENGINEERING,Bridge,3,79.38,45.32,14.6,86,2,0,2,0,1,0,1,0
ML-04588,S&T,Axle Counter,4,58.03,55.69,13.3,114,1,0,4,1,4,2,2,1
ML-04589,ENGINEERING,Bridge,5,79.17,56.61,12.4,114,1,0,5,1,3,1,1,0
ML-04590,ENGINEERING,Track,5,52.05,64.71,17.2,159,2,0,2,1,5,2,4,0
ML-04591,TRD,Transformer,3,98.05,31.67,4.9,173,0,0,0,1,1,0,0,0
ML-04592,S&T,Signal,3,57.58,60.56,21.5,61,2,1,4,1,4,2,2,0
ML-04593,TRD,Transformer,3,81.5,46.15,12.7,36,0,0,0,0,2,1,0,0
ML-04594,ENGINEERING,Track,4,84.69,32.86,8.5,92,3,2,3,0,1,1,0,0
ML-04595,ENGINEERING,Track,3,80.71,43.54,15.9,118,4,1,3,1,2,2,2,0
ML-04596,TRD,OHE,4,63.02,59.27,18.5,83,2,0,5,0,5,3,2,0
ML-04597,ENGINEERING,Point & Crossing,1,84.91,18.13,7.5,112,1,0,2,0,0,0,0,0
ML-04598,S&T,Signal,4,69.39,47.27,15.8,147,1,0,2,0,1,1,0,0
ML-04599,TRD,OHE,5,79.39,46.32,3.0,49,0,0,0,0,5,1,2,0
ML-04600,TRD,Transformer,5,71.04,58.43,14.8,40,4,1,2,0,3,3,0,0
ML-04601,S&T,Signal,5,72.75,54.37,8.2,134,5,2,3,1,2,1,2,0
ML-04602,TRD,Transformer,3,78.85,36.91,8.1,176,1,0,2,0,1,0,0,0
ML-04603,ENGINEERING,Track,4,76.2,45.03,8.7,63,1,0,2,1,0,0,0,0
ML-04604,TRD,OHE,4,82.44,40.72,5.0,88,2,0,2,0,1,0,1,0
ML-04605,S&T,Signal,2,72.96,36.67,12.2,137,0,0,0,1,0,0,0,0
ML-04606,TRD,Transformer,3,67.07,51.29,16.5,75,0,0,0,1,3,0,1,0
ML-04607,ENGINEERING,Bridge,2,83.32,31.78,8.7,80,1,1,2,0,4,1,1,0
ML-04608,ENGINEERING,Bridge,2,83.53,32.36,8.8,63,1,0,3,0,4,3,0,1
ML-04609,ENGINEERING,Track,5,58.51,67.97,19.8,36,3,1,3,1,4,2,0,0
ML-04610,S&T,Axle Counter,1,82.46,31.54,11.4,133,0,0,0,0,3,2,0,0
ML-04611,TRD,Section Insulator,3,80.66,35.65,11.5,130,3,1,3,0,2,0,0,0
ML-04612,TRD,Section Insulator,2,81.56,29.79,12.3,96,2,0,2,1,1,1,0,1
ML-04613,S&T,Point Machine,5,51.09,79.37,20.0,23,3,2,3,1,5,3,4,0
ML-04614,ENGINEERING,Bridge,5,88.1,53.94,13.0,130,0,0,0,1,4,2,3,0
ML-04615,S&T,Point Machine,3,84.59,30.17,8.1,159,2,0,3,1,2,1,0,1
ML-04616,ENGINEERING,Track,5,79.31,49.24,12.6,53,1,0,4,1,4,2,0,1
ML-04617,ENGINEERING,Point & Crossing,3,85.17,31.54,8.3,109,1,1,3,0,3,2,1,0
ML-04618,ENGINEERING,Bridge,5,86.92,38.64,2.0,58,0,0,0,1,3,0,0,1
ML-04619,TRD,Transformer,5,92.41,36.69,6.4,16,3,0,3,0,2,0,0,0
ML-04620,S&T,Point Machine,4,74.82,52.25,13.5,63,0,0,0,1,4,2,1,0
ML-04621,S&T,Signal,4,82.24,33.76,4.8,89,0,0,0,1,2,0,0,0
ML-04622,TRD,Transformer,3,87.35,25.37,4.6,66,2,1,2,1,8,3,4,0
ML-04623,ENGINEERING,Bridge,3,86.35,32.96,7.4,27,0,0,0,0,2,0,1,0
ML-04624,TRD,Section Insulator,3,81.51,36.71,8.3,60,2,0,2,1,3,0,1,0
ML-04625,TRD,Transformer,5,78.63,55.86,12.5,152,3,1,3,1,3,1,1,1
ML-04626,ENGINEERING,Bridge,1,80.87,28.77,5.9,48,0,0,0,0,0,0,0,0
ML-04627,TRD,Transformer,2,86.74,30.73,12.2,18,1,0,3,0,3,1,2,0
ML-04628,S&T,Axle Counter,3,74.76,44.0,18.2,72,0,0,0,1,3,1,1,1
ML-04629,TRD,Section Insulator,5,74.28,45.07,14.2,148,2,0,4,0,3,1,2,0
ML-04630,ENGINEERING,Bridge,4,72.51,52.8,15.0,225,2,1,3,1,3,1,1,0
ML-04631,ENGINEERING,Point & Crossing,3,58.35,38.01,11.5,134,3,1,4,1,3,3,1,0
ML-04632,ENGINEERING,Point & Crossing,5,89.37,43.13,3.0,119,1,0,3,1,4,2,2,0
ML-04633,ENGINEERING,Track,2,84.5,27.56,14.2,37,2,0,1,0,3,1,2,0
ML-04634,ENGINEERING,Track,2,79.14,32.88,10.0,105,1,1,3,0,3,0,1,0
ML-04635,ENGINEERING,Point & Crossing,3,74.89,33.05,3.6,197,3,1,3,0,4,3,2,0
ML-04636,ENGINEERING,Point & Crossing,4,87.8,31.95,3.9,162,4,1,3,0,3,0,0,1
ML-04637,S&T,Signal,3,80.83,50.03,16.1,77,0,0,0,0,3,3,0,0
ML-04638,ENGINEERING,Point & Crossing,1,80.26,30.85,15.6,264,1,0,3,0,3,1,1,0
ML-04639,TRD,OHE,5,77.8,51.29,7.9,42,4,1,5,1,4,3,1,1
ML-04640,S&T,Point Machine,3,79.48,36.88,4.1,37,0,0,0,0,3,2,1,0
ML-04641,ENGINEERING,Point & Crossing,2,85.82,33.6,9.0,51,0,0,0,0,4,0,0,0
ML-04642,TRD,Transformer,1,80.04,22.87,6.3,176,1,0,2,0,7,0,0,0
ML-04643,ENGINEERING,Bridge,4,87.85,38.97,9.4,81,2,0,3,1,3,0,0,0
ML-04644,S&T,Signal,5,74.38,41.87,11.6,96,4,1,4,0,2,2,0,0
ML-04645,TRD,OHE,3,81.26,31.2,4.9,16,2,0,4,0,2,2,0,0
ML-04646,S&T,Axle Counter,1,98.24,17.04,10.8,43,0,0,0,0,2,1,0,1
ML-04647,TRD,OHE,5,87.64,43.53,9.8,80,2,0,1,0,3,3,1,0
ML-04648,S&T,Signal,5,97.0,35.29,3.6,32,2,0,3,0,3,1,1,0
ML-04649,ENGINEERING,Bridge,3,69.64,53.27,19.0,28,0,0,0,1,4,1,1,1
ML-04650,TRD,Transformer,3,60.06,57.68,25.5,116,3,0,1,0,9,5,4,0
ML-04651,ENGINEERING,Track,1,67.86,41.8,21.8,136,0,0,0,0,1,1,0,0
ML-04652,ENGINEERING,Bridge,3,87.94,32.58,12.5,41,0,0,0,0,2,2,0,0
ML-04653,ENGINEERING,Track,4,86.97,47.27,7.8,38,0,0,0,0,6,4,1,0
ML-04654,S&T,Axle Counter,3,83.53,48.21,13.6,153,2,0,3,0,3,3,3,0
ML-04655,S&T,Axle Counter,3,76.66,35.52,13.9,65,1,0,5,0,6,3,1,0
ML-04656,TRD,OHE,5,69.75,48.89,3.8,107,1,0,2,0,4,1,1,0
ML-04657,ENGINEERING,Point & Crossing,2,58.74,56.33,23.5,86,2,1,4,1,4,2,2,0
ML-04658,ENGINEERING,Track,5,76.27,43.83,3.5,67,1,0,5,1,3,1,2,0
ML-04659,S&T,Signal,1,70.22,33.4,15.6,81,2,0,5,0,0,0,0,0
ML-04660,TRD,Transformer,2,60.19,46.62,19.3,91,1,1,5,1,2,0,0,0
ML-04661,ENGINEERING,Bridge,3,82.64,30.21,7.3,147,0,0,0,0,4,2,1,0
ML-04662,ENGINEERING,Point & Crossing,4,80.47,45.1,13.0,78,0,0,0,1,4,1,1,0
ML-04663,TRD,Transformer,5,71.98,44.06,10.2,186,0,0,0,0,2,1,0,1
ML-04664,S&T,Axle Counter,3,80.9,33.8,10.0,65,0,0,0,1,1,0,0,0
ML-04665,S&T,Axle Counter,2,80.4,27.84,7.8,105,2,0,2,0,2,1,0,0
ML-04666,TRD,OHE,4,88.86,39.82,6.3,85,2,1,2,1,3,1,2,0
ML-04667,S&T,Point Machine,2,89.09,19.03,7.6,186,2,0,3,1,0,0,0,0
ML-04668,TRD,Transformer,3,87.07,23.84,4.8,45,0,0,0,0,3,0,2,0
ML-04669,S&T,Axle Counter,3,62.75,55.91,18.9,30,2,2,2,1,1,0,0,0
ML-04670,S&T,Signal,3,61.05,47.18,16.7,84,1,0,4,1,4,3,2,0
ML-04671,TRD,Transformer,3,35.75,68.29,23.1,62,3,2,3,1,3,0,2,0
ML-04672,ENGINEERING,Bridge,4,73.26,54.88,12.6,56,0,0,0,0,3,1,1,1
ML-04673,ENGINEERING,Point & Crossing,2,96.33,23.15,7.1,55,0,0,0,0,6,1,1,0
ML-04674,S&T,Signal,4,56.72,62.13,13.6,89,1,0,3,0,4,2,2,1
ML-04675,S&T,Signal,4,67.07,61.26,12.0,58,2,1,3,1,6,4,3,0
ML-04676,ENGINEERING,Point & Crossing,4,66.13,52.66,13.9,75,1,0,3,0,4,2,2,1
ML-04677,TRD,Section Insulator,4,66.32,46.61,12.5,29,1,1,2,1,5,4,3,1
ML-04678,S&T,Point Machine,4,86.96,43.75,12.2,142,1,0,4,1,2,1,1,0
ML-04679,S&T,Point Machine,4,74.35,53.63,11.6,19,0,0,0,1,3,1,3,0
ML-04680,S&T,Signal,4,83.24,34.94,6.9,29,2,2,3,0,5,2,2,1
ML-04681,S&T,Point Machine,4,48.41,62.06,19.0,102,5,3,3,0,3,1,2,1
ML-04682,S&T,Point Machine,4,84.26,40.79,3.4,24,0,0,0,0,2,1,2,1
ML-04683,S&T,Signal,5,74.05,42.62,8.2,20,0,0,0,0,3,2,1,1
ML-04684,S&T,Signal,3,71.98,37.34,8.3,90,1,0,2,1,0,0,0,0
ML-04685,ENGINEERING,Bridge,3,71.47,35.65,9.0,157,2,0,3,0,3,0,1,0
ML-04686,TRD,OHE,3,65.98,54.79,20.9,66,0,0,0,0,2,0,0,0
ML-04687,ENGINEERING,Bridge,3,80.92,31.74,8.3,135,1,0,1,1,3,1,2,0
ML-04688,ENGINEERING,Point & Crossing,4,68.87,49.63,11.1,204,2,0,3,0,4,3,2,1
ML-04689,S&T,Signal,5,56.25,65.05,15.5,31,1,1,4,0,9,4,4,1
ML-04690,ENGINEERING,Bridge,3,70.17,49.42,19.4,40,1,0,2,1,3,1,2,1
ML-04691,ENGINEERING,Track,1,89.0,18.81,4.4,80,1,0,3,0,1,0,0,1
ML-04692,ENGINEERING,Point & Crossing,4,52.24,73.57,24.1,48,2,1,2,1,3,2,1,0
ML-04693,ENGINEERING,Bridge,2,89.71,30.99,12.8,74,0,0,0,0,5,2,1,0
ML-04694,S&T,Signal,2,82.51,31.7,10.3,78,1,0,3,1,2,0,1,0
ML-04695,ENGINEERING,Point & Crossing,4,68.5,48.27,9.3,21,2,0,3,0,4,2,1,0
ML-04696,ENGINEERING,Track,4,61.59,58.25,17.6,32,1,0,3,1,6,2,4,1
ML-04697,ENGINEERING,Track,3,70.2,47.15,16.1,85,2,1,3,1,2,2,0,0
ML-04698,TRD,Transformer,1,84.64,11.05,6.7,51,0,0,0,1,1,0,0,0
ML-04699,TRD,Section Insulator,3,78.97,47.58,10.3,168,2,0,5,1,4,1,1,1
ML-04700,ENGINEERING,Track,4,82.81,28.48,5.4,32,0,0,0,0,3,1,0,0
ML-04701,ENGINEERING,Bridge,5,75.9,60.14,15.3,88,4,1,4,1,2,1,1,0
ML-04702,TRD,Transformer,3,80.38,37.07,15.4,81,0,0,0,1,9,2,1,0
ML-04703,S&T,Point Machine,5,68.43,59.13,18.3,109,2,0,3,1,5,3,3,0
ML-04704,ENGINEERING,Bridge,3,75.17,37.87,8.8,25,3,1,2,0,7,3,1,0
ML-04705,ENGINEERING,Track,4,71.4,56.06,7.9,42,3,1,3,0,3,0,2,0
ML-04706,S&T,Point Machine,3,90.47,32.04,9.8,73,1,1,3,0,3,0,0,0
ML-04707,S&T,Axle Counter,2,93.65,22.09,2.9,46,0,0,0,0,0,0,0,0
ML-04708,ENGINEERING,Point & Crossing,1,84.65,18.25,11.4,96,2,0,1,1,8,4,1,0
ML-04709,S&T,Point Machine,4,61.61,52.35,12.7,46,2,0,2,1,7,2,3,0
ML-04710,TRD,Section Insulator,4,47.99,76.06,27.3,64,3,1,3,1,2,2,2,0
ML-04711,ENGINEERING,Bridge,4,70.41,45.84,11.2,145,3,1,3,1,4,2,1,1
ML-04712,TRD,Section Insulator,4,85.55,41.33,6.8,61,1,0,3,1,1,0,0,0
ML-04713,ENGINEERING,Track,2,76.0,44.89,16.0,86,0,0,0,1,8,3,4,0
ML-04714,S&T,Signal,3,77.22,40.69,17.1,161,0,0,0,0,4,2,0,0
ML-04715,ENGINEERING,Track,3,65.79,42.87,10.6,107,2,1,3,0,5,2,2,0
ML-04716,ENGINEERING,Track,3,82.31,26.57,9.6,127,0,0,0,0,3,1,1,0
ML-04717,S&T,Signal,3,84.74,27.69,11.4,135,1,0,3,0,1,0,0,0
ML-04718,ENGINEERING,Bridge,4,61.51,46.38,11.5,93,3,2,2,0,4,1,1,0
ML-04719,S&T,Axle Counter,4,92.57,29.38,6.7,85,2,0,1,0,3,2,1,0
ML-04720,ENGINEERING,Bridge,5,69.96,56.55,13.4,103,4,2,2,1,1,1,0,1
ML-04721,ENGINEERING,Point & Crossing,5,88.09,42.46,8.4,14,3,0,3,0,3,0,1,0
ML-04722,ENGINEERING,Track,4,57.51,66.01,26.4,54,2,1,2,0,5,4,2,0
ML-04723,ENGINEERING,Point & Crossing,3,77.4,32.81,8.8,81,3,1,2,0,2,1,1,1
ML-04724,ENGINEERING,Track,4,63.36,50.38,16.0,40,3,1,4,1,3,1,1,0
ML-04725,TRD,OHE,3,57.38,57.27,18.6,21,2,1,3,0,1,0,0,0
ML-04726,TRD,OHE,4,67.0,64.16,12.5,136,1,0,3,1,3,2,1,0
ML-04727,ENGINEERING,Bridge,5,67.01,61.33,16.3,191,2,0,1,1,4,2,1,0
ML-04728,TRD,Section Insulator,4,68.16,32.46,5.8,42,0,0,0,0,2,0,1,0
ML-04729,ENGINEERING,Bridge,3,79.27,33.76,9.9,90,0,0,0,1,3,3,0,0
ML-04730,TRD,Section Insulator,3,78.04,44.14,14.5,58,2,0,3,0,4,2,2,0
ML-04731,S&T,Axle Counter,1,87.34,27.13,14.7,72,2,0,4,1,6,4,0,0
ML-04732,TRD,Section Insulator,2,76.8,33.29,14.3,317,1,0,3,0,3,1,0,0
ML-04733,TRD,Transformer,2,86.57,33.7,10.2,92,0,0,0,0,4,0,1,0
ML-04734,S&T,Signal,2,80.96,41.73,17.8,44,3,1,3,0,3,1,1,0
ML-04735,TRD,OHE,3,70.37,34.32,11.6,94,1,0,5,1,2,1,2,1
ML-04736,ENGINEERING,Bridge,2,83.48,34.36,11.5,132,2,0,2,0,4,0,1,1
ML-04737,TRD,Transformer,3,94.13,23.32,8.4,70,0,0,0,0,2,1,1,0
ML-04738,S&T,Signal,5,71.08,57.1,17.5,120,1,0,3,1,2,1,1,0
ML-04739,ENGINEERING,Point & Crossing,3,88.43,18.16,3.5,63,1,0,2,0,2,0,0,0
ML-04740,S&T,Axle Counter,2,80.62,31.69,9.5,102,1,0,5,0,4,0,3,0
ML-04741,S&T,Axle Counter,3,84.07,32.6,12.1,27,0,0,0,0,2,1,1,0
ML-04742,S&T,Point Machine,1,81.44,23.54,10.3,76,0,0,0,0,4,3,1,0
ML-04743,ENGINEERING,Point & Crossing,5,69.55,70.9,18.1,12,1,1,1,1,3,0,1,1
ML-04744,TRD,Section Insulator,2,69.39,39.49,10.6,87,3,0,3,1,3,2,1,0
ML-04745,S&T,Axle Counter,3,94.55,30.44,9.8,88,4,2,3,0,4,0,1,0
ML-04746,S&T,Point Machine,2,67.41,45.74,17.6,81,2,2,2,1,6,2,2,0
ML-04747,TRD,Section Insulator,2,85.34,21.93,10.5,41,2,0,3,1,5,1,1,0
ML-04748,S&T,Axle Counter,3,76.92,37.43,15.4,112,2,0,3,0,2,1,1,0
ML-04749,ENGINEERING,Point & Crossing,3,72.44,43.59,15.2,132,3,0,3,0,2,2,1,1
ML-04750,S&T,Axle Counter,2,80.6,31.24,11.6,129,3,0,3,0,3,1,0,1
ML-04751,TRD,Transformer,3,79.42,30.16,10.5,76,0,0,0,1,3,1,1,0
ML-04752,TRD,Transformer,4,60.78,59.7,19.1,100,5,2,1,0,5,4,2,1
ML-04753,S&T,Axle Counter,5,61.47,57.53,20.0,178,1,0,3,1,1,1,0,1
ML-04754,S&T,Axle Counter,5,80.74,38.7,9.1,84,5,0,3,0,0,0,0,0
ML-04755,ENGINEERING,Bridge,3,79.62,33.63,10.7,108,3,0,1,0,6,4,1,0
ML-04756,TRD,OHE,3,81.21,33.4,13.5,10,2,1,3,0,2,0,0,0
ML-04757,S&T,Signal,4,88.08,35.21,6.1,29,2,0,3,0,1,1,0,0
ML-04758,ENGINEERING,Track,3,42.62,68.88,30.0,41,1,0,3,1,4,1,1,0
ML-04759,TRD,Transformer,4,64.58,66.49,23.5,147,1,0,1,0,7,5,3,1
ML-04760,TRD,OHE,2,77.4,28.39,8.7,73,1,0,3,1,0,0,0,0
ML-04761,TRD,OHE,5,70.19,64.34,21.5,54,2,0,3,0,4,0,1,0
ML-04762,TRD,Section Insulator,4,89.34,36.71,3.8,61,3,0,1,0,2,1,1,0
ML-04763,ENGINEERING,Track,2,50.11,61.73,21.2,170,0,0,0,1,3,1,1,1
ML-04764,TRD,Transformer,3,76.18,44.05,5.6,86,2,1,3,1,4,1,2,0
ML-04765,ENGINEERING,Track,4,77.25,41.21,6.9,64,0,0,0,0,5,3,1,1
ML-04766,ENGINEERING,Bridge,3,71.63,48.82,14.7,57,0,0,0,1,8,4,2,0
ML-04767,TRD,OHE,4,73.06,48.68,9.4,39,3,1,3,0,3,1,0,0
ML-04768,ENGINEERING,Point & Crossing,4,88.11,46.06,10.1,122,2,0,3,0,3,1,1,0
ML-04769,ENGINEERING,Track,2,75.95,21.93,7.5,59,1,1,3,0,0,0,0,1
ML-04770,S&T,Signal,4,85.91,32.0,6.6,60,1,0,4,0,3,1,0,0
ML-04771,S&T,Axle Counter,5,58.5,58.55,12.9,247,2,2,3,1,8,5,3,0
ML-04772,TRD,Transformer,3,66.4,53.77,15.7,34,1,0,3,1,5,1,2,1
ML-04773,ENGINEERING,Track,1,73.75,31.14,14.2,91,3,2,3,0,6,3,2,0
ML-04774,ENGINEERING,Track,3,82.61,33.99,9.0,106,0,0,0,0,2,0,1,0
ML-04775,ENGINEERING,Point & Crossing,5,81.7,50.99,11.6,42,2,1,3,0,7,4,4,0
ML-04776,S&T,Point Machine,3,61.13,47.02,10.6,66,2,1,3,0,3,0,0,0
ML-04777,TRD,OHE,3,90.43,32.58,5.5,6,2,0,3,1,3,2,0,0
ML-04778,ENGINEERING,Point & Crossing,2,81.22,29.69,7.2,98,2,0,3,0,7,1,3,0
ML-04779,ENGINEERING,Point & Crossing,1,70.42,24.69,10.8,68,4,2,3,0,3,2,0,0
ML-04780,S&T,Point Machine,4,72.53,52.4,15.5,69,2,0,2,1,2,2,0,0
ML-04781,ENGINEERING,Track,4,73.08,48.38,9.1,57,1,0,3,0,1,0,0,0
ML-04782,ENGINEERING,Bridge,5,47.42,88.23,27.1,38,1,1,3,1,3,1,1,1
ML-04783,ENGINEERING,Track,2,91.71,17.41,4.4,197,1,0,3,0,4,0,2,0
ML-04784,ENGINEERING,Bridge,5,60.91,64.74,20.3,36,0,0,0,0,6,2,3,0
ML-04785,TRD,Transformer,3,73.66,42.69,16.5,41,1,0,3,1,3,3,1,0
ML-04786,ENGINEERING,Bridge,2,88.37,25.75,6.7,46,2,0,2,0,4,1,0,0
ML-04787,TRD,Transformer,4,75.13,44.14,8.1,24,0,0,0,0,2,1,2,0
ML-04788,ENGINEERING,Track,5,75.46,48.69,6.4,41,1,1,3,1,6,3,3,0
ML-04789,ENGINEERING,Track,4,68.78,53.72,17.1,58,1,0,1,0,1,1,0,1
ML-04790,ENGINEERING,Track,5,69.84,62.68,16.0,169,1,0,3,0,3,2,2,0
ML-04791,S&T,Signal,4,86.5,43.99,9.6,143,2,0,3,1,3,1,1,1
ML-04792,S&T,Signal,2,73.63,24.71,8.1,94,0,0,0,0,3,1,2,1
ML-04793,S&T,Axle Counter,3,81.19,39.01,8.4,158,2,0,3,0,4,2,0,0
ML-04794,S&T,Point Machine,4,37.84,77.54,21.3,115,1,0,4,1,2,2,2,1
ML-04795,TRD,OHE,4,65.1,42.71,14.1,57,2,0,1,1,4,1,2,1
ML-04796,ENGINEERING,Point & Crossing,2,77.08,33.53,7.2,68,0,0,0,1,6,3,1,0
ML-04797,ENGINEERING,Bridge,4,86.69,42.03,4.0,97,2,0,3,1,3,1,1,1
ML-04798,S&T,Axle Counter,1,79.72,34.54,10.2,117,3,0,3,0,3,2,0,0
ML-04799,S&T,Point Machine,4,81.56,39.1,10.9,61,1,0,2,0,4,3,1,0
ML-04800,ENGINEERING,Bridge,4,95.03,34.73,3.3,78,1,1,3,0,1,0,0,0
ML-04801,ENGINEERING,Bridge,5,70.78,53.68,6.6,111,2,1,5,1,2,2,1,0
ML-04802,S&T,Axle Counter,2,54.5,59.79,20.6,78,3,1,3,0,5,4,2,1
ML-04803,ENGINEERING,Point & Crossing,2,92.34,14.69,2.4,94,1,0,4,0,3,0,1,0
ML-04804,S&T,Signal,3,81.28,31.1,9.5,41,2,1,4,1,5,4,0,0
ML-04805,S&T,Point Machine,3,89.01,37.64,15.5,66,1,0,3,0,1,1,0,1
ML-04806,S&T,Point Machine,4,83.5,37.83,6.4,151,0,0,0,0,3,2,0,0
ML-04807,ENGINEERING,Bridge,3,75.49,47.64,16.5,61,0,0,0,0,1,0,0,0
ML-04808,S&T,Axle Counter,4,71.1,58.82,11.5,93,0,0,0,1,0,0,0,0
ML-04809,TRD,Transformer,4,70.35,59.52,16.2,72,1,0,3,0,5,4,1,0
ML-04810,S&T,Axle Counter,5,70.28,61.75,12.0,35,0,0,0,1,5,4,4,1
ML-04811,TRD,Transformer,2,80.08,37.93,10.8,31,1,0,3,0,6,3,3,0
ML-04812,ENGINEERING,Bridge,4,66.66,55.98,13.4,64,2,1,1,1,3,1,1,0
ML-04813,ENGINEERING,Bridge,2,40.95,69.79,29.3,50,0,0,0,1,3,1,1,1
ML-04814,S&T,Axle Counter,1,94.66,18.2,7.4,46,0,0,0,0,3,1,0,0
ML-04815,TRD,Section Insulator,4,88.98,41.56,5.8,99,0,0,0,0,0,0,0,0
ML-04816,TRD,OHE,5,81.53,43.69,5.1,184,3,1,2,0,6,1,3,0
ML-04817,TRD,Transformer,1,64.49,43.71,16.8,100,1,0,3,1,4,2,4,0
ML-04818,S&T,Signal,2,89.67,9.65,11.5,87,1,0,1,0,1,0,0,0
ML-04819,TRD,Section Insulator,5,82.7,43.62,4.3,67,0,0,0,0,4,2,1,0
ML-04820,ENGINEERING,Bridge,1,83.84,23.86,11.9,42,0,0,0,0,4,2,0,0
ML-04821,TRD,Section Insulator,4,78.96,46.11,9.7,296,1,1,3,1,2,1,2,0
ML-04822,ENGINEERING,Point & Crossing,4,88.6,33.51,6.3,166,1,0,2,0,4,2,3,0
ML-04823,TRD,Section Insulator,4,78.33,38.61,9.1,20,0,0,0,0,4,0,0,0
ML-04824,ENGINEERING,Point & Crossing,2,80.28,39.62,17.8,88,1,0,3,0,3,1,1,0
ML-04825,ENGINEERING,Bridge,4,75.02,46.23,13.6,121,3,0,1,0,4,1,3,0
ML-04826,S&T,Axle Counter,2,97.65,24.96,4.1,113,1,0,3,0,3,2,0,0
ML-04827,ENGINEERING,Point & Crossing,3,53.15,67.02,24.4,103,1,1,2,1,4,2,2,0
ML-04828,TRD,OHE,4,64.79,52.14,13.3,70,1,0,3,0,4,2,2,0
ML-04829,ENGINEERING,Bridge,3,63.35,51.64,14.3,167,1,0,3,0,0,0,0,0
ML-04830,TRD,OHE,4,77.96,34.44,4.7,41,2,1,5,0,6,1,1,1
ML-04831,S&T,Axle Counter,2,92.37,20.73,4.7,90,1,0,3,0,4,2,0,0
ML-04832,S&T,Axle Counter,5,81.96,45.73,5.9,72,4,3,2,0,4,2,0,0
ML-04833,TRD,Section Insulator,3,82.94,36.99,10.5,102,2,0,3,0,3,2,1,0
ML-04834,ENGINEERING,Point & Crossing,5,69.42,59.83,9.8,31,1,0,3,1,5,2,1,0
ML-04835,ENGINEERING,Bridge,3,77.06,45.46,14.4,266,1,0,2,0,1,0,0,0
ML-04836,ENGINEERING,Bridge,2,87.05,25.7,4.3,65,1,1,3,1,4,3,2,0
ML-04837,ENGINEERING,Bridge,3,86.62,39.75,10.9,107,2,0,3,0,0,0,0,0
ML-04838,S&T,Point Machine,4,38.16,73.47,29.2,47,3,2,3,1,8,5,3,0
ML-04839,S&T,Signal,1,73.01,35.82,16.6,165,0,0,0,0,4,2,1,0
ML-04840,ENGINEERING,Track,4,75.41,49.95,13.7,56,3,1,3,0,1,0,0,0
ML-04841,TRD,OHE,3,70.72,35.35,6.4,173,0,0,0,0,4,2,1,0
ML-04842,TRD,Transformer,3,88.43,43.39,9.5,76,0,0,0,0,1,1,0,0
ML-04843,TRD,Section Insulator,4,65.18,60.45,15.4,35,3,2,3,1,3,3,1,1
ML-04844,TRD,OHE,4,66.72,46.95,8.8,121,1,0,3,1,5,3,2,1
ML-04845,TRD,Transformer,4,70.52,47.07,10.1,93,2,0,3,1,3,1,1,0
ML-04846,TRD,Transformer,4,71.71,38.69,6.9,93,0,0,0,0,2,1,1,0
ML-04847,S&T,Axle Counter,4,82.82,35.37,4.8,155,0,0,0,0,5,1,3,0
ML-04848,TRD,Transformer,2,91.96,10.74,8.8,23,0,0,0,0,2,0,0,0
ML-04849,ENGINEERING,Track,5,67.86,61.1,12.6,96,0,0,0,1,4,1,3,1
ML-04850,TRD,Transformer,3,84.81,35.24,3.0,110,0,0,0,0,2,1,0,0
ML-04851,ENGINEERING,Track,4,87.5,28.0,7.8,48,2,0,5,0,3,1,0,0
ML-04852,TRD,Section Insulator,2,86.48,36.36,9.7,83,1,0,2,0,1,0,1,0
ML-04853,ENGINEERING,Bridge,2,91.74,24.12,7.2,51,1,1,3,0,2,1,0,0
ML-04854,ENGINEERING,Point & Crossing,2,74.15,33.2,14.2,74,0,0,0,0,2,0,0,0
ML-04855,ENGINEERING,Track,3,75.6,48.54,11.9,67,3,0,3,1,6,1,2,0
ML-04856,ENGINEERING,Track,2,92.31,29.69,13.8,76,0,0,0,0,3,1,1,1
ML-04857,ENGINEERING,Track,4,70.31,61.9,19.3,40,1,0,1,1,3,2,2,1
ML-04858,TRD,Transformer,4,88.97,38.71,6.7,77,4,0,3,0,2,1,1,0
ML-04859,S&T,Signal,1,62.97,41.14,22.6,58,1,0,3,1,2,1,1,1
ML-04860,ENGINEERING,Bridge,4,70.38,43.61,11.1,122,2,0,2,1,3,1,2,0
ML-04861,ENGINEERING,Bridge,3,90.74,28.01,8.7,30,1,1,3,1,2,1,0,0
ML-04862,ENGINEERING,Bridge,1,63.98,37.94,14.9,38,0,0,0,1,2,1,0,0
ML-04863,S&T,Signal,4,61.1,50.93,13.7,81,1,0,2,1,2,2,1,0
ML-04864,ENGINEERING,Bridge,3,81.66,35.87,7.1,71,1,0,3,1,6,3,3,1
ML-04865,ENGINEERING,Track,3,68.93,52.47,22.0,103,2,0,3,0,4,4,0,0
ML-04866,ENGINEERING,Bridge,5,74.83,48.33,3.7,63,1,0,4,0,2,2,1,1
ML-04867,TRD,Section Insulator,2,68.54,37.06,15.0,117,3,2,3,1,5,2,0,1
ML-04868,ENGINEERING,Point & Crossing,2,80.32,41.34,11.3,102,1,0,3,1,2,2,0,0
ML-04869,TRD,OHE,2,64.39,45.65,21.8,40,2,1,3,1,2,1,1,1
ML-04870,ENGINEERING,Track,3,77.56,34.61,15.6,136,1,0,3,1,0,0,0,0
ML-04871,ENGINEERING,Track,4,83.93,40.68,13.2,51,0,0,0,1,1,0,0,0
ML-04872,TRD,Transformer,4,78.74,32.51,9.0,60,0,0,0,0,2,1,1,0
ML-04873,ENGINEERING,Track,1,65.07,47.77,14.1,138,6,2,1,1,3,2,2,0
ML-04874,ENGINEERING,Track,4,72.77,42.68,7.2,128,2,1,3,1,2,1,0,0
ML-04875,ENGINEERING,Point & Crossing,4,89.63,36.81,5.4,45,1,0,3,0,6,4,2,1
ML-04876,S&T,Signal,5,80.47,39.64,6.6,136,1,0,3,1,2,1,0,1
ML-04877,ENGINEERING,Bridge,5,73.07,56.98,11.6,61,1,0,3,1,5,3,3,0
ML-04878,TRD,Section Insulator,4,44.94,76.46,30.0,19,2,1,2,1,9,6,5,1
ML-04879,ENGINEERING,Point & Crossing,4,83.34,25.99,1.2,83,3,0,3,0,4,3,1,0
ML-04880,TRD,Section Insulator,3,82.39,42.39,6.5,85,2,0,3,0,2,1,0,0
ML-04881,ENGINEERING,Track,4,50.31,81.9,27.2,97,0,0,0,1,5,3,4,0
ML-04882,TRD,Transformer,3,94.37,32.51,6.8,73,1,0,3,0,2,2,1,0
ML-04883,S&T,Signal,5,82.41,49.47,5.5,66,1,1,3,1,4,3,2,0
ML-04884,TRD,Transformer,2,52.69,57.1,20.2,75,0,0,0,1,0,0,0,0
ML-04885,ENGINEERING,Track,2,74.74,42.53,16.9,125,1,0,3,0,2,0,1,0
ML-04886,ENGINEERING,Track,3,81.99,33.75,14.9,77,1,0,2,1,2,1,0,0
ML-04887,TRD,Transformer,4,50.44,76.6,21.0,220,1,1,2,0,6,3,2,0
ML-04888,ENGINEERING,Track,3,88.56,32.7,4.9,123,0,0,0,0,3,3,3,0
ML-04889,ENGINEERING,Bridge,4,84.44,38.07,6.7,42,0,0,0,0,3,0,1,0
ML-04890,ENGINEERING,Bridge,2,91.91,20.58,12.5,133,0,0,0,0,4,1,1,0
ML-04891,S&T,Signal,3,85.61,24.54,8.5,71,0,0,0,0,2,0,1,0
ML-04892,ENGINEERING,Bridge,4,78.59,51.56,11.5,61,3,1,3,0,0,0,0,0
ML-04893,S&T,Axle Counter,4,64.63,66.49,17.0,110,2,0,5,1,4,0,2,0
ML-04894,S&T,Signal,2,80.97,29.4,8.4,100,1,0,2,0,2,0,0,0
ML-04895,S&T,Axle Counter,5,64.4,60.5,8.2,82,0,0,0,1,2,2,0,0
ML-04896,S&T,Signal,1,88.66,16.61,10.1,91,0,0,0,0,0,0,0,1
ML-04897,S&T,Point Machine,3,63.13,55.6,20.4,44,2,0,3,1,5,4,0,0
ML-04898,S&T,Signal,3,81.8,28.32,3.3,203,2,0,4,0,3,1,0,1
ML-04899,S&T,Point Machine,2,88.44,21.25,7.7,113,3,0,2,0,4,2,0,0
ML-04900,TRD,Transformer,4,61.7,61.78,21.8,90,1,1,4,0,1,1,0,0
ML-04901,ENGINEERING,Track,2,84.09,37.49,10.4,32,3,1,3,1,5,4,0,0
ML-04902,S&T,Signal,4,73.46,53.67,13.7,58,2,1,1,1,5,3,2,0
ML-04903,ENGINEERING,Bridge,3,73.04,36.13,15.3,131,2,1,3,0,2,0,1,0
ML-04904,S&T,Axle Counter,4,78.08,43.95,6.7,61,0,0,0,1,4,4,0,1
ML-04905,ENGINEERING,Track,4,59.43,52.64,10.8,52,3,1,2,0,3,2,1,0
ML-04906,ENGINEERING,Point & Crossing,3,67.55,49.25,14.9,126,2,1,3,1,1,0,1,0
ML-04907,TRD,OHE,4,85.45,35.97,9.7,63,5,1,3,0,5,2,0,0
ML-04908,ENGINEERING,Track,1,72.21,26.32,5.3,76,0,0,0,0,3,2,0,0
ML-04909,ENGINEERING,Bridge,3,93.39,17.03,5.8,110,1,0,3,0,2,1,0,0
ML-04910,ENGINEERING,Track,2,67.96,36.68,6.5,63,2,1,5,0,4,3,1,0
ML-04911,S&T,Axle Counter,3,80.89,50.27,12.5,43,1,0,3,1,3,2,0,0
ML-04912,TRD,Section Insulator,4,56.92,70.17,19.9,66,1,0,5,0,3,3,2,1
ML-04913,ENGINEERING,Track,3,91.79,17.82,5.1,70,1,0,3,1,1,0,0,0
ML-04914,TRD,Transformer,2,57.89,59.84,28.6,10,1,1,2,0,2,1,1,0
ML-04915,TRD,OHE,5,85.1,45.05,5.8,46,1,1,4,1,6,4,1,0
ML-04916,ENGINEERING,Track,3,75.75,38.94,7.4,114,1,1,3,0,6,4,2,0
ML-04917,ENGINEERING,Point & Crossing,2,80.3,31.44,16.7,59,2,0,3,0,4,3,1,1
ML-04918,ENGINEERING,Track,3,95.36,28.25,8.7,58,0,0,0,0,2,2,0,0
ML-04919,ENGINEERING,Point & Crossing,2,74.11,40.81,13.5,76,1,0,3,0,3,1,1,0
ML-04920,TRD,OHE,4,68.8,55.83,17.1,145,2,1,4,1,1,1,0,0
ML-04921,S&T,Point Machine,4,63.88,52.49,10.6,136,0,0,0,0,2,0,0,1
ML-04922,TRD,OHE,4,53.12,60.39,8.0,85,3,2,3,0,4,3,0,1
ML-04923,S&T,Axle Counter,4,86.65,34.07,3.7,39,3,1,3,1,3,1,0,1
ML-04924,TRD,OHE,1,82.87,22.93,11.7,55,2,1,2,0,1,0,0,0
ML-04925,ENGINEERING,Track,4,66.45,57.82,16.2,72,0,0,0,1,2,1,0,0
ML-04926,ENGINEERING,Bridge,4,80.39,42.82,9.7,15,0,0,0,0,6,3,2,0
ML-04927,S&T,Point Machine,2,81.87,36.71,12.5,165,1,0,2,0,1,0,1,0
ML-04928,S&T,Signal,5,69.74,57.3,9.2,93,0,0,0,1,1,1,1,1
ML-04929,ENGINEERING,Bridge,4,64.4,62.57,17.2,57,2,2,1,1,4,3,4,1
ML-04930,S&T,Axle Counter,3,49.05,65.8,19.2,64,4,2,2,0,5,2,3,0
ML-04931,ENGINEERING,Track,4,60.46,53.51,19.4,149,0,0,0,0,7,2,1,0
ML-04932,ENGINEERING,Track,1,80.95,23.69,5.0,22,1,0,3,0,2,1,1,0
ML-04933,S&T,Axle Counter,1,94.34,2.33,4.0,45,1,0,3,0,2,0,0,0
ML-04934,S&T,Axle Counter,3,80.14,39.36,14.0,13,3,1,3,1,4,1,1,0
ML-04935,TRD,Transformer,5,75.44,52.78,16.7,226,1,0,3,0,2,0,1,1
ML-04936,ENGINEERING,Point & Crossing,3,71.44,56.16,22.7,44,2,0,2,0,2,1,1,0
ML-04937,TRD,OHE,5,70.81,60.51,19.4,44,2,1,4,1,3,2,2,0
ML-04938,S&T,Axle Counter,1,57.0,55.8,30.0,88,0,0,0,1,2,2,0,0
ML-04939,TRD,Transformer,4,79.92,37.4,6.9,191,0,0,0,1,4,1,0,0
ML-04940,TRD,OHE,3,70.56,50.48,14.3,97,0,0,0,1,5,5,2,0
ML-04941,S&T,Axle Counter,5,80.1,60.17,13.4,182,0,0,0,0,6,3,2,0
ML-04942,ENGINEERING,Bridge,3,84.5,33.9,10.9,153,0,0,0,0,0,0,0,0
ML-04943,TRD,Section Insulator,3,87.2,37.98,9.6,91,2,0,3,1,2,1,1,0
ML-04944,S&T,Axle Counter,2,76.45,37.89,10.7,183,1,1,3,1,4,1,2,1
ML-04945,S&T,Point Machine,5,73.48,56.94,13.2,71,0,0,0,0,5,2,1,0
ML-04946,S&T,Signal,4,72.87,45.81,17.1,28,1,1,3,0,4,2,1,0
ML-04947,TRD,Section Insulator,4,79.9,34.38,3.7,25,0,0,0,0,5,4,0,1
ML-04948,ENGINEERING,Bridge,4,42.6,81.21,30.0,44,1,1,2,1,5,0,1,1
ML-04949,TRD,Transformer,3,91.61,28.51,4.2,80,2,2,2,0,3,1,1,0
ML-04950,ENGINEERING,Point & Crossing,4,71.41,41.73,8.6,71,0,0,0,1,1,1,0,0
ML-04951,ENGINEERING,Bridge,1,84.46,18.01,6.6,113,0,0,0,0,1,1,0,0
ML-04952,S&T,Signal,5,58.73,73.09,22.8,163,0,0,0,1,3,2,2,1
ML-04953,ENGINEERING,Point & Crossing,3,45.51,69.57,30.0,103,2,0,3,1,2,2,1,0
ML-04954,TRD,OHE,4,97.25,27.39,3.8,79,1,0,2,0,1,0,0,1
ML-04955,TRD,OHE,5,83.11,51.42,16.0,75,4,1,1,1,4,1,0,0
ML-04956,ENGINEERING,Track,4,63.75,52.41,11.5,203,4,1,3,1,0,0,0,0
ML-04957,ENGINEERING,Point & Crossing,2,80.2,34.96,9.2,161,3,0,5,1,5,1,1,0
ML-04958,ENGINEERING,Point & Crossing,2,71.03,42.24,14.3,15,3,0,3,0,5,1,1,0
ML-04959,ENGINEERING,Point & Crossing,4,61.36,54.75,17.4,147,3,3,3,0,3,2,0,1
ML-04960,ENGINEERING,Bridge,4,82.42,40.29,8.8,19,1,1,3,0,5,3,1,0
ML-04961,ENGINEERING,Bridge,2,62.59,48.26,26.2,87,1,0,3,0,6,2,1,0
ML-04962,TRD,OHE,2,81.02,29.03,7.8,33,1,0,3,0,0,0,0,0
ML-04963,S&T,Signal,3,46.95,70.19,29.0,75,2,1,3,0,3,3,2,0
ML-04964,TRD,OHE,3,61.62,46.17,15.4,66,1,0,2,1,5,2,2,1
ML-04965,TRD,OHE,2,65.22,49.45,16.2,91,2,1,2,1,6,3,2,0
ML-04966,TRD,Transformer,2,75.36,40.96,17.7,25,0,0,0,1,2,1,0,1
ML-04967,TRD,OHE,4,64.61,62.12,19.9,83,0,0,0,1,5,3,3,0
ML-04968,S&T,Axle Counter,4,79.78,41.29,9.4,66,0,0,0,1,2,2,2,0
ML-04969,TRD,Transformer,4,81.0,45.14,7.0,91,0,0,0,0,3,2,1,1
ML-04970,S&T,Point Machine,3,70.19,51.43,10.0,157,0,0,0,0,4,3,3,0
ML-04971,ENGINEERING,Bridge,3,50.18,69.69,26.3,47,2,1,5,0,4,2,4,0
ML-04972,TRD,Section Insulator,2,88.94,34.44,11.2,246,0,0,0,1,1,1,0,0
ML-04973,ENGINEERING,Bridge,5,62.3,65.5,20.4,46,1,1,2,0,2,2,1,0
ML-04974,TRD,Transformer,4,83.74,39.68,8.7,75,2,0,4,1,1,1,0,0
ML-04975,TRD,OHE,4,88.02,36.4,6.9,52,1,0,1,0,2,1,1,0
ML-04976,ENGINEERING,Track,5,70.18,59.32,9.8,150,2,1,3,0,4,3,2,0
ML-04977,S&T,Point Machine,3,72.15,34.86,3.4,34,0,0,0,1,0,0,0,1
ML-04978,ENGINEERING,Track,2,71.16,41.61,14.1,18,1,0,3,0,4,2,1,0
ML-04979,ENGINEERING,Bridge,3,77.81,53.6,14.4,59,1,0,2,1,7,3,3,0
ML-04980,ENGINEERING,Track,4,68.01,56.47,16.2,107,4,1,2,1,0,0,0,0
ML-04981,S&T,Signal,3,69.86,34.28,8.0,81,3,2,3,0,3,2,1,0
ML-04982,ENGINEERING,Point & Crossing,4,59.47,67.08,20.2,184,2,0,1,0,6,4,2,1
ML-04983,TRD,OHE,3,94.07,45.05,14.3,110,2,0,3,1,4,0,3,0
ML-04984,S&T,Axle Counter,3,80.33,29.6,5.0,120,0,0,0,0,3,1,0,1
ML-04985,ENGINEERING,Track,5,70.61,59.52,8.4,73,2,1,3,1,4,1,0,0
ML-04986,S&T,Signal,5,55.62,61.34,18.4,197,0,0,0,0,5,4,4,0
ML-04987,S&T,Point Machine,2,64.96,54.53,18.3,20,1,0,3,0,3,1,0,0
ML-04988,TRD,OHE,5,77.43,48.14,11.9,102,1,1,4,1,2,1,1,0
ML-04989,ENGINEERING,Point & Crossing,3,52.52,57.92,27.7,90,2,1,4,0,7,3,1,0
ML-04990,S&T,Point Machine,3,79.24,51.98,17.1,70,0,0,0,0,1,1,0,1
ML-04991,S&T,Signal,3,64.74,45.09,14.9,63,1,0,1,0,1,0,0,0
ML-04992,ENGINEERING,Track,4,83.92,32.09,8.6,165,0,0,0,0,6,5,1,1
ML-04993,TRD,OHE,5,77.49,49.31,9.3,34,0,0,0,1,3,1,1,0
ML-04994,S&T,Signal,1,94.23,12.89,4.7,61,1,0,3,1,3,3,0,0
ML-04995,ENGINEERING,Bridge,5,80.56,42.64,9.3,60,0,0,0,0,4,1,0,0
ML-04996,S&T,Axle Counter,2,100.0,9.95,6.2,98,0,0,0,0,0,0,0,0
ML-04997,ENGINEERING,Point & Crossing,4,73.92,42.9,5.2,67,1,0,2,1,1,1,1,0
ML-04998,TRD,Section Insulator,3,64.36,48.79,20.2,53,0,0,0,0,4,1,1,0
ML-04999,ENGINEERING,Bridge,3,70.69,49.14,2.1,127,4,2,1,0,8,5,2,0
ML-05000,ENGINEERING,Track,4,99.81,23.25,2.1,76,0,0,0,0,3,1,1,0
